Customer ID,Full Name,Phone Number,Email ID,Age,Gender,City,Occupation,Employment Type,Annual Income,Existing Products Count,Has Credit Card,Has Personal Loan,Has Car Loan,Has Home Loan,Credit Score,Existing Outstanding Debt,Monthly EMI Outstanding,Requested Loan Type,Requested Amount,Missed Payments (12M),Credit Utilization (%),Years with Bank,Marital Status,Number of Dependents,Residence Type,Employment Tenure (Years),Co-Applicant Income,Existing Loans (Other Banks),Previous Default History,Requested Tenure (Months),Collateral Value,Application Date,KYC Status
CUST00001,Rajesh Kumar,,rajesh.kumar760@outlook.com,36,Male,Chennai,Salaried - Government,Salaried,664647,2,N,Y,Y,N,327,223817.91,3926.63,Home Loan,3349189,0,31.4,13.1,Single,0,Owned,4.4,722621,0,N,240,4561172,01-07-2026,Verified
CUST00002,Aditya Yadav,,aditya.yadav550@gmail.com,45,Male,Coimbatore,Salaried - It/Tech,Salaried,1816807,1,N,N,Y,N,596,1073974,41306.71,Credit Card,219295,0,65.4,5.6,Married,0,Owned,22.5,0,1,N,18,0,,Verified
CUST00003,Vikram Khanna,,vikram.khanna705@rediffmail.com,35,Female,Delhi,Self Employed - Professional,Self-Employed,434638,1,N,N,Y,N,880,228541.6,7141.93,Personal Loan,737277,1,89,9.7,Married,0,Rented,7.7,0,0,N,36,0,16-12-2025,Pending
CUST00004,Krishna Desai,9629908599,krishna.desai94@gmail.com,28,Male,Kolkata,Salaried - Education,Salaried,566454,1,Y,N,N,N,866,292555,24379.6,Credit Card,,4,76.3,11.6,Married,1,Owned,0.3,0,1,Y,18,0,12-05-2026,Verified
CUST00005,Usha Mishra,9420452650,usha.mishra862@rediffmail.com,59,Male,Chennai,Salaried - Healthcare,Salaried,977585,2,Y,N,N,Y,631,286592,15083.8,Car Loan,944903,0,27.9,8.6,Married,2,Rented,29.3,0,0,N,72,1023354,23-05-2026,Verified
CUST00006,Saanvi Reddy,,,40,Female,Kanpur,Business Owner,Self-Employed,1458933,4,Y,Y,Y,Y,867,,13121.16,Credit Card,57220,2,10.6,1.2,Married,1,Rented,5.5,0,0,N,36,0,28-12-2025,Verified
CUST00007,Preeti Malhotra,9304451095,preeti.malhotra97@gmail.com,63,Female,Kanpur,Salaried - Education,Salaried,2024287,1,Y,N,N,N,400,73618,1269.28,Car Loan,,0,23.1,6.8,Married,1,Owned,27.7,0,2,N,24,624628,29-05-2026,Verified
CUST00008,Sai Khanna,9909134796,sai.khanna870@yahoo.com,31,Female,Chandigarh,Business Owner,Self-Employed,1196521,2,N,N,Y,Y,699,190393,4643.72,Car Loan,1187110,2,74.4,11.8,Single,1,Owned,2.4,701803,0,N,24,1385162,10-05-2026,Verified
CUST00009,Divya Patel,9161073976,divya.patel984@rediffmail.com,26,Male,Bengaluru,Salaried - Government,Salaried,1286516,1,Y,N,N,N,340,478106.53,12581.75,Car Loan,846865,0,73,3.7,Married,2,Owned,1.8,0,0,N,72,1057920,02-10-2025,Verified
CUST00010,Sneha Nair,9242224154,,25,Male,Kanpur,Salaried - It/Tech,Salaried,961638,1,Y,N,N,N,841,4513.8,96.04,Car Loan,517236,5,17.8,1.9,Married,2,Owned,2.5,0,0,N,48,595381,01-01-2026,Verified
CUST00011,Rekha Verma,9199104722,rekha.verma650@hotmail.com,38,Female,Mumbai,Salaried - Healthcare,Salaried,1458933,1,N,Y,N,N,737,285623.98,15032.84,Credit Card,,2,19.2,0.7,Married,2,Owned,1,0,3,Y,12,0,25-02-2026,Verified
CUST00012,Rahul Pandey,,rahul.pandey363@rediffmail.com,47,Female,Ahmedabad,Self Employed - Business,Self-Employed,1458933,1,N,Y,N,N,721,501851.51,8505.96,Personal Loan,329766,0,71.6,5.9,Married,1,Owned,23.9,765402,2,N,24,0,18-03-2026,Verified
CUST00013,Usha Gupta,9930353157,usha.gupta286@outlook.com,62,Female,Coimbatore,Salaried - Healthcare,Salaried,415765,2,Y,N,Y,N,571,9543.6,190.87,Home Loan,4399833,2,34.8,9.2,Married,1,Rented,7.9,0,0,Y,360,5815322,04-08-2026,Verified
CUST00014,Saanvi Gupta,9813219781,saanvi.gupta943@outlook.com,60,Female,Hyderabad,Salaried - It/Tech,Salaried,2427025,1,Y,N,N,N,430,,5173.34,Home Loan,7181754,2,21.5,8.6,Married,3,Owned,6.5,0,1,N,300,9052888,13-12-2025,Verified
CUST00015,Kiran Sethi,9954725078,kiran.sethi754@yahoo.com,63,Male,Surat,Freelancer,Self-Employed,1458933,2,Y,N,Y,N,503,150821,10772.93,Personal Loan,548216,1,78,6.9,Single,2,Rented,11.7,0,0,N,12,0,31-03-2026,Verified
CUST00016,Preeti Tiwari,9656152900,preeti.tiwari476@gmail.com,56,Male,Hyderabad,Business Owner,Self-Employed,859264,0,N,N,N,N,753,52643.01,907.64,Home Loan,,0,20.1,13,Married,2,Rented,8.5,0,0,N,300,7128348,19-01-2026,Verified
CUST00017,Diya Mehta,9679984033,diya.mehta83@yahoo.com,30,Male,Nagpur,Self Employed - Business,Self-Employed,1197383,1,Y,N,N,N,511,598374,16621.5,Credit Card,,4,59.7,7.3,Single,1,Owned,8.1,0,0,N,18,0,02-05-2026,Verified
CUST00018,Saanvi Joshi,9131165166,saanvi.joshi399@outlook.com,63,Female,Kolkata,Business Owner,Self-Employed,1458933,0,N,N,N,N,607,7012,179.8,Personal Loan,958959,1,9.8,5.8,Married,1,Rented,11.6,0,2,N,12,0,23-04-2026,Verified
CUST00019,Shreya Verma,9475767056,shreya.verma230@gmail.com,62,Male,Mumbai,Self Employed - Professional,Self-Employed,1136179,1,N,N,Y,N,417,384462.24,15378.49,Home Loan,7367537,0,40,9.2,Divorced,2,Rented,5.2,584014,2,N,300,9203259,05-12-2025,Verified
CUST00020,Deepak Saxena,9773496394,deepak.saxena249@gmail.com,65,Female,Hyderabad,Salaried - Private,Salaried,1756278,2,Y,N,Y,N,312,,20819.87,Credit Card,247291,6,65.4,12.5,Single,1,Rented,29,756149,0,N,36,0,,Verified
CUST00021,Rekha Rao,9991990632,rekha.rao958@gmail.com,38,Female,Ahmedabad,Business Owner,Self-Employed,1889596,1,Y,N,N,N,663,904548,27410.56,Car Loan,,1,54.1,3,Married,1,Rented,4.3,0,1,N,24,939712,,Verified
CUST00022,Rahul Iyer,9812921644,rahul.iyer596@outlook.com,43,Female,Indore,Freelancer,Self-Employed,1687439,1,Y,N,N,N,497,319480.74,5414.93,Personal Loan,250845,0,51,10.9,Divorced,2,Owned,3.3,320612,0,N,60,0,29-10-2025,Verified
CUST00023,Vihaan Bhatt,9413679331,vihaan.bhatt715@yahoo.com,61,Female,Hyderabad,Salaried - Private,Salaried,1492605,3,Y,N,Y,Y,607,102172,6385.76,Home Loan,5625069,0,64.8,1,Married,2,Owned,29.8,723333,1,N,180,7559662,08-03-2026,Verified
CUST00024,Tanya Iyer,9731924051,tanya.iyer440@outlook.com,57,Male,Hyderabad,Self Employed - Professional,Self-Employed,1185103,3,Y,Y,Y,N,460,1902.6,47.56,Home Loan,3943260,0,32.4,4.4,Single,0,Owned,8.2,0,1,N,180,4953857,31-05-2026,Verified
CUST00025,Ishaan Khanna,,ishaan.khanna847@yahoo.com,25,Female,Kolkata,Salaried - It/Tech,Salaried,1510520,1,Y,N,N,N,578,,10548.46,Home Loan,2174795,1,89.5,11.1,Single,0,Owned,2.8,0,1,N,240,2814319,23-11-2025,Verified
CUST00026,Suresh Kapoor,9398668350,suresh.kapoor186@rediffmail.com,48,Female,Bengaluru,Business Owner,Self-Employed,1759454,3,Y,N,Y,Y,721,,24409.74,Home Loan,,1,48.2,4.9,Married,4,Owned,14,0,1,N,300,9168240,18-05-2026,Verified
CUST00027,Anil Joshi,9771527524,anil.joshi453@gmail.com,34,Female,Coimbatore,Self Employed - Business,Self-Employed,1508081,2,Y,N,Y,N,545,642246,20717.61,Credit Card,309538,0,26.3,12.7,Married,3,Rented,2.3,0,0,N,36,0,30-04-2026,Pending
CUST00028,Rahul Kapoor,9691916368,,33,Male,Bengaluru,Salaried - It/Tech,Salaried,2040394,2,Y,N,N,Y,605,1025268.51,20923.85,Home Loan,,0,51,5.1,Single,1,Company Provided,10.5,0,0,N,300,3188454,25-04-2026,Verified
CUST00029,Preeti Chopra,9514548900,preeti.chopra680@yahoo.com,52,Male,Chennai,Freelancer,Self-Employed,1458933,0,N,N,N,N,767,2597.56,123.69,Home Loan,6992703,6,12.1,11.8,Married,2,Owned,2.7,655768,0,Y,300,9566687,13-09-2025,Verified
CUST00030,Rahul Mishra,,rahul.mishra944@outlook.com,35,Male,Indore,Salaried - Government,Salaried,721557,2,Y,N,N,Y,357,,3628.83,Home Loan,2721127,0,44.1,10.3,Married,0,Rented,5.5,0,0,N,180,3443008,03-01-2026,Verified
CUST00031,Mahesh Sharma,9963968184,,64,Male,Bengaluru,Business Owner,Self-Employed,1749407,1,N,Y,N,N,767,887268.36,36969.51,Home Loan,,0,41.2,5.5,Married,2,Owned,25,0,0,N,120,7650724,07-05-2026,Verified
CUST00032,Lata Iyer,9932945529,lata.iyer819@yahoo.com,59,Female,Ahmedabad,Self Employed - Professional,Self-Employed,1351204,0,N,N,N,N,399,122068,2303.17,Credit Card,181969,3,8.2,5.6,Married,3,Owned,12.6,739885,2,N,24,0,,Verified
CUST00033,Geeta Joshi,9965960427,geeta.joshi303@outlook.com,28,Female,Bengaluru,Self Employed - Business,Self-Employed,1246296,0,N,N,N,N,870,45586.4,1232.06,Credit Card,158652,1,48.2,10.2,Single,2,Rented,6.6,325366,0,Y,24,0,04-07-2026,Verified
CUST00034,Arjun Mishra,,arjun.mishra476@outlook.com,62,Female,Hyderabad,Self Employed - Business,Self-Employed,490198,1,N,N,N,Y,850,39901,973.2,Car Loan,1432865,0,75.5,2.5,Married,0,Rented,12.4,0,0,N,60,1631946,24-12-2025,Verified
CUST00035,Reyansh Pandey,,,24,Female,Jaipur,Self Employed - Professional,Self-Employed,812374,1,N,N,Y,N,321,24653.2,747.07,Personal Loan,182040,3,24.5,12.5,Married,2,Rented,0.9,0,1,N,36,0,08-11-2025,Pending
CUST00036,Shreya Nair,9957397689,shreya.nair179@gmail.com,63,Female,Chennai,Salaried - Private,Salaried,1802577,2,N,Y,N,Y,353,,3607.77,Credit Card,,0,47.6,5.6,Married,1,Owned,18.6,0,2,N,24,0,17-04-2026,Verified
CUST00037,Vivaan Verma,9614302907,vivaan.verma868@hotmail.com,48,Male,Chandigarh,Business Owner,Self-Employed,608242,2,N,N,Y,Y,899,200120,6253.75,Home Loan,,1,48.1,9.2,Married,2,Rented,17.7,0,1,N,300,8933633,,Verified
CUST00038,Neha Chopra,9546665485,neha.chopra748@gmail.com,41,Female,Lucknow,Salaried - It/Tech,Salaried,1869932,1,N,N,N,Y,387,104600,5811.13,Car Loan,572871,1,60.7,8.5,Married,0,Owned,13.4,0,2,N,48,670306,22-02-2026,Verified
CUST00039,Sneha Reddy,9266140258,,35,Male,Kanpur,Freelancer,Self-Employed,1841662,3,Y,Y,Y,N,874,,21115.12,Credit Card,339288,5,83.8,4.2,Married,2,Owned,5,802397,1,N,18,0,,Pending
CUST00040,Sai Yadav,9669601448,sai.yadav221@hotmail.com,47,Male,Lucknow,Self Employed - Business,Self-Employed,1852115,1,Y,N,N,N,353,172891,2881.52,Credit Card,373353,0,47.1,6.5,Single,1,Owned,13.5,233167,1,N,24,0,18-09-2025,Verified
CUST00041,Simran Verma,,simran.verma210@outlook.com,34,Male,Jaipur,Salaried - It/Tech,Salaried,1458933,2,Y,N,N,Y,845,,16084.43,Car Loan,,0,75.5,6.7,Married,0,Owned,5.8,0,1,N,60,475593,08-02-2026,Verified
CUST00042,Swati Kapoor,,swati.kapoor707@outlook.com,26,Female,Hyderabad,Self Employed - Professional,Self-Employed,2127359,0,N,N,N,N,647,47136,2142.56,Credit Card,287640,1,55.4,3.1,Single,1,Company Provided,3.3,227103,0,N,18,0,27-07-2026,Verified
CUST00043,Sunil Mishra,9630554118,,58,Female,Lucknow,Salaried - Healthcare,Salaried,933161,1,Y,N,N,N,357,,12315.7,Car Loan,1268344,1,10.4,12.5,Married,3,Rented,18.6,0,0,N,84,1559017,13-04-2026,Verified
CUST00044,Nisha Mishra,9302120588,nisha.mishra330@rediffmail.com,51,Male,Delhi,Business Owner,Self-Employed,734118,1,N,N,N,Y,476,,302.47,Home Loan,5186137,1,62.9,5.6,Single,1,Rented,20.5,623165,0,N,360,6843600,18-01-2026,Verified
CUST00045,Rekha Pandey,9747145068,rekha.pandey895@yahoo.com,42,Male,Chennai,Salaried - Healthcare,Salaried,1601206,0,N,N,N,N,386,49570.44,1376.96,Car Loan,568002,2,83.8,11.1,Single,2,Rented,9.1,0,0,N,36,635223,01-05-2026,Verified
CUST00046,Krishna Singh,9182855381,,53,Male,Lucknow,Self Employed - Business,Self-Employed,1880077,2,Y,Y,N,N,469,813527.74,58109.12,Home Loan,,2,27.6,6.8,Married,2,Owned,16.2,756468,0,N,240,6011944,14-06-2026,Pending
CUST00047,Neha Chauhan,,neha.chauhan797@hotmail.com,53,Female,Kolkata,Self Employed - Professional,Self-Employed,880485,1,N,Y,N,N,405,375827,8351.71,Credit Card,,0,20.2,6.8,Married,3,Owned,27.3,0,2,Y,36,0,22-09-2025,Verified
CUST00048,Kavya Rao,9514642708,kavya.rao84@outlook.com,35,Male,Lucknow,Salaried - Government,Salaried,1706309,1,N,Y,N,N,442,776890,18497.39,Home Loan,,0,12.5,4,Single,2,Rented,7.5,366076,0,N,300,8725363,10-07-2026,Verified
CUST00049,Ayaan Saxena,9636687537,ayaan.saxena612@rediffmail.com,22,Male,Chennai,Salaried - It/Tech,Salaried,1458933,1,Y,N,N,N,387,659703,18848.66,Credit Card,295806,1,79.7,7.7,Married,3,Owned,0.6,0,1,N,12,0,18-02-2026,Verified
CUST00050,Mahesh Mishra,,mahesh.mishra791@rediffmail.com,42,Male,Delhi,Salaried - Healthcare,Salaried,1719970,1,N,Y,N,N,790,,32597,Credit Card,,3,48.5,4.5,Married,0,Owned,19.6,0,3,N,24,0,13-09-2025,Verified
CUST00051,Aryan Iyer,9483298103,aryan.iyer883@gmail.com,62,Female,Jaipur,Salaried - Government,Salaried,1843584,1,Y,N,N,N,647,,25048.48,Home Loan,4581529,5,54.3,12.1,Single,0,Rented,24.7,0,0,N,240,5619813,30-06-2026,Verified
CUST00052,Rohan Tiwari,9576642996,rohan.tiwari360@hotmail.com,23,Female,Indore,Salaried - It/Tech,Salaried,540577,1,Y,N,N,N,463,,14715.89,Home Loan,,0,27.4,9.7,Married,3,Owned,0.6,0,0,N,120,2317806,24-05-2026,Verified
CUST00053,Ananya Mishra,9399240862,ananya.mishra256@gmail.com,43,Male,Chandigarh,Freelancer,Self-Employed,1923142,1,N,Y,N,N,519,1149690.96,38323.03,Home Loan,,0,86,6.9,Single,1,Owned,0.8,0,0,N,120,4093240,21-01-2026,Verified
CUST00054,Rekha Patel,,rekha.patel727@yahoo.com,44,Male,Hyderabad,Self Employed - Professional,Self-Employed,882491,1,Y,N,N,N,778,425535,9053.93,Personal Loan,691674,4,11.2,6.1,Single,1,Owned,9.6,0,0,N,12,0,13-04-2026,Verified
CUST00055,Divya Shah,9237798236,divya.shah900@rediffmail.com,61,Male,Chennai,Salaried - Education,Salaried,2409163,3,N,Y,Y,Y,468,234122.88,4107.42,Personal Loan,412831,5,54.3,4.4,Married,0,Company Provided,8.5,0,1,N,24,0,25-06-2026,Pending
CUST00056,Ishaan Patel,,ishaan.patel640@rediffmail.com,42,Male,Mumbai,Salaried - Government,Salaried,490680,0,N,N,N,N,885,20441,393.1,Credit Card,281115,4,56.8,9.7,Married,0,Rented,8.7,0,1,N,36,0,30-04-2026,Verified
CUST00057,Diya Bansal,9254263081,diya.bansal321@outlook.com,43,Female,Chennai,Salaried - Healthcare,Salaried,2459983,0,N,N,N,N,553,34655.66,2310.38,Car Loan,1105620,4,44.7,14.4,Single,3,Company Provided,15.9,269507,3,N,48,1270882,,Pending
CUST00058,Sneha Kapoor,,sneha.kapoor221@rediffmail.com,43,Male,Delhi,Salaried - It/Tech,Salaried,1458933,0,N,N,N,N,308,201265.79,5160.66,Personal Loan,975321,0,39.7,6.2,Married,0,Rented,8.2,439762,0,N,60,0,,Verified
CUST00059,Krishna Kumar,9522950895,krishna.kumar383@outlook.com,56,Female,Chennai,Self Employed - Professional,Self-Employed,2435414,3,Y,Y,Y,N,785,758874,36136.86,Personal Loan,393897,5,35.3,6,Single,3,Rented,15.4,0,0,N,48,0,03-09-2025,Verified
CUST00060,Ramesh Kumar,9547256709,,65,Male,Chandigarh,Salaried - It/Tech,Salaried,1458933,1,N,N,Y,N,689,,2022.19,Personal Loan,83104,1,71.5,3,Married,1,Owned,6.4,0,1,N,12,0,22-08-2026,Verified
CUST00061,Dhruv Bhatt,9449019278,dhruv.bhatt679@hotmail.com,54,Female,Lucknow,Self Employed - Business,Self-Employed,2227968,0,N,N,N,N,570,135923,5663.46,Personal Loan,,1,26.4,14.6,Married,1,Owned,21.2,411602,3,N,36,0,20-01-2026,Verified
CUST00062,Ramesh Bhatt,9507693523,ramesh.bhatt918@hotmail.com,43,Female,Surat,Salaried - Private,Salaried,1458933,1,N,Y,N,N,790,193411,4204.59,Car Loan,1478637,2,18,9.3,Married,0,Rented,11.8,0,0,N,84,1692272,09-08-2026,Verified
CUST00063,Aarav Bhatt,9269587940,aarav.bhatt417@hotmail.com,51,Male,Surat,Salaried - Healthcare,Salaried,1497118,1,N,N,Y,N,847,663541,47395.75,Personal Loan,488184,4,21.7,13.8,Divorced,1,Rented,28.1,0,2,N,12,0,25-01-2026,Verified
CUST00064,Reyansh Khanna,,reyansh.khanna292@hotmail.com,62,Female,Chennai,Freelancer,Self-Employed,1458933,1,Y,N,N,N,563,975722,81310.14,Car Loan,918710,1,76.9,2.8,Single,3,Rented,15.6,651942,0,N,48,1136596,29-08-2025,Verified
CUST00065,Rahul Kapoor,9909340042,rahul.kapoor274@outlook.com,40,Male,Jaipur,Salaried - Healthcare,Salaried,1458933,2,Y,Y,N,N,814,715107,12545.73,Car Loan,546238,1,94.4,5.6,Married,4,Rented,8.8,0,0,N,60,656289,01-08-2026,Verified
CUST00066,Anil Rao,,anil.rao773@rediffmail.com,26,Female,Kochi,Salaried - Healthcare,Salaried,627586,1,N,Y,N,N,507,,10269.13,Personal Loan,394056,4,47,10.3,Single,1,Rented,2.4,248958,0,N,60,0,19-04-2026,Verified
CUST00067,Manish Yadav,9123375849,manish.yadav406@outlook.com,21,Male,Bengaluru,Salaried - Private,Salaried,1458933,2,Y,Y,N,N,370,,29261.72,Credit Card,,0,78.1,11.5,Divorced,2,Owned,0.3,0,0,N,36,0,06-03-2026,Verified
CUST00068,Mahesh Bhatia,9679069250,mahesh.bhatia137@outlook.com,28,Male,Coimbatore,Salaried - Education,Salaried,1458933,3,N,Y,Y,Y,605,231724,3995.24,Home Loan,5962182,0,26.8,7,Married,0,Rented,5.4,645148,1,Y,120,7215233,29-09-2025,Verified
CUST00069,Aditya Kapoor,,aditya.kapoor689@gmail.com,36,Male,Nagpur,Business Owner,Self-Employed,1458933,2,Y,N,N,Y,596,,3107.62,Car Loan,972483,0,88.2,14.8,Married,1,Owned,8.5,0,1,N,84,1104196,06-05-2026,Verified
CUST00070,Isha Mishra,9820848547,isha.mishra391@rediffmail.com,41,Female,Indore,Self Employed - Business,Self-Employed,1557823,1,Y,N,N,N,607,801538.48,38168.5,Home Loan,1983384,1,96.9,8.4,Married,0,Owned,13,0,2,N,180,2306446,07-03-2026,Verified
CUST00071,Simran Verma,9178151583,simran.verma193@rediffmail.com,63,Male,Chandigarh,Self Employed - Professional,Self-Employed,1696553,2,Y,N,Y,N,420,760272,12671.2,Home Loan,3535019,2,71.9,6.1,Married,1,Owned,14.1,0,0,N,300,4477105,23-04-2026,Verified
CUST00072,Ananya Khanna,9318106480,ananya.khanna380@outlook.com,47,Male,Ahmedabad,Self Employed - Business,Self-Employed,368031,1,Y,N,N,N,456,43323,1666.26,Home Loan,6279740,3,52.4,9.9,Single,1,Rented,25.1,0,0,N,240,7487437,01-06-2026,Verified
CUST00073,Seema Sethi,9682115008,seema.sethi658@gmail.com,54,Male,Bengaluru,Salaried - Private,Salaried,326775,2,Y,N,Y,N,309,42883,1045.93,Car Loan,426773,1,68.3,9.3,Married,1,Owned,16.7,547063,0,Y,24,490978,18-08-2026,Verified
CUST00074,Preeti Khanna,,preeti.khanna110@gmail.com,54,Male,Ahmedabad,Self Employed - Professional,Self-Employed,1358718,1,N,Y,N,N,715,374189,13858.86,Personal Loan,,2,85.5,9.9,Single,2,Owned,11.6,0,0,N,24,0,07-10-2025,Verified
CUST00075,Saanvi Mishra,9942217648,saanvi.mishra340@rediffmail.com,27,Male,Ahmedabad,Self Employed - Professional,Self-Employed,2294392,1,Y,N,N,N,856,775748,55410.54,Personal Loan,941737,0,96.3,8.9,Single,2,Owned,0.7,330354,2,N,60,0,11-02-2026,Verified
CUST00076,Vinod Singh,9948790854,vinod.singh706@gmail.com,53,Female,Delhi,Salaried - Government,Salaried,1458933,2,Y,Y,N,N,706,1240188,38755.87,Credit Card,352463,0,99.3,7.5,Married,3,Owned,20.5,0,0,N,18,0,26-08-2026,Verified
CUST00077,Vikram Singh,9508021882,vikram.singh729@yahoo.com,45,Female,Kanpur,Salaried - Government,Salaried,683864,1,Y,N,N,N,435,,918.45,Home Loan,,1,43.8,0.6,Married,0,Rented,8,0,0,N,120,8216672,08-06-2026,Verified
CUST00078,Rahul Agarwal,9659531734,rahul.agarwal174@hotmail.com,43,Male,Jaipur,Salaried - It/Tech,Salaried,1425779,2,Y,Y,N,N,795,,19129.88,Car Loan,817136,2,52.1,9.3,Married,0,Owned,4.1,0,0,N,60,912698,25-07-2026,Pending
CUST00079,Krishna Iyer,9444311586,krishna.iyer618@yahoo.com,51,Female,Kolkata,Salaried - Education,Salaried,1638560,1,Y,N,N,N,548,320390.49,11047.95,Home Loan,4561972,0,58.6,9,Married,2,Rented,28.6,0,1,N,240,6194339,30-09-2025,Verified
CUST00080,Kiran Rathi,9539312437,kiran.rathi690@hotmail.com,29,Male,Ahmedabad,Salaried - It/Tech,Salaried,946523,1,N,N,Y,N,790,330664.41,7188.36,Home Loan,6060426,0,97,10.6,Single,2,Company Provided,1.1,648520,0,N,360,8459761,07-08-2026,Verified
CUST00081,Anil Mehta,9954946593,anil.mehta441@gmail.com,43,Male,Jaipur,Self Employed - Professional,Self-Employed,2441931,0,N,N,N,N,683,95512.27,1736.59,Personal Loan,411724,10,50.9,4.6,Single,0,Rented,0.3,0,0,N,24,0,19-05-2026,Verified
CUST00082,Pooja Kumar,9570477095,pooja.kumar740@hotmail.com,41,Male,Surat,Salaried - Private,Salaried,782702,2,Y,N,Y,N,549,,5155.78,Personal Loan,397067,1,96.1,3.6,Married,0,Rented,8.8,610580,0,N,48,0,28-08-2025,Verified
CUST00083,Dhruv Nair,9907803348,dhruv.nair721@gmail.com,57,Male,Coimbatore,Self Employed - Business,Self-Employed,1458933,1,Y,N,N,N,840,1063038,33219.92,Home Loan,6628026,0,15.9,5.4,Married,0,Rented,24.1,0,1,N,240,7817527,29-01-2026,Verified
CUST00084,Kavya Tiwari,9251782582,kavya.tiwari524@hotmail.com,47,Female,Nagpur,Salaried - Education,Salaried,1079107,1,Y,N,N,N,477,359286.03,8355.49,Car Loan,,0,85,9.4,Single,4,Rented,5.3,0,1,N,60,705307,26-03-2026,Verified
CUST00085,Tanya Joshi,9279587066,tanya.joshi85@rediffmail.com,22,Male,Surat,Salaried - Private,Salaried,1458933,2,Y,Y,N,N,807,479191,25220.56,Credit Card,,3,83.2,5.6,Single,0,Rented,0.7,0,0,N,18,0,25-01-2026,Verified
CUST00086,Aditya Kapoor,9382195698,aditya.kapoor357@gmail.com,49,Male,Ahmedabad,Self Employed - Professional,Self-Employed,1770652,0,N,N,N,N,511,144048,9603.19,Car Loan,,0,56.2,5,Single,1,Owned,24.1,0,1,N,60,1747332,14-01-2026,Verified
CUST00087,Krishna Tiwari,9242475723,,41,Male,Nagpur,Business Owner,Self-Employed,896311,1,N,Y,N,N,395,216647.75,3672,Car Loan,1073998,1,51.4,8.8,Single,3,Owned,19.5,0,1,N,72,1213127,02-04-2026,Verified
CUST00088,Anjali Nair,9446673808,anjali.nair849@outlook.com,42,Male,Chandigarh,Salaried - Healthcare,Salaried,1458933,2,Y,N,N,Y,461,133191.48,11099.29,Home Loan,3197168,10,91.4,13.3,Married,3,Rented,2.2,0,0,N,180,3718136,12-07-2026,Verified
CUST00089,Deepak Chauhan,9351410032,deepak.chauhan440@gmail.com,27,Male,Pune,Business Owner,Self-Employed,626898,3,Y,Y,N,Y,651,,7880.68,Personal Loan,550905,0,41.4,11,Married,1,Rented,1.1,0,1,N,24,0,30-09-2025,Verified
CUST00090,Aarav Bansal,,aarav.bansal169@hotmail.com,43,Female,Chennai,Salaried - Education,Salaried,2155492,2,N,Y,Y,N,693,454639.36,11657.42,Car Loan,,0,66.2,3.9,Single,2,Owned,20.7,785303,2,N,72,683362,14-03-2026,Verified
CUST00091,Vihaan Rathi,9952312670,vihaan.rathi978@yahoo.com,52,Female,Hyderabad,Self Employed - Professional,Self-Employed,1458933,2,N,Y,N,Y,669,,67113.7,Home Loan,6267920,0,56.9,2.8,Married,4,Owned,17.7,311807,2,Y,300,8001957,13-07-2026,Verified
CUST00092,Sunil Malhotra,9554810443,sunil.malhotra719@hotmail.com,26,Male,Jaipur,Salaried - Government,Salaried,1458933,2,Y,N,N,Y,634,375065.44,7212.8,Credit Card,,2,74.3,12.7,Married,0,Owned,2.4,0,0,N,18,0,26-10-2025,Verified
CUST00093,Krishna Tiwari,9112187618,,43,Male,Kolkata,Salaried - Healthcare,Salaried,832385,1,N,N,N,Y,330,167314.89,4290.13,Car Loan,,0,72.7,8.7,Married,1,Owned,11.1,0,0,N,24,1718676,06-08-2026,Verified
CUST00094,Karan Yadav,9646346564,karan.yadav3@gmail.com,21,Male,Delhi,Business Owner,Self-Employed,1458933,2,Y,Y,N,N,866,880195.94,15442.03,Home Loan,,0,44.5,10.9,Married,0,Owned,0.3,0,2,N,360,4720997,19-03-2026,Verified
CUST00095,Neha Bhatia,9403124688,neha.bhatia793@outlook.com,41,Male,Coimbatore,Business Owner,Self-Employed,333425,2,Y,Y,N,N,548,92811,1894.1,Home Loan,7981149,3,74.6,8.3,Single,0,Company Provided,0.8,0,1,N,120,11075820,26-08-2025,Verified
CUST00096,Meera Bhatia,9892510222,meera.bhatia745@outlook.com,27,Male,Kochi,Self Employed - Professional,Self-Employed,2060835,2,Y,Y,N,N,395,54283,2087.8,Home Loan,,4,48.6,11.3,Married,2,Rented,2.5,0,0,N,180,8922791,06-01-2026,Verified
CUST00097,Rita Rathi,,rita.rathi718@outlook.com,41,Female,Jaipur,Self Employed - Professional,Self-Employed,1458933,2,N,Y,N,Y,408,60482.86,1475.19,Car Loan,,0,39,11.6,Married,1,Rented,2.1,0,0,N,72,1219440,09-02-2026,Verified
CUST00098,Sanjay Rao,9481975879,sanjay.rao406@rediffmail.com,24,Female,Jaipur,Self Employed - Business,Self-Employed,430367,0,N,N,N,N,396,,994.24,Credit Card,,0,79.2,3.5,Married,1,Rented,2.8,589589,2,N,12,0,05-12-2025,Verified
CUST00099,Tanya Rathi,9238288872,tanya.rathi95@outlook.com,28,Male,Bhopal,Salaried - Private,Salaried,1458933,0,N,N,N,N,691,,2984.15,Car Loan,750292,4,31.1,6.8,Married,2,Rented,4.6,0,2,N,24,829789,04-11-2025,Verified
CUST00100,Suresh Sethi,9955984774,suresh.sethi539@yahoo.com,61,Male,Nagpur,Salaried - Healthcare,Salaried,2311942,1,Y,N,N,N,697,375138.97,28856.84,Car Loan,,0,82,4.4,Single,1,Owned,17.6,269719,0,N,72,921248,23-09-2025,Verified
CUST00101,Karan Agarwal,9956191734,karan.agarwal398@outlook.com,32,Male,Ahmedabad,Salaried - Healthcare,Salaried,1804845,1,N,Y,N,N,877,153883.57,6411.82,Home Loan,,0,51.6,1.5,Married,0,Rented,0.3,0,0,N,180,8343941,07-02-2026,Verified
CUST00102,Ishaan Agarwal,,ishaan.agarwal940@yahoo.com,28,Female,Bengaluru,Salaried - Healthcare,Salaried,1959248,0,N,N,N,N,747,,3607.94,Car Loan,665329,2,58.4,13.4,Single,1,Rented,5.8,0,1,N,36,795578,20-08-2026,Pending
CUST00103,Priya Bhatia,9927672827,,23,Male,Lucknow,Self Employed - Professional,Self-Employed,736669,1,N,Y,N,N,627,,4365.09,Car Loan,1236650,0,24.9,10.5,Married,2,Rented,0.4,0,0,N,60,1420436,07-03-2026,Verified
CUST00104,Meera Kumar,9989924715,meera.kumar491@rediffmail.com,43,Male,Kolkata,Business Owner,Self-Employed,609159,2,N,Y,Y,N,407,27119.91,1232.72,Home Loan,2849764,2,57,13.5,Married,2,Rented,14.6,856832,0,Y,180,3315384,11-02-2026,Verified
CUST00105,Aryan Malhotra,9848609261,aryan.malhotra568@rediffmail.com,37,Female,Surat,Self Employed - Professional,Self-Employed,702300,2,Y,N,N,Y,669,1608,94.58,Car Loan,,0,7.4,2.7,Married,0,Rented,5.1,0,0,N,24,1540512,12-03-2026,Verified
CUST00106,Manju Chopra,9496642020,manju.chopra192@hotmail.com,23,Female,Bhopal,Business Owner,Self-Employed,1458933,3,Y,Y,Y,N,399,72240,2124.71,Home Loan,7845620,1,57.6,12.6,Single,1,Rented,1.8,0,2,N,120,9796834,26-08-2026,Verified
CUST00107,Nisha Sethi,9654928450,nisha.sethi820@rediffmail.com,64,Male,Hyderabad,Business Owner,Self-Employed,1025106,2,N,Y,Y,N,607,260402.49,4734.59,Home Loan,,10,64.6,12.5,Married,3,Company Provided,2.3,0,0,N,240,4087842,01-09-2025,Verified
CUST00108,Swati Agarwal,,swati.agarwal801@hotmail.com,28,Female,Chennai,Self Employed - Business,Self-Employed,720286,1,N,N,Y,N,848,380370,10009.73,Car Loan,,2,59.3,7.2,Married,1,Rented,4.9,0,0,N,84,1210889,26-04-2026,Pending
CUST00109,Lata Shah,9121724902,lata.shah346@outlook.com,40,Female,Chandigarh,Salaried - Government,Salaried,1256122,1,Y,N,N,N,575,549277,10985.53,Credit Card,,0,91.8,6.2,Married,2,Owned,1.4,0,0,N,36,0,,Verified
CUST00110,Divya Sethi,9710607239,divya.sethi30@yahoo.com,33,Male,Delhi,Self Employed - Professional,Self-Employed,438710,1,Y,N,N,N,775,132962.4,2556.97,Credit Card,377131,0,40.4,9,Married,3,Rented,4.4,820869,1,N,24,0,09-09-2025,Verified
CUST00111,Rohan Bhatia,9714457408,rohan.bhatia799@yahoo.com,35,Male,Pune,Salaried - It/Tech,Salaried,2017597,1,Y,N,N,N,785,1103442,20819.67,Personal Loan,680343,3,26.3,9.2,Single,2,Rented,4.1,0,2,N,24,0,21-04-2026,Verified
CUST00112,Divya Saxena,,,27,Male,Kochi,Salaried - Healthcare,Salaried,1485632,3,Y,Y,Y,N,632,767915.69,27425.56,Car Loan,,0,77.7,13.5,Single,3,Rented,4.1,0,1,N,48,765831,28-03-2026,Verified
CUST00113,Vinod Verma,9726016935,vinod.verma726@rediffmail.com,33,Female,Ahmedabad,Freelancer,Self-Employed,2295378,0,N,N,N,N,871,41578,2309.86,Home Loan,2573273,2,73.9,8.5,Single,3,Rented,8,317496,2,N,240,3198374,,Verified
CUST00114,Rekha Kumar,9605234798,rekha.kumar55@rediffmail.com,58,Male,Chandigarh,Self Employed - Professional,Self-Employed,2399154,1,Y,N,N,N,454,197736.25,8239.01,Car Loan,,8,89.8,14.8,Married,3,Owned,2.7,889980,0,N,60,1279400,20-11-2025,Verified
CUST00115,Rohan Joshi,,,29,Female,Indore,Salaried - Education,Salaried,2099463,1,N,N,Y,N,682,,37399.39,Personal Loan,,2,64.5,3.9,Single,1,Owned,3.3,0,0,N,36,0,21-01-2026,Verified
CUST00116,Divya Bansal,,divya.bansal346@hotmail.com,64,Male,Lucknow,Business Owner,Self-Employed,1458933,1,N,Y,N,N,319,,4269.39,Personal Loan,271449,2,61,2.7,Married,2,Owned,26.3,551050,0,Y,12,0,26-07-2026,Verified
CUST00117,Vihaan Tiwari,9224328383,vihaan.tiwari427@hotmail.com,45,Male,Coimbatore,Salaried - It/Tech,Salaried,2289762,2,N,Y,N,Y,730,909033,16833.94,Car Loan,587652,0,90.4,7.8,Single,1,Rented,12.1,0,1,N,36,659101,23-03-2026,Verified
CUST00118,Aditya Bhatt,,aditya.bhatt933@yahoo.com,65,Male,Lucknow,Self Employed - Professional,Self-Employed,311484,3,Y,Y,Y,N,805,27873.67,1639.63,Credit Card,,2,91,9.7,Married,4,Owned,1.8,0,2,N,24,0,07-08-2026,Verified
CUST00119,Vinod Kumar,9202003827,vinod.kumar872@gmail.com,21,Male,Kolkata,Salaried - Healthcare,Salaried,1458933,0,N,N,N,N,681,146659.18,6376.49,Credit Card,230122,0,48.4,12.6,Single,1,Owned,0.3,0,0,N,12,0,15-11-2025,Verified
CUST00120,Seema Agarwal,9618268171,seema.agarwal822@rediffmail.com,64,Female,Kolkata,Salaried - Education,Salaried,1804072,0,N,N,N,N,433,,2026.77,Credit Card,485354,0,9.4,4.1,Married,2,Rented,23.1,0,1,Y,24,0,18-05-2026,Verified
CUST00121,Deepak Bansal,9202265468,deepak.bansal444@yahoo.com,51,Female,Nagpur,Self Employed - Business,Self-Employed,1458933,1,Y,N,N,N,807,275882.62,17242.66,Home Loan,4189671,0,97.2,0.9,Married,2,Owned,7.3,0,2,N,300,5286389,25-10-2025,Pending
CUST00122,Vinod Mishra,9119079456,vinod.mishra106@hotmail.com,47,Male,Coimbatore,Freelancer,Self-Employed,300711,0,N,N,N,N,820,16910,319.06,Home Loan,4359292,0,10.2,3.5,Married,2,Rented,12.5,0,1,N,180,5015580,23-02-2026,Verified
CUST00123,Preeti Iyer,9688078280,preeti.iyer535@outlook.com,65,Male,Delhi,Self Employed - Business,Self-Employed,2365368,2,Y,N,N,Y,500,266165.49,7193.66,Personal Loan,529247,3,23.1,5.2,Single,0,Rented,20.3,818816,0,N,60,0,02-11-2025,Pending
CUST00124,Aarav Desai,9890503688,aarav.desai50@rediffmail.com,43,Male,Kochi,Self Employed - Business,Self-Employed,1028342,1,N,Y,N,N,629,311038.57,8639.96,Home Loan,6608609,5,77.4,4.2,Divorced,4,Rented,3.9,0,1,N,240,8992788,02-06-2026,Verified
CUST00125,Sanjay Yadav,,sanjay.yadav648@yahoo.com,33,Male,Surat,Salaried - Healthcare,Salaried,856465,0,N,N,N,N,630,60839,1013.99,Car Loan,1479187,1,59.2,10.1,Married,2,Rented,3.6,0,2,N,24,1665822,,Verified
CUST00126,Aryan Nair,9905505027,aryan.nair805@yahoo.com,39,Male,Chennai,Salaried - Private,Salaried,1537909,1,Y,N,N,N,875,798028,13525.91,Home Loan,3493095,1,80.7,10.5,Single,0,Owned,7.7,0,1,Y,120,4028381,01-01-2026,Verified
CUST00127,Usha Chauhan,9575736188,usha.chauhan850@yahoo.com,61,Female,Coimbatore,Self Employed - Professional,Self-Employed,1458933,2,Y,Y,N,N,477,490263.32,25803.33,Home Loan,1840864,0,57.9,2.1,Married,1,Owned,21.4,265278,0,N,360,2505020,,Verified
CUST00128,Nisha Bhatt,9484491474,nisha.bhatt75@outlook.com,54,Male,Kolkata,Freelancer,Self-Employed,585952,1,N,Y,N,N,657,77766.87,3110.67,Car Loan,994296,0,25.8,11.3,Married,4,Rented,29.4,651704,0,Y,72,1226684,28-12-2025,Pending
CUST00129,Ramesh Sethi,9444603491,ramesh.sethi391@gmail.com,45,Female,Coimbatore,Salaried - It/Tech,Salaried,403623,0,N,N,N,N,756,19648.56,654.95,Personal Loan,,1,95.1,2.7,Divorced,2,Owned,1.9,0,1,N,48,0,18-10-2025,Verified
CUST00130,Sunita Tiwari,9896045379,sunita.tiwari794@hotmail.com,62,Male,Chennai,Salaried - Private,Salaried,1458933,3,N,Y,Y,Y,557,745420.8,15529.6,Personal Loan,321212,0,47.9,6.2,Married,1,Owned,0.5,0,0,N,12,0,19-08-2026,Verified
CUST00131,Isha Khanna,9639917068,isha.khanna109@outlook.com,64,Female,Bengaluru,Salaried - It/Tech,Salaried,2135746,3,Y,N,Y,Y,525,174765.7,4723.4,Car Loan,602148,0,89.3,14.5,Single,2,Company Provided,0.6,0,0,N,72,704110,28-05-2026,Verified
CUST00132,Sai Iyer,9325542573,,34,Female,Kochi,Self Employed - Business,Self-Employed,975091,2,Y,N,N,Y,880,,8310.22,Home Loan,6907921,1,32.6,1.2,Married,2,Rented,4.5,641605,0,N,180,8492919,13-04-2026,Verified
CUST00133,Mahesh Iyer,,mahesh.iyer599@yahoo.com,57,Female,Lucknow,Salaried - Education,Salaried,1458933,3,Y,Y,Y,N,746,,4777.83,Personal Loan,,2,88.4,7.1,Married,1,Rented,5.5,0,2,N,24,0,28-05-2026,Verified
CUST00134,Ashok Sethi,9772826911,,22,Female,Nagpur,Self Employed - Professional,Self-Employed,453747,0,N,N,N,N,452,16598.91,638.42,Car Loan,580769,1,53.5,6.1,Married,2,Rented,0.9,0,0,N,60,628302,11-06-2026,Pending
CUST00135,Mahesh Bhatia,,mahesh.bhatia754@hotmail.com,43,Female,Ahmedabad,Business Owner,Self-Employed,1272029,2,Y,N,Y,N,669,,7224.38,Credit Card,40921,8,35.8,10.6,Married,3,Rented,6,0,0,N,24,0,,Verified
CUST00136,Sunita Gupta,9654762561,,35,Female,Kanpur,Salaried - Healthcare,Salaried,1458933,1,N,N,Y,N,750,,14544.61,Car Loan,743583,0,19.9,9.1,Single,2,Owned,4.8,656422,0,N,84,904697,06-09-2025,Verified
CUST00137,Krishna Agarwal,9736028462,krishna.agarwal165@yahoo.com,61,Male,Chennai,Salaried - Private,Salaried,997686,2,Y,Y,N,N,877,,6580.83,Car Loan,479827,0,62.6,7.2,Married,0,Owned,4.5,0,1,N,72,529203,12-08-2026,Verified
CUST00138,Neha Bansal,,neha.bansal71@yahoo.com,45,Female,Chennai,Salaried - Government,Salaried,369468,1,Y,N,N,N,453,134230.17,5836.09,Home Loan,6656881,1,88.4,8.1,Single,0,Rented,21.7,0,0,Y,300,8524210,03-03-2026,Verified
CUST00139,Deepak Desai,9560588284,deepak.desai235@hotmail.com,45,Female,Hyderabad,Salaried - Education,Salaried,1458933,2,Y,N,N,Y,856,211241,8801.7,Credit Card,,2,5.7,7.9,Married,1,Owned,19.4,0,0,N,24,0,06-01-2026,Verified
CUST00140,Saanvi Agarwal,,saanvi.agarwal627@outlook.com,64,Female,Pune,Salaried - Education,Salaried,1458933,1,Y,N,N,N,891,,8422.65,Home Loan,,0,87.1,2,Married,2,Company Provided,3.3,0,1,N,360,10160008,,Verified
CUST00141,Meera Mishra,,,30,Male,Indore,Salaried - Government,Salaried,1458933,1,Y,N,N,N,710,209524,4656.09,Car Loan,420508,5,82.9,9.7,Married,0,Rented,7.3,175207,1,N,36,493272,06-08-2026,Verified
CUST00142,Rahul Mishra,9100308454,rahul.mishra162@gmail.com,38,Female,Kanpur,Salaried - Education,Salaried,2000584,1,N,N,N,Y,392,659704,11374.2,Car Loan,,6,31.3,9.2,Married,3,Rented,4.7,0,0,N,48,1150089,24-10-2025,Verified
CUST00143,Amit Sethi,9677569362,amit.sethi833@rediffmail.com,37,Male,Nagpur,Business Owner,Self-Employed,1458933,0,N,N,N,N,900,113818.19,2709.96,Credit Card,,0,65.2,14.9,Single,0,Owned,15.3,0,0,N,18,0,20-01-2026,Verified
CUST00144,Ramesh Yadav,,ramesh.yadav351@gmail.com,56,Female,Chandigarh,Salaried - Healthcare,Salaried,1458933,2,Y,N,Y,N,494,,22240.96,Personal Loan,821153,0,30.2,3.6,Single,3,Owned,23.4,208866,3,N,12,0,30-05-2026,Pending
CUST00145,Rekha Joshi,9498569245,rekha.joshi636@outlook.com,52,Female,Chandigarh,Self Employed - Business,Self-Employed,2443849,3,Y,Y,N,Y,733,701365.22,15247.07,Credit Card,283441,0,86.7,11.7,Married,0,Rented,9.7,655577,0,N,24,0,05-07-2026,Verified
CUST00146,Kabir Bhatt,9382232003,kabir.bhatt243@outlook.com,51,Female,Kanpur,Self Employed - Business,Self-Employed,2391993,1,Y,N,N,N,710,401323.13,17448.83,Personal Loan,,2,82.3,10.9,Single,2,Rented,6.1,0,1,N,12,0,24-11-2025,Verified
CUST00147,Krishna Sethi,,krishna.sethi530@rediffmail.com,41,Female,Surat,Salaried - It/Tech,Salaried,1458933,2,Y,N,Y,N,787,251745,13985.85,Home Loan,7746100,0,39.3,8.5,Single,1,Owned,2.7,0,3,N,360,10166496,28-05-2026,Verified
CUST00148,Sunil Iyer,9481295430,sunil.iyer333@rediffmail.com,52,Female,Bengaluru,Salaried - Education,Salaried,1501766,1,Y,N,N,N,607,,7452.58,Home Loan,2098477,0,37.6,4.8,Single,2,Rented,12,0,1,Y,360,2686541,13-04-2026,Verified
CUST00149,Kabir Bhatia,9124804609,kabir.bhatia129@yahoo.com,63,Female,Bengaluru,Self Employed - Professional,Self-Employed,1000073,2,Y,Y,N,N,355,15820.1,427.57,Credit Card,74488,0,19.8,9.9,Single,1,Owned,8.7,0,0,N,12,0,12-09-2025,Verified
CUST00150,Usha Khanna,9449182252,usha.khanna885@hotmail.com,50,Female,Coimbatore,Business Owner,Self-Employed,1458933,1,N,N,Y,N,877,226200.06,4350,Car Loan,1028064,1,26.6,1.5,Married,1,Owned,0.6,0,1,N,48,1175940,30-08-2025,Verified
CUST00151,Anjali Chauhan,,anjali.chauhan307@gmail.com,48,Female,Ahmedabad,Salaried - Private,Salaried,1867176,1,Y,N,N,N,699,928091.25,35695.82,Car Loan,466114,0,27.8,11.5,Single,3,Rented,7.9,0,2,N,24,506424,21-01-2026,Verified
CUST00152,Neha Bansal,9586155117,neha.bansal279@rediffmail.com,52,Female,Lucknow,Salaried - Private,Salaried,938160,3,Y,N,Y,Y,575,70384,1759.6,Credit Card,142059,0,6.4,3.4,Married,2,Rented,11.3,0,0,N,18,0,23-09-2025,Verified
CUST00153,Priya Gupta,9683247918,priya.gupta482@yahoo.com,33,Female,Nagpur,Salaried - Private,Salaried,1458933,0,N,N,N,N,553,59860.95,4275.78,Personal Loan,,2,13.9,10.1,Married,1,Company Provided,11.3,696178,1,N,12,0,02-01-2026,Verified
CUST00154,Manish Reddy,9487005172,manish.reddy909@gmail.com,63,Male,Hyderabad,Self Employed - Professional,Self-Employed,2121005,3,Y,Y,N,Y,548,11364,811.73,Home Loan,7274772,1,40.3,1.5,Married,0,Rented,27.9,0,1,N,180,9641488,19-10-2025,Verified
CUST00155,Karan Mehta,9699524216,karan.mehta808@outlook.com,49,Female,Mumbai,Salaried - Education,Salaried,1802263,2,N,Y,Y,N,872,,5690.93,Home Loan,3091955,1,56.6,5,Married,3,Rented,24.1,548353,0,N,360,3839522,26-08-2025,Verified
CUST00156,Sneha Chopra,,,60,Female,Ahmedabad,Salaried - Healthcare,Salaried,1458933,0,N,N,N,N,809,,2062.65,Car Loan,,0,35.6,1.6,Single,0,Company Provided,5.6,230291,0,N,84,1188704,28-07-2026,Verified
CUST00157,Swati Tiwari,9733830783,swati.tiwari263@gmail.com,44,Male,Bengaluru,Salaried - Private,Salaried,1458933,0,N,N,N,N,362,42427,719.11,Home Loan,,3,10.5,9.3,Married,2,Rented,2.1,539614,0,N,300,5503056,22-05-2026,Verified
CUST00158,Nisha Mishra,9292090149,nisha.mishra572@rediffmail.com,47,Male,Kanpur,Business Owner,Self-Employed,2091282,2,N,Y,Y,N,645,,17935.89,Home Loan,4455508,4,57.3,15,Single,1,Rented,21.5,330542,0,N,360,6155448,,Verified
CUST00159,Tanya Kapoor,,,39,Male,Kochi,Self Employed - Business,Self-Employed,1566015,2,Y,N,Y,N,582,,19627.41,Personal Loan,,0,38.8,2.2,Married,2,Owned,14.7,449849,2,N,36,0,30-04-2026,Verified
CUST00160,Geeta Sethi,9840447097,geeta.sethi720@rediffmail.com,27,Female,Delhi,Salaried - Education,Salaried,629158,0,N,N,N,N,744,26206,1379.25,Personal Loan,833997,2,62.2,0.4,Single,1,Owned,0.5,0,0,N,24,0,12-11-2025,Verified
CUST00161,Ashok Chopra,,ashok.chopra771@rediffmail.com,57,Male,Ahmedabad,Salaried - Education,Salaried,1515438,1,N,Y,N,N,350,,17800.52,Credit Card,228942,1,78.5,2.1,Married,2,Rented,19.7,611998,1,N,12,0,09-01-2026,Verified
CUST00162,Ananya Pandey,9718494872,ananya.pandey92@gmail.com,63,Male,Indore,Salaried - Healthcare,Salaried,1760909,1,Y,N,N,N,473,,20460.77,Home Loan,6727630,0,9.3,12.3,Married,1,Rented,25.6,190904,3,Y,240,7759873,16-08-2026,Verified
CUST00163,Manish Kapoor,9605936741,manish.kapoor24@outlook.com,34,Male,Pune,Freelancer,Self-Employed,2494736,0,N,N,N,N,318,93953.42,1739.88,Credit Card,,0,32,11.9,Single,0,Rented,0.4,0,0,N,24,0,20-10-2025,Verified
CUST00164,Usha Sethi,9797299908,usha.sethi396@yahoo.com,45,Female,Lucknow,Business Owner,Self-Employed,1458933,1,Y,N,N,N,322,15961.03,354.69,Car Loan,,1,75.7,0.5,Single,1,Owned,23.9,0,0,N,48,1225179,10-09-2025,Pending
CUST00165,Vikram Rao,,vikram.rao350@hotmail.com,63,Male,Bengaluru,Salaried - Education,Salaried,2484048,0,N,N,N,N,546,142311,3648.99,Car Loan,,0,17.5,9.9,Married,2,Owned,4.4,0,2,Y,60,1237345,08-11-2025,Verified
CUST00166,Nisha Khanna,9269702658,nisha.khanna326@gmail.com,56,Female,Kolkata,Salaried - Healthcare,Salaried,1458933,0,N,N,N,N,721,27615.78,468.06,Car Loan,,3,15.1,2.9,Single,2,Owned,17.1,324137,1,N,84,746103,02-11-2025,Verified
CUST00167,Simran Joshi,9864524716,simran.joshi666@outlook.com,32,Female,Chandigarh,Business Owner,Self-Employed,876770,2,Y,Y,N,N,576,,19225.5,Personal Loan,844586,0,21.8,14.3,Married,2,Rented,9.6,0,0,N,60,0,08-03-2026,Verified
CUST00168,Priya Bansal,9897218787,priya.bansal586@rediffmail.com,55,Female,Kochi,Salaried - Government,Salaried,2194187,1,Y,N,N,N,850,520826.97,8827.58,Credit Card,312395,0,77.7,14.4,Married,1,Rented,23.3,274865,0,Y,18,0,20-04-2026,Verified
CUST00169,Tanya Gupta,,tanya.gupta513@gmail.com,32,Male,Nagpur,Salaried - Education,Salaried,1656693,2,Y,Y,N,N,506,877267.1,51603.95,Car Loan,979634,2,91.2,12,Single,0,Owned,5.1,0,0,N,72,1148537,15-11-2025,Verified
CUST00170,Meera Verma,,,57,Male,Kolkata,Self Employed - Business,Self-Employed,1458933,1,N,Y,N,N,756,,7911.74,Credit Card,491094,0,24.3,9.4,Married,1,Rented,16.4,812027,0,N,36,0,15-04-2026,Verified
CUST00171,Sai Bansal,9744354734,sai.bansal7@yahoo.com,56,Female,Coimbatore,Self Employed - Professional,Self-Employed,505180,3,Y,Y,N,Y,333,202172,4043.44,Car Loan,994390,5,9.7,6.4,Married,2,Rented,20.8,0,1,N,60,1193136,26-02-2026,Pending
CUST00172,Sai Chauhan,,sai.chauhan331@outlook.com,45,Male,Indore,Freelancer,Self-Employed,572318,2,Y,Y,N,N,839,142081,5683.23,Personal Loan,691784,0,59.3,14.7,Married,0,Rented,14.6,0,1,N,36,0,05-01-2026,Verified
CUST00173,Swati Shah,9239278422,swati.shah630@rediffmail.com,52,Male,Chandigarh,Self Employed - Business,Self-Employed,1458933,2,N,N,Y,Y,420,,22586.09,Home Loan,,0,38.2,12.1,Married,2,Rented,7.9,375213,0,N,120,6571917,16-02-2026,Verified
CUST00174,Nisha Bansal,9131264549,,33,Female,Lucknow,Business Owner,Self-Employed,2290199,0,N,N,N,N,849,205185.48,5004.52,Home Loan,7729251,0,54.5,8.6,Single,2,Owned,7.1,837140,1,N,180,9430575,10-09-2025,Verified
CUST00175,Meera Mishra,9673671448,,57,Female,Kolkata,Salaried - Government,Salaried,1593025,1,N,N,Y,N,808,838296.33,23951.32,Home Loan,4038633,0,33.7,1.9,Single,2,Company Provided,13.5,511997,0,N,300,5383943,21-05-2026,Verified
CUST00176,Ananya Singh,9926224353,,54,Male,Pune,Salaried - Private,Salaried,2226730,2,Y,N,Y,N,345,,18358.56,Credit Card,194739,1,9.4,7.9,Single,1,Rented,9.6,0,0,N,24,0,25-05-2026,Verified
CUST00177,Tanya Pandey,9226326628,tanya.pandey280@yahoo.com,31,Female,Hyderabad,Salaried - Private,Salaried,2456126,1,Y,N,N,N,590,846012.02,38455.09,Credit Card,183251,1,37.2,6.8,Married,1,Rented,1.3,469849,0,N,36,0,07-07-2026,Verified
CUST00178,Diya Saxena,9312758864,diya.saxena731@rediffmail.com,26,Female,Chennai,Salaried - Government,Salaried,2264091,1,Y,N,N,N,781,314746,12105.62,Personal Loan,,4,29.5,5.6,Married,3,Owned,4.3,515630,0,N,48,0,19-04-2026,Verified
CUST00179,Nikhil Chauhan,9474322976,nikhil.chauhan619@rediffmail.com,29,Male,Nagpur,Salaried - Government,Salaried,1458933,1,N,Y,N,N,723,238593.81,8836.81,Personal Loan,555806,0,37.4,12.2,Married,2,Owned,6.4,0,0,N,12,0,25-08-2026,Verified
CUST00180,Anjali Kumar,9735830320,anjali.kumar611@hotmail.com,41,Male,Bhopal,Self Employed - Business,Self-Employed,1591995,2,N,Y,Y,N,688,,5900.74,Credit Card,67465,0,18.2,8.8,Single,3,Rented,13.3,0,0,N,36,0,04-12-2025,Verified
CUST00181,Manju Mehta,9421838360,manju.mehta584@outlook.com,48,Female,Bengaluru,Salaried - Private,Salaried,2440872,2,Y,Y,N,N,862,1417511.3,118125.94,Car Loan,,4,87.2,3.7,Single,1,Owned,10.5,0,0,N,60,571300,06-06-2026,Verified
CUST00182,Rita Shah,9548003203,rita.shah158@outlook.com,63,Male,Chennai,Salaried - Private,Salaried,600924,1,N,Y,N,N,439,30526,575.96,Home Loan,5325445,4,71.1,14,Single,1,Owned,24.7,0,0,N,120,6893707,,Verified
CUST00183,Vikram Malhotra,9686441554,vikram.malhotra591@outlook.com,23,Male,Chandigarh,Salaried - Healthcare,Salaried,1458933,1,N,N,Y,N,839,,7619.25,Car Loan,1275042,1,54.7,9.2,Married,2,Rented,1.4,0,0,N,72,1352252,17-02-2026,Verified
CUST00184,Aarav Joshi,9587516124,aarav.joshi525@hotmail.com,57,Male,Indore,Salaried - Healthcare,Salaried,1458933,2,Y,Y,N,N,877,239980.17,4615,Home Loan,6349798,0,9.9,14.9,Single,2,Owned,2.8,0,2,N,180,8279816,13-01-2026,Verified
CUST00185,Aarav Yadav,,aarav.yadav619@yahoo.com,58,Male,Bhopal,Salaried - Healthcare,Salaried,1035678,1,Y,N,N,N,333,213048.08,12532.24,Personal Loan,,5,19.6,7.5,Divorced,2,Owned,13.4,0,0,N,36,0,22-09-2025,Verified
CUST00186,Anil Saxena,9224548001,anil.saxena54@yahoo.com,50,Female,Chandigarh,Salaried - It/Tech,Salaried,1458933,0,N,N,N,N,699,,5192.47,Home Loan,1599514,0,80.7,5.9,Married,2,Company Provided,3.1,0,0,N,360,2206546,12-01-2026,Verified
CUST00187,Vikram Rathi,9205523897,vikram.rathi262@rediffmail.com,46,Female,Ahmedabad,Self Employed - Professional,Self-Employed,1458933,2,Y,N,Y,N,308,1237972.15,103164.35,Home Loan,2319556,1,70.1,5.4,Single,1,Owned,15.6,595604,2,N,360,3037507,23-08-2026,Pending
CUST00188,Sai Bhatia,9749276419,sai.bhatia134@hotmail.com,63,Male,Hyderabad,Self Employed - Business,Self-Employed,1458933,2,Y,N,Y,N,583,,11231.82,Car Loan,839673,0,12,11.7,Married,1,Owned,28.7,480431,0,Y,72,947594,22-07-2026,Verified
CUST00189,Ishaan Bhatt,,ishaan.bhatt442@yahoo.com,60,Female,Bhopal,Salaried - It/Tech,Salaried,733217,2,Y,Y,N,N,319,,18781.09,Credit Card,39836,2,30.3,10.6,Single,2,Rented,28.2,0,0,N,12,0,29-05-2026,Verified
CUST00190,Meera Tiwari,9978295746,meera.tiwari799@hotmail.com,28,Female,Lucknow,Salaried - It/Tech,Salaried,1980300,1,Y,N,N,N,648,95597.14,2331.64,Car Loan,725974,0,8.7,5.9,Married,2,Rented,4.5,0,0,N,84,789782,13-09-2025,Verified
CUST00191,Ashok Agarwal,,,25,Female,Chandigarh,Freelancer,Self-Employed,1458933,1,N,Y,N,N,343,531507,21260.27,Home Loan,7188129,4,56,11.2,Married,0,Rented,2.1,830384,1,N,180,8292163,15-07-2026,Verified
CUST00192,Manish Saxena,9952225776,manish.saxena100@hotmail.com,60,Male,Bengaluru,Salaried - Government,Salaried,778904,2,Y,N,Y,N,736,157655,2672.11,Home Loan,4219879,0,70,8.3,Married,4,Owned,1.7,197416,0,N,180,5587432,05-06-2026,Verified
CUST00193,Rahul Khanna,9724902501,rahul.khanna42@yahoo.com,27,Female,Kolkata,Salaried - Private,Salaried,2342489,2,Y,Y,N,N,590,584998,13928.51,Personal Loan,266174,0,30.7,6.9,Married,0,Rented,3.7,0,1,N,36,0,20-02-2026,Verified
CUST00194,Kritika Rao,9306054135,kritika.rao121@rediffmail.com,27,Female,Coimbatore,Freelancer,Self-Employed,1219710,3,Y,N,Y,Y,415,582982,10599.67,Home Loan,5673456,0,68.7,0.8,Single,1,Owned,2.2,0,1,N,120,7836264,24-11-2025,Verified
CUST00195,Vivaan Joshi,9652873657,vivaan.joshi119@gmail.com,36,Female,Lucknow,Salaried - Education,Salaried,1133623,2,N,N,Y,Y,533,66700.65,1130.52,Home Loan,,0,26,7.2,Married,3,Owned,13.9,0,0,N,180,4155992,11-01-2026,Verified
CUST00196,Krishna Verma,9843255395,krishna.verma583@gmail.com,38,Male,Hyderabad,Business Owner,Self-Employed,1458933,2,Y,N,Y,N,460,1053296.23,20255.7,Personal Loan,,8,86.2,1.5,Single,1,Company Provided,10.2,0,0,N,24,0,30-12-2025,Verified
CUST00197,Radhika Rao,9735409949,radhika.rao969@yahoo.com,57,Female,Indore,Salaried - Private,Salaried,468018,0,N,N,N,N,703,22430.67,400.55,Credit Card,257209,1,12.9,11.3,Single,1,Owned,10.9,899214,0,N,18,0,21-08-2026,Verified
CUST00198,Nisha Yadav,9726700279,nisha.yadav25@hotmail.com,50,Male,Nagpur,Self Employed - Business,Self-Employed,1853656,1,N,N,Y,N,694,,30111.27,Credit Card,175498,0,30.6,14.2,Married,2,Rented,2.6,0,1,N,24,0,21-09-2025,Verified
CUST00199,Kavya Kapoor,9764789481,kavya.kapoor42@outlook.com,44,Female,Coimbatore,Salaried - Government,Salaried,1458933,1,Y,N,N,N,894,605589.28,10814.09,Personal Loan,,2,26.4,5.4,Married,2,Owned,1.7,514670,0,N,60,0,08-08-2026,Verified
CUST00200,Lata Iyer,9585308092,lata.iyer636@outlook.com,64,Female,Pune,Business Owner,Self-Employed,666199,1,Y,N,N,N,607,65860.25,3466.33,Personal Loan,570438,0,24.4,14.3,Married,1,Rented,28,0,0,N,12,0,22-01-2026,Verified
CUST00201,Vivaan Bhatia,9961129245,vivaan.bhatia238@rediffmail.com,62,Female,Indore,Salaried - Healthcare,Salaried,1668628,1,Y,N,N,N,768,304440,15222.01,Car Loan,660158,3,26.5,5.7,Married,3,Owned,8.7,0,1,N,72,730827,23-11-2025,Verified
CUST00202,Deepak Sethi,9815494270,deepak.sethi814@yahoo.com,31,Male,Hyderabad,Salaried - Private,Salaried,1628025,0,N,N,N,N,335,108353.74,3186.87,Personal Loan,441029,0,97.7,8.1,Married,0,Company Provided,7.8,0,2,N,60,0,12-05-2026,Verified
CUST00203,Sanjay Iyer,9608857707,,57,Male,Bhopal,Salaried - Healthcare,Salaried,1458933,1,N,N,Y,N,615,11472,224.94,Personal Loan,517636,0,36,9.2,Married,2,Rented,23.1,212692,2,N,12,0,15-05-2026,Verified
CUST00204,Anjali Mehta,9747650867,,24,Male,Nagpur,Self Employed - Business,Self-Employed,2093654,1,Y,N,N,N,756,1098291,64605.36,Personal Loan,813209,4,75.4,6.4,Married,0,Rented,2.7,0,0,N,60,0,09-10-2025,Verified
CUST00205,Manish Joshi,,manish.joshi344@gmail.com,58,Male,Bengaluru,Salaried - Private,Salaried,2017402,2,N,Y,Y,N,881,,45708.91,Personal Loan,245041,3,32.5,7.5,Single,1,Rented,15,0,0,N,24,0,07-01-2026,Verified
CUST00206,Rajesh Saxena,9783501986,rajesh.saxena484@gmail.com,62,Female,Indore,Self Employed - Business,Self-Employed,2363121,1,N,N,Y,N,804,1409837.45,88114.84,Car Loan,1307651,1,87.5,9.5,Married,2,Owned,15.5,0,2,N,24,1411253,19-04-2026,Verified
CUST00207,Krishna Shah,9275351550,krishna.shah55@outlook.com,44,Female,Kanpur,Salaried - Private,Salaried,1458933,2,Y,N,Y,N,487,,13908.89,Personal Loan,,0,35,12.7,Single,1,Rented,8.5,0,0,N,24,0,18-05-2026,Verified
CUST00208,Sunil Joshi,9542375728,sunil.joshi349@yahoo.com,27,Male,Chennai,Freelancer,Self-Employed,1227417,0,N,N,N,N,838,103848.04,1821.9,Credit Card,238809,1,12.3,12.3,Single,1,Owned,2.4,0,2,N,24,0,22-11-2025,Verified
CUST00209,Vivaan Yadav,9974642290,vivaan.yadav122@yahoo.com,29,Male,Ahmedabad,Salaried - It/Tech,Salaried,1458933,1,Y,N,N,N,414,38513.07,916.98,Home Loan,1856657,0,8.1,10,Married,1,Company Provided,0.6,157704,0,N,360,2230495,06-12-2025,Verified
CUST00210,Isha Sharma,9197473548,isha.sharma150@outlook.com,58,Male,Kanpur,Self Employed - Business,Self-Employed,1458933,1,N,N,N,Y,892,1098985.31,24421.9,Personal Loan,800582,0,31.8,13.5,Married,4,Owned,6.7,0,1,N,60,0,,Verified
CUST00211,Reyansh Patel,9996297562,reyansh.patel364@hotmail.com,48,Male,Kochi,Self Employed - Professional,Self-Employed,2009505,3,Y,N,Y,Y,439,597806.86,17080.2,Car Loan,,2,12.8,7.5,Married,1,Rented,18.6,0,0,N,60,1597251,30-09-2025,Verified
CUST00212,Preeti Joshi,9829211472,preeti.joshi377@yahoo.com,21,Female,Hyderabad,Salaried - Education,Salaried,2137349,2,Y,N,Y,N,404,950819.57,43219.07,Credit Card,210688,8,37.2,9,Divorced,0,Rented,0.3,0,0,N,24,0,21-07-2026,Pending
CUST00213,Isha Joshi,9815838988,isha.joshi618@hotmail.com,43,Female,Chennai,Business Owner,Self-Employed,753138,2,Y,N,Y,N,607,,3000.6,Credit Card,281166,2,97.3,5.9,Single,0,Rented,3.2,713707,1,N,18,0,23-01-2026,Verified
CUST00214,Anjali Desai,,anjali.desai556@outlook.com,55,Male,Delhi,Salaried - Education,Salaried,799684,1,Y,N,N,N,333,,1571.55,Car Loan,644235,1,17.8,10.8,Married,0,Rented,19.9,0,1,N,36,741732,14-03-2026,Verified
CUST00215,Radhika Chopra,,radhika.chopra693@outlook.com,39,Female,Delhi,Salaried - Private,Salaried,489240,1,Y,N,N,N,649,,2864.49,Car Loan,,0,10.4,3.8,Married,1,Owned,12.5,0,0,N,72,1170371,18-04-2026,Verified
CUST00216,Saanvi Agarwal,9652719151,saanvi.agarwal924@hotmail.com,38,Male,Chandigarh,Salaried - Private,Salaried,1627557,1,Y,N,N,N,402,674652.29,26986.09,Car Loan,1341721,1,77.7,5.2,Single,1,Owned,8.6,0,1,N,72,1466254,08-01-2026,Verified
CUST00217,Nisha Chopra,9963935915,nisha.chopra232@rediffmail.com,26,Male,Lucknow,Salaried - It/Tech,Salaried,582149,0,N,N,N,N,378,37929,1223.52,Car Loan,1207879,2,34.8,6.3,Married,2,Rented,2.9,0,1,N,36,1407624,13-12-2025,Verified
CUST00218,Geeta Yadav,,geeta.yadav275@rediffmail.com,60,Female,Delhi,Freelancer,Self-Employed,1141578,3,Y,Y,Y,N,607,578178.66,15215.23,Car Loan,435114,1,85.4,4.2,Married,0,Rented,7.3,262472,0,N,48,497262,08-06-2026,Pending
CUST00219,Saanvi Mishra,9139732456,saanvi.mishra207@yahoo.com,38,Male,Mumbai,Salaried - It/Tech,Salaried,1465060,1,N,Y,N,N,797,687612,45840.77,Credit Card,,1,87.4,13.5,Married,1,Rented,1.8,0,1,N,12,0,14-06-2026,Verified
CUST00220,Rita Kumar,9660447662,rita.kumar681@rediffmail.com,54,Female,Chandigarh,Salaried - Government,Salaried,1298566,0,N,N,N,N,699,,1773.62,Personal Loan,493410,0,15.1,3.4,Married,1,Rented,2,0,1,N,60,0,30-03-2026,Verified
CUST00221,Rahul Nair,9942106991,rahul.nair960@yahoo.com,44,Female,Kanpur,Salaried - It/Tech,Salaried,388391,1,N,N,Y,N,355,160953,2980.61,Personal Loan,315271,1,34.4,14.4,Married,3,Owned,20,0,0,Y,48,0,03-01-2026,Verified
CUST00222,Rita Saxena,9912466001,rita.saxena242@outlook.com,43,Male,Bhopal,Salaried - Healthcare,Salaried,2004098,2,N,Y,Y,N,803,566468,14907.05,Car Loan,1185765,4,82.9,12.4,Single,2,Owned,7.9,0,1,N,24,1425758,,Verified
CUST00223,Rajesh Kapoor,9949350526,rajesh.kapoor657@yahoo.com,21,Female,Pune,Salaried - It/Tech,Salaried,1615844,2,N,Y,Y,N,433,821134,14929.7,Home Loan,4179314,1,88,2.2,Married,2,Owned,0.3,213299,0,N,300,5793320,14-06-2026,Verified
CUST00224,Vivaan Khanna,9699717002,vivaan.khanna663@rediffmail.com,61,Male,Bengaluru,Business Owner,Self-Employed,1131588,2,Y,N,Y,N,566,,2895.27,Personal Loan,644797,0,73.3,6.6,Single,1,Rented,3.8,0,0,N,36,0,20-01-2026,Verified
CUST00225,Meera Singh,,meera.singh877@yahoo.com,59,Male,Surat,Self Employed - Professional,Self-Employed,2054607,2,Y,N,Y,N,541,761454,28202,Car Loan,1260839,0,49.5,13.1,Divorced,1,Owned,11.7,0,1,N,72,1338696,12-02-2026,Pending
CUST00226,Pooja Khanna,9480428530,pooja.khanna621@rediffmail.com,23,Male,Jaipur,Freelancer,Self-Employed,1897768,1,Y,N,N,N,607,46827,2035.97,Car Loan,656235,1,93.4,13.2,Married,1,Rented,0.5,183122,0,N,48,787196,03-04-2026,Verified
CUST00227,Manju Nair,,manju.nair850@outlook.com,54,Female,Indore,Self Employed - Business,Self-Employed,1623482,0,N,N,N,N,750,8640.53,411.45,Credit Card,140513,0,49.7,2.6,Married,0,Rented,15,0,3,N,36,0,05-05-2026,Verified
CUST00228,Ashok Bhatia,9258971462,ashok.bhatia127@outlook.com,26,Male,Surat,Self Employed - Business,Self-Employed,1458933,0,N,N,N,N,517,58698,4891.49,Personal Loan,486646,5,28.4,7.6,Married,1,Owned,4.9,430169,2,N,36,0,12-11-2025,Verified
CUST00229,Neha Saxena,9859894230,neha.saxena676@hotmail.com,50,Female,Mumbai,Salaried - Healthcare,Salaried,483907,0,N,N,N,N,882,6257.89,417.19,Car Loan,977738,3,75.7,8.3,Single,0,Owned,7.2,0,0,N,36,1058488,20-03-2026,Verified
CUST00230,Anil Mishra,,anil.mishra124@outlook.com,52,Male,Surat,Self Employed - Business,Self-Employed,1805940,0,N,N,N,N,697,86042.15,1792.54,Home Loan,2256839,2,82,9.3,Married,1,Owned,10.4,0,0,N,180,3120457,22-05-2026,Verified
CUST00231,Divya Gupta,,divya.gupta480@hotmail.com,26,Female,Surat,Self Employed - Business,Self-Employed,835989,1,N,N,Y,N,882,23940.19,1496.26,Credit Card,289177,0,45.4,1.6,Single,2,Owned,1.5,527583,0,N,18,0,27-11-2025,Verified
CUST00232,Aditya Gupta,9546946709,aditya.gupta898@outlook.com,41,Male,Bhopal,Salaried - It/Tech,Salaried,1731660,1,N,N,Y,N,565,,50311.41,Home Loan,,0,42.5,0.4,Single,1,Owned,13.3,0,1,N,360,7419601,05-08-2026,Pending
CUST00233,Ramesh Chopra,9963976413,ramesh.chopra310@gmail.com,29,Female,Mumbai,Self Employed - Professional,Self-Employed,769395,2,N,N,Y,Y,792,299428,5649.59,Personal Loan,506957,3,86.5,8.2,Married,2,Owned,3.5,826812,1,N,48,0,24-04-2026,Verified
CUST00234,Tanya Agarwal,9360521605,tanya.agarwal207@outlook.com,57,Female,Delhi,Salaried - Healthcare,Salaried,333027,1,Y,N,N,N,807,147280,2945.6,Car Loan,377630,1,51.2,8.9,Single,2,Rented,14.8,0,0,N,48,438297,10-01-2026,Verified
CUST00235,Riya Sethi,9608242781,riya.sethi120@hotmail.com,60,Female,Bhopal,Salaried - Education,Salaried,387270,1,Y,N,N,N,819,,928.19,Car Loan,1282447,0,32.9,10.7,Divorced,3,Rented,22.1,0,1,N,72,1399716,14-08-2026,Verified
CUST00236,Mahesh Joshi,9238616374,mahesh.joshi178@yahoo.com,31,Female,Hyderabad,Salaried - Education,Salaried,2370833,4,Y,Y,Y,Y,567,507895,23086.13,Personal Loan,918167,4,52.8,12.1,Married,0,Owned,5.8,0,3,N,12,0,07-06-2026,Verified
CUST00237,Ishaan Bhatia,9841027438,,59,Male,Delhi,Business Owner,Self-Employed,2217365,0,N,N,N,N,404,,13044.6,Credit Card,107580,1,87.7,13.7,Married,1,Owned,15.3,0,0,N,24,0,04-11-2025,Verified
CUST00238,Aryan Kapoor,9546407987,aryan.kapoor788@gmail.com,36,Male,Lucknow,Salaried - It/Tech,Salaried,2418218,2,Y,Y,N,N,551,219977.38,3666.29,Home Loan,3414129,0,45.7,13.8,Single,4,Rented,10.3,0,0,N,360,4731678,08-10-2025,Verified
CUST00239,Priya Chauhan,9276442282,priya.chauhan445@gmail.com,46,Male,Chennai,Salaried - Private,Salaried,2480108,0,N,N,N,N,611,,5592.26,Car Loan,,3,90.5,9.2,Married,1,Rented,22.2,0,1,N,48,388603,24-07-2026,Verified
CUST00240,Aryan Sethi,,aryan.sethi87@gmail.com,55,Female,Nagpur,Self Employed - Business,Self-Employed,2483008,2,N,Y,Y,N,833,507589.72,9761.34,Personal Loan,74559,0,80.7,9,Married,2,Rented,29.6,194959,0,N,36,0,28-10-2025,Verified
CUST00241,Suresh Kumar,9581827565,suresh.kumar306@rediffmail.com,21,Female,Lucknow,Self Employed - Professional,Self-Employed,1458933,2,Y,Y,N,N,443,,12199.09,Personal Loan,160338,0,60.3,12.4,Married,0,Rented,0.3,0,0,N,24,0,26-04-2026,Verified
CUST00242,Arjun Shah,9826732562,arjun.shah539@hotmail.com,58,Female,Jaipur,Business Owner,Self-Employed,2075961,0,N,N,N,N,726,171020,8143.82,Personal Loan,558312,2,17.3,10.6,Single,0,Owned,14.4,0,3,N,12,0,30-06-2026,Verified
CUST00243,Ayaan Kumar,9496839906,ayaan.kumar586@outlook.com,23,Male,Hyderabad,Salaried - Healthcare,Salaried,1578946,0,N,N,N,N,607,,3256.75,Credit Card,,0,31.9,2.9,Single,0,Rented,0.4,510882,0,N,24,0,07-03-2026,Verified
CUST00244,Ashok Saxena,9750375849,ashok.saxena136@yahoo.com,53,Female,Bhopal,Business Owner,Self-Employed,924878,0,N,N,N,N,719,35814.52,967.96,Car Loan,1434547,0,68.7,6.8,Married,0,Owned,1,0,1,N,84,1541788,08-06-2026,Verified
CUST00245,Swati Bhatt,9719393966,swati.bhatt776@gmail.com,57,Male,Chandigarh,Freelancer,Self-Employed,378282,3,Y,N,Y,Y,510,55672.52,976.71,Home Loan,2210078,3,62.7,6.1,Married,3,Owned,13.3,0,2,N,240,2591883,15-10-2025,Verified
CUST00246,Nikhil Singh,,nikhil.singh262@gmail.com,30,Female,Indore,Self Employed - Business,Self-Employed,547102,2,N,N,Y,Y,699,32413.89,1543.52,Home Loan,4219735,0,94.4,13.5,Married,0,Rented,2.4,0,0,Y,240,4916658,20-04-2026,Verified
CUST00247,Arjun Joshi,9131038055,arjun.joshi418@yahoo.com,22,Female,Coimbatore,Salaried - Government,Salaried,1333124,1,N,N,Y,N,756,67116.15,1290.7,Personal Loan,870910,6,40.5,14.8,Single,2,Owned,0.9,0,0,N,60,0,21-01-2026,Verified
CUST00248,Rohan Sharma,9164612445,rohan.sharma956@hotmail.com,38,Female,Nagpur,Salaried - Healthcare,Salaried,1192355,1,N,N,Y,N,876,50032.57,2943.09,Home Loan,7358849,0,18.3,8.4,Married,1,Rented,16.3,661576,0,N,300,8964942,31-07-2026,Pending
CUST00249,Diya Reddy,,diya.reddy983@rediffmail.com,42,Male,Chennai,Salaried - Private,Salaried,2298707,3,Y,Y,Y,N,800,,22861.1,Credit Card,,4,66.9,8.2,Single,3,Owned,2.9,0,0,N,36,0,24-11-2025,Verified
CUST00250,Preeti Tiwari,9109053121,preeti.tiwari128@hotmail.com,44,Male,Bhopal,Salaried - Private,Salaried,1229125,0,N,N,N,N,496,11058.01,216.82,Car Loan,763780,0,51.9,5.6,Married,3,Rented,5,765843,0,N,72,878397,21-11-2025,Verified
CUST00251,Mahesh Yadav,9707423317,mahesh.yadav689@rediffmail.com,57,Female,Bengaluru,Self Employed - Business,Self-Employed,1458933,1,Y,N,N,N,580,65939.68,1198.9,Credit Card,383324,2,63.4,10.3,Single,0,Owned,20.3,0,2,N,36,0,13-01-2026,Verified
CUST00252,Divya Kapoor,9632119301,divya.kapoor371@rediffmail.com,23,Male,Delhi,Salaried - It/Tech,Salaried,1458933,1,Y,N,N,N,885,999188.96,16935.41,Personal Loan,,0,12.1,3.9,Married,1,Rented,0.5,0,2,N,36,0,01-01-2026,Verified
CUST00253,Pooja Rao,,pooja.rao853@gmail.com,42,Female,Bengaluru,Business Owner,Self-Employed,701272,2,N,N,Y,Y,334,158794,2835.61,Credit Card,,0,92.3,6.7,Married,2,Owned,14.3,0,0,N,12,0,08-07-2026,Verified
CUST00254,Karan Bhatia,9743789670,karan.bhatia807@rediffmail.com,21,Female,Nagpur,Business Owner,Self-Employed,2095605,0,N,N,N,N,326,95157,2883.53,Personal Loan,,0,61.5,1.2,Single,0,Rented,0.3,0,0,N,60,0,10-04-2026,Verified
CUST00255,Krishna Rathi,9147320653,krishna.rathi62@yahoo.com,40,Female,Kochi,Salaried - Healthcare,Salaried,1605218,1,N,N,Y,N,651,280332.65,23361.05,Personal Loan,110101,0,82.8,8.5,Married,1,Company Provided,12.3,201303,0,N,48,0,,Verified
CUST00256,Rekha Agarwal,9707841924,rekha.agarwal987@outlook.com,60,Female,Indore,Salaried - Healthcare,Salaried,980651,1,Y,N,N,N,303,375844.53,6711.51,Personal Loan,539199,1,27.7,11.1,Divorced,1,Rented,6.4,892409,0,N,12,0,06-06-2026,Verified
CUST00257,Nikhil Kapoor,9308739111,nikhil.kapoor647@rediffmail.com,44,Male,Mumbai,Self Employed - Professional,Self-Employed,1129738,3,Y,Y,N,Y,867,166725.1,6946.88,Credit Card,112315,3,91.5,0.5,Single,1,Rented,2.8,0,0,N,24,0,30-07-2026,Verified
CUST00258,Divya Rathi,,divya.rathi903@hotmail.com,25,Female,Chennai,Self Employed - Business,Self-Employed,1095412,1,Y,N,N,N,550,605334,10088.89,Personal Loan,945940,1,80,5,Married,2,Rented,3.5,0,2,N,12,0,23-04-2026,Verified
CUST00259,Swati Gupta,9279780397,swati.gupta521@hotmail.com,62,Male,Chandigarh,Freelancer,Self-Employed,2247278,1,Y,N,N,N,806,638799.77,13036.73,Home Loan,6852817,5,60.5,0.7,Married,0,Rented,12.1,816532,1,Y,240,8316800,08-10-2025,Verified
CUST00260,Sai Iyer,9577283948,,35,Male,Bhopal,Freelancer,Self-Employed,1458933,1,Y,N,N,N,624,,21558.3,Personal Loan,513143,0,66.3,5.5,Married,3,Rented,9.1,0,2,N,12,0,26-02-2026,Verified
CUST00261,Aryan Mehta,9311147379,aryan.mehta692@outlook.com,37,Female,Jaipur,Self Employed - Professional,Self-Employed,878248,0,N,N,N,N,308,67631.78,2254.39,Car Loan,1146853,5,83.1,11.4,Married,2,Company Provided,15.2,0,0,N,36,1313018,17-05-2026,Verified
CUST00262,Kritika Chauhan,9603303948,,42,Male,Lucknow,Self Employed - Professional,Self-Employed,2098488,1,N,N,Y,N,871,37903.82,1895.19,Personal Loan,370415,5,5.9,12.2,Single,1,Owned,14.5,0,1,N,36,0,22-06-2026,Verified
CUST00263,Kiran Verma,9249394788,kiran.verma158@outlook.com,57,Female,Nagpur,Self Employed - Professional,Self-Employed,1938446,1,Y,N,N,N,762,,23974.32,Credit Card,109875,0,57.5,0.7,Single,1,Owned,2.4,0,0,N,12,0,15-04-2026,Verified
CUST00264,Divya Sharma,9284496457,divya.sharma335@hotmail.com,46,Male,Hyderabad,Self Employed - Business,Self-Employed,2054952,2,Y,Y,N,N,433,1073239,34620.6,Home Loan,,2,20.1,8.7,Married,0,Rented,11.6,893314,0,N,360,10075858,22-05-2026,Verified
CUST00265,Nisha Sethi,9627162809,nisha.sethi472@hotmail.com,57,Male,Bengaluru,Salaried - It/Tech,Salaried,2213888,1,Y,N,N,N,479,551328.19,23970.79,Home Loan,5340540,0,67.6,10.5,Married,2,Owned,26.6,811917,0,N,120,7073604,15-12-2025,Verified
CUST00266,Riya Chauhan,9693590140,riya.chauhan125@outlook.com,25,Male,Kochi,Salaried - Healthcare,Salaried,1458933,2,Y,Y,N,N,374,774332.03,14078.76,Home Loan,4697364,0,42.9,3.1,Married,1,Rented,0.8,0,0,N,120,6046011,28-12-2025,Verified
CUST00267,Tanya Singh,9605504475,tanya.singh841@outlook.com,31,Male,Mumbai,Salaried - Government,Salaried,1043384,2,Y,N,N,Y,311,424062,20193.45,Home Loan,4503851,0,72.9,13.4,Married,1,Owned,6.5,0,1,N,120,5619250,30-01-2026,Verified
CUST00268,Simran Sharma,9152253317,simran.sharma791@hotmail.com,33,Female,Kanpur,Self Employed - Professional,Self-Employed,1138800,1,Y,N,N,N,496,464603,29037.67,Personal Loan,975143,0,84.4,10,Single,0,Rented,9.8,620090,1,Y,48,0,02-04-2026,Verified
CUST00269,Dhruv Kumar,,dhruv.kumar332@yahoo.com,21,Female,Lucknow,Salaried - Private,Salaried,1932367,2,Y,Y,N,N,677,50943.7,2037.75,Home Loan,4029452,2,52.5,14.9,Single,2,Company Provided,0.3,0,0,N,240,5622512,17-08-2026,Verified
CUST00270,Rita Chauhan,9844876980,,32,Female,Chandigarh,Salaried - Government,Salaried,1705533,1,Y,N,N,N,538,515160,9037.89,Credit Card,141952,0,77.1,2,Married,1,Owned,1.1,524045,0,N,12,0,,Pending
CUST00271,Simran Kapoor,9893769688,simran.kapoor899@outlook.com,29,Female,Lucknow,Salaried - Private,Salaried,2484699,0,N,N,N,N,534,210438,6376.9,Car Loan,,0,10.1,13.8,Divorced,3,Rented,2,0,0,N,84,849410,04-05-2026,Verified
CUST00272,Aryan Verma,9781146329,aryan.verma145@yahoo.com,29,Male,Kolkata,Freelancer,Self-Employed,1157203,2,Y,Y,N,N,502,170056.74,7393.77,Personal Loan,367824,0,47.6,9.6,Married,2,Owned,7.8,0,0,N,60,0,04-07-2026,Verified
CUST00273,Anil Singh,9980042882,anil.singh977@hotmail.com,22,Female,Indore,Salaried - Government,Salaried,1559262,1,N,Y,N,N,774,286138,9537.92,Home Loan,6215589,1,11.8,2.2,Married,0,Owned,0.3,0,1,N,300,8609034,05-03-2026,Verified
CUST00274,Manish Mishra,9731691986,manish.mishra73@hotmail.com,23,Male,Nagpur,Self Employed - Business,Self-Employed,1114652,0,N,N,N,N,656,,1321.01,Car Loan,,2,93,11.1,Married,0,Rented,1.4,0,1,N,48,493045,09-08-2026,Verified
CUST00275,Rahul Bansal,9720989768,rahul.bansal975@yahoo.com,21,Female,Bengaluru,Salaried - Education,Salaried,1967935,1,N,N,Y,N,733,195798.05,5020.46,Car Loan,933800,1,55.7,13.3,Married,2,Rented,0.3,0,2,N,72,1125545,18-02-2026,Verified
CUST00276,Vikram Yadav,9324976345,vikram.yadav953@hotmail.com,65,Female,Mumbai,Self Employed - Business,Self-Employed,2362436,2,Y,Y,N,N,595,1039059,47229.96,Personal Loan,,0,17.8,7.4,Married,0,Rented,6.6,712437,2,N,48,0,08-04-2026,Verified
CUST00277,Swati Kumar,9783365422,swati.kumar171@gmail.com,39,Male,Nagpur,Salaried - Government,Salaried,1460824,3,Y,Y,Y,N,403,8332,287.33,Credit Card,,1,98.8,1.6,Married,0,Rented,17.8,0,3,N,24,0,01-07-2026,Verified
CUST00278,Kavya Pandey,9468376600,kavya.pandey323@yahoo.com,44,Female,Nagpur,Salaried - Private,Salaried,1793294,1,N,N,Y,N,711,,39015.99,Credit Card,335573,0,55.4,14.3,Single,0,Rented,15.9,0,0,N,12,0,18-07-2026,Pending
CUST00279,Geeta Mehta,,geeta.mehta649@outlook.com,23,Female,Bhopal,Self Employed - Professional,Self-Employed,2332291,2,Y,N,Y,N,787,,24660.77,Credit Card,404973,0,62.7,10.7,Single,3,Rented,1.5,523444,0,N,36,0,20-11-2025,Verified
CUST00280,Ayaan Joshi,9811506547,ayaan.joshi554@yahoo.com,36,Male,Kolkata,Salaried - Government,Salaried,742371,2,Y,N,Y,N,692,341331,13128.13,Car Loan,,6,68.7,10,Single,2,Rented,12,317855,1,Y,24,1531114,07-03-2026,Verified
CUST00281,Vinod Yadav,9878492981,vinod.yadav391@rediffmail.com,48,Male,Ahmedabad,Salaried - It/Tech,Salaried,785238,2,Y,Y,N,N,492,350821.29,18464.28,Car Loan,567213,4,95.6,8.7,Married,0,Rented,22.9,0,0,N,84,701521,29-10-2025,Verified
CUST00282,Simran Agarwal,9338522684,simran.agarwal110@hotmail.com,21,Female,Lucknow,Self Employed - Business,Self-Employed,1458933,0,N,N,N,N,449,,2061.04,Credit Card,333985,0,52.7,10.4,Married,3,Rented,0.3,0,0,N,36,0,25-09-2025,Pending
CUST00283,Diya Singh,9988934422,diya.singh734@yahoo.com,35,Male,Kolkata,Business Owner,Self-Employed,1943361,2,Y,N,N,Y,322,638910.53,19360.93,Home Loan,7186626,1,38.1,6,Married,2,Owned,12.9,0,0,N,240,9616184,,Verified
CUST00284,Vihaan Bhatia,9861913813,,62,Male,Chennai,Business Owner,Self-Employed,1458933,3,Y,Y,Y,N,309,,10520.43,Credit Card,375633,3,86.6,5.8,Divorced,2,Owned,2,0,0,Y,12,0,16-05-2026,Verified
CUST00285,Radhika Malhotra,,radhika.malhotra643@hotmail.com,36,Male,Hyderabad,Self Employed - Professional,Self-Employed,1458933,1,Y,N,N,N,684,914097.56,16927.73,Credit Card,,1,82.7,5.9,Single,1,Owned,2,631057,2,N,36,0,13-01-2026,Verified
CUST00286,Reyansh Rathi,9736598991,reyansh.rathi186@hotmail.com,51,Female,Surat,Self Employed - Business,Self-Employed,717086,1,Y,N,N,N,715,349738,26902.9,Home Loan,,3,79.4,8,Married,3,Rented,24.6,0,1,N,120,7367685,28-06-2026,Verified
CUST00287,Aarav Bhatt,9580212641,aarav.bhatt820@outlook.com,28,Male,Chennai,Self Employed - Professional,Self-Employed,976164,3,Y,Y,N,Y,427,296450,8470.01,Personal Loan,493601,8,67.5,3.9,Married,3,Company Provided,2.3,0,0,N,36,0,20-05-2026,Verified
CUST00288,Isha Bansal,,isha.bansal523@yahoo.com,65,Male,Delhi,Self Employed - Professional,Self-Employed,1458933,2,Y,Y,N,N,865,58858.75,1731.14,Car Loan,,2,45.1,8.3,Married,2,Owned,13.8,0,1,Y,36,658976,01-10-2025,Verified
CUST00289,Vikram Mishra,9848186455,vikram.mishra662@yahoo.com,43,Male,Indore,Self Employed - Business,Self-Employed,1626911,1,N,N,Y,N,379,,5732.21,Credit Card,378602,1,11.3,9.7,Married,1,Owned,20,157397,0,Y,36,0,18-10-2025,Verified
CUST00291,Vihaan Khanna,9878913009,vihaan.khanna655@outlook.com,36,Female,Bhopal,Self Employed - Business,Self-Employed,2141131,0,N,N,N,N,738,111466,1955.55,Personal Loan,370012,1,13.3,4.7,Single,3,Rented,1.4,220225,1,N,36,0,05-06-2026,Pending
CUST00292,Preeti Bhatia,,preeti.bhatia986@hotmail.com,64,Female,Chandigarh,Business Owner,Self-Employed,2460114,1,N,N,N,Y,314,909681,15418.33,Credit Card,,0,55.8,5.3,Divorced,2,Company Provided,30,0,1,N,36,0,20-11-2025,Verified
CUST00293,Manju Chauhan,9662121467,manju.chauhan926@yahoo.com,32,Male,Kanpur,Self Employed - Business,Self-Employed,2454548,3,Y,Y,N,Y,415,497721.36,9049.48,Personal Loan,922128,1,77.8,1.9,Married,1,Owned,8.2,0,0,N,60,0,13-09-2025,Pending
CUST00294,Lata Bansal,9624272120,lata.bansal59@outlook.com,21,Female,Lucknow,Salaried - It/Tech,Salaried,1458933,1,Y,N,N,N,309,108492.21,2523.07,Personal Loan,,1,90.4,6.3,Single,0,Rented,0.3,503024,0,N,24,0,27-05-2026,Verified
CUST00295,Reyansh Kapoor,9804674903,reyansh.kapoor860@hotmail.com,31,Male,Kanpur,Salaried - Education,Salaried,324369,2,Y,N,Y,N,341,26017,684.66,Car Loan,366283,0,23.9,7.3,Single,1,Owned,5.6,0,1,N,60,421362,13-03-2026,Verified
CUST00296,Reyansh Rathi,9122712010,reyansh.rathi130@yahoo.com,43,Male,Ahmedabad,Salaried - Private,Salaried,1458933,2,Y,N,Y,N,588,505865,8431.08,Home Loan,3578254,1,74.3,3,Married,0,Owned,15.5,0,0,N,120,4742211,10-05-2026,Verified
CUST00297,Aryan Bhatia,,aryan.bhatia645@yahoo.com,35,Male,Chennai,Salaried - Education,Salaried,460920,4,Y,Y,Y,Y,504,25148.38,1676.56,Home Loan,,1,71.5,14.7,Married,1,Owned,6.2,232541,0,Y,300,5957719,19-09-2025,Verified
CUST00298,Aarav Verma,9809132123,aarav.verma763@outlook.com,34,Male,Chandigarh,Salaried - It/Tech,Salaried,722625,2,Y,Y,N,N,414,42008,3500.66,Personal Loan,397300,0,82,11.2,Married,2,Owned,3.8,0,0,N,60,0,26-10-2025,Verified
CUST00299,Seema Sethi,9802608498,seema.sethi838@yahoo.com,33,Female,Hyderabad,Salaried - Government,Salaried,1738218,1,Y,N,N,N,457,45691.95,1903.83,Home Loan,6117892,2,89.7,11.4,Single,2,Owned,4.6,0,0,N,300,7676431,10-05-2026,Verified
CUST00300,Rohan Bansal,9394364860,rohan.bansal714@yahoo.com,39,Female,Delhi,Self Employed - Professional,Self-Employed,1458933,2,Y,N,N,Y,748,886103.08,24613.97,Home Loan,4862564,1,24.7,0.3,Married,2,Owned,16.7,0,0,N,240,5960786,,Verified
CUST00301,Vikram Bhatt,9227886302,vikram.bhatt176@yahoo.com,43,Male,Surat,Salaried - Private,Salaried,1458933,2,N,Y,Y,N,352,355129,13152.92,Personal Loan,610563,0,66.6,9.6,Divorced,1,Company Provided,1.8,250209,2,N,12,0,12-07-2026,Verified
CUST00302,Geeta Shah,9335449670,geeta.shah749@outlook.com,32,Female,Mumbai,Freelancer,Self-Employed,746453,0,N,N,N,N,864,15388.8,384.72,Personal Loan,390014,0,60.3,12.2,Single,0,Owned,8.1,0,2,N,24,0,18-04-2026,Verified
CUST00304,Rajesh Bansal,,rajesh.bansal812@gmail.com,27,Male,Bengaluru,Self Employed - Professional,Self-Employed,1458933,2,Y,N,N,Y,639,254005.25,9407.6,Credit Card,304964,2,64.6,2,Single,0,Owned,3.2,0,0,Y,12,0,20-12-2025,Verified
CUST00305,Ishaan Shah,9803692376,ishaan.shah294@yahoo.com,64,Female,Hyderabad,Business Owner,Self-Employed,1458933,1,N,Y,N,N,378,373549,19660.47,Car Loan,,4,62.4,2.8,Married,2,Rented,4.8,0,0,N,48,585401,11-01-2026,Verified
CUST00306,Mahesh Shah,,mahesh.shah831@gmail.com,21,Male,Chennai,Salaried - Healthcare,Salaried,919835,1,Y,N,N,N,368,62455.34,1601.42,Car Loan,603390,0,99.5,2.9,Married,1,Owned,0.3,0,0,N,48,650240,26-07-2026,Pending
CUST00307,Meera Malhotra,,meera.malhotra510@rediffmail.com,55,Female,Coimbatore,Freelancer,Self-Employed,1265170,1,Y,N,N,N,524,,19767.39,Car Loan,306010,0,85.8,5.6,Married,0,Owned,27.4,0,2,N,36,339347,07-11-2025,Verified
CUST00308,Kritika Khanna,9552127953,kritika.khanna249@yahoo.com,35,Male,Chennai,Salaried - Government,Salaried,1458933,2,Y,Y,N,N,408,357925.7,22370.36,Home Loan,,4,7.9,5.6,Married,0,Rented,11.4,286818,1,N,240,8216499,14-02-2026,Verified
CUST00309,Suresh Tiwari,9114183509,suresh.tiwari294@gmail.com,30,Male,Delhi,Self Employed - Business,Self-Employed,2410974,1,Y,N,N,N,765,,28629.76,Car Loan,776713,0,19.9,14.6,Married,4,Owned,2.1,0,0,N,84,967161,01-07-2026,Verified
CUST00310,Geeta Tiwari,9602979426,geeta.tiwari489@outlook.com,62,Female,Nagpur,Self Employed - Business,Self-Employed,529309,2,N,N,Y,Y,379,115189,3490.57,Credit Card,,0,56.4,1.2,Married,2,Owned,16.7,0,0,N,12,0,10-06-2026,Pending
CUST00311,Pooja Verma,9151592119,pooja.verma323@gmail.com,40,Male,Kanpur,Salaried - It/Tech,Salaried,1969905,1,Y,N,N,N,432,830500,46138.91,Car Loan,,4,52.8,7.6,Single,0,Rented,9.2,0,0,N,84,1318746,12-07-2026,Verified
CUST00312,Sanjay Rao,9331549411,sanjay.rao827@yahoo.com,31,Female,Bhopal,Self Employed - Business,Self-Employed,1721955,2,Y,N,N,Y,696,247042.64,4843.97,Credit Card,99902,1,99.5,1.6,Married,2,Owned,8.7,0,2,N,36,0,02-02-2026,Verified
CUST00313,Nikhil Patel,9173188220,,44,Male,Bengaluru,Salaried - Government,Salaried,1051561,0,N,N,N,N,752,68382,3419.11,Credit Card,318180,1,39.5,4.4,Married,2,Rented,10.3,0,1,N,12,0,10-08-2026,Verified
CUST00314,Tanya Nair,9832888487,tanya.nair44@rediffmail.com,62,Male,Ahmedabad,Freelancer,Self-Employed,333315,2,Y,Y,N,N,374,44607.8,1088,Credit Card,202943,1,66,13.5,Married,0,Rented,27.5,0,1,N,24,0,28-09-2025,Verified
CUST00315,Simran Joshi,9328315290,simran.joshi720@hotmail.com,28,Female,Bhopal,Salaried - Private,Salaried,1458933,2,N,Y,Y,N,689,35689,1019.68,Home Loan,5471247,0,25.1,0.5,Single,1,Owned,1.5,355429,0,N,300,7483694,21-05-2026,Verified
CUST00316,Lata Nair,9297652556,lata.nair851@gmail.com,26,Female,Lucknow,Salaried - It/Tech,Salaried,1458933,1,Y,N,N,N,464,573619,14708.19,Car Loan,,0,5.9,11.8,Married,0,Rented,3.2,889776,3,N,84,1790201,02-09-2025,Verified
CUST00317,Neha Khanna,9258362512,neha.khanna512@outlook.com,28,Female,Jaipur,Freelancer,Self-Employed,315421,0,N,N,N,N,892,,122.95,Personal Loan,490586,2,78.6,9.1,Married,0,Owned,4.9,0,0,N,36,0,30-01-2026,Verified
CUST00318,Usha Kumar,9850886071,usha.kumar512@hotmail.com,47,Male,Kanpur,Salaried - Healthcare,Salaried,2086140,3,Y,N,Y,Y,738,467030.19,9936.81,Personal Loan,619128,0,32.1,10,Single,2,Rented,24.4,0,0,N,12,0,10-10-2025,Verified
CUST00319,Swati Khanna,9541608179,swati.khanna107@hotmail.com,43,Female,Bhopal,Freelancer,Self-Employed,436883,1,N,N,Y,N,864,99892.38,4162.18,Home Loan,2543883,0,80.4,7.1,Single,2,Rented,12.1,0,1,N,240,3484870,08-01-2026,Verified
CUST00320,Lata Rathi,9545298475,lata.rathi690@yahoo.com,21,Female,Delhi,Salaried - Private,Salaried,1458933,1,Y,N,N,N,625,82449.62,1717.7,Home Loan,3528626,1,42.2,9.3,Married,0,Company Provided,0.3,0,3,N,180,4413534,04-02-2026,Verified
CUST00321,Saanvi Rao,9206920983,saanvi.rao728@yahoo.com,53,Male,Nagpur,Salaried - It/Tech,Salaried,967117,2,N,Y,Y,N,456,,283.2,Credit Card,319784,0,75.5,2.1,Married,2,Owned,7.4,0,0,N,18,0,07-03-2026,Verified
CUST00322,Mahesh Verma,9395241238,mahesh.verma85@yahoo.com,61,Male,Hyderabad,Salaried - Government,Salaried,2225721,2,N,Y,Y,N,484,,2881.34,Car Loan,,0,51.6,0.5,Married,4,Owned,20.7,0,0,Y,36,799429,31-08-2025,Verified
CUST00323,Mahesh Agarwal,9777760231,mahesh.agarwal622@gmail.com,28,Female,Kanpur,Business Owner,Self-Employed,1458933,1,Y,N,N,N,330,,2294.11,Personal Loan,,4,15.9,3.4,Married,0,Rented,6.6,511181,3,N,60,0,25-07-2026,Verified
CUST00324,Vinod Rathi,9632363028,vinod.rathi447@rediffmail.com,46,Male,Jaipur,Self Employed - Business,Self-Employed,1458933,0,N,N,N,N,897,89622.59,1829.03,Car Loan,,3,95.6,7.4,Single,1,Rented,20.5,0,1,N,72,725464,15-07-2026,Verified
CUST00325,Tanya Patel,,tanya.patel982@rediffmail.com,37,Female,Surat,Freelancer,Self-Employed,1777457,2,Y,Y,N,N,490,381525,23845.33,Personal Loan,738866,0,18.8,4.9,Married,2,Rented,3.7,0,0,N,12,0,11-03-2026,Verified
CUST00326,Dhruv Desai,9333499573,dhruv.desai106@rediffmail.com,38,Male,Indore,Salaried - Education,Salaried,1632879,2,N,Y,Y,N,347,970185,25531.17,Credit Card,,1,62.1,8.9,Married,0,Owned,13.4,0,0,N,18,0,20-03-2026,Verified
CUST00327,Shreya Khanna,9666413507,,62,Male,Bengaluru,Business Owner,Self-Employed,1458933,0,N,N,N,N,654,27983,595.37,Car Loan,,1,42.4,10.5,Married,3,Company Provided,3.9,0,1,N,24,1622891,05-11-2025,Verified
CUST00328,Ananya Bhatia,9838303704,ananya.bhatia742@hotmail.com,35,Male,Bengaluru,Self Employed - Professional,Self-Employed,1458933,1,N,N,Y,N,353,287816,20558.27,Credit Card,,5,12.1,5.1,Single,3,Owned,2.6,495520,0,N,36,0,18-07-2026,Verified
CUST00329,Ayaan Desai,9666494300,ayaan.desai247@rediffmail.com,51,Female,Jaipur,Salaried - Healthcare,Salaried,1458933,3,Y,Y,N,Y,871,1165389.22,43162.56,Personal Loan,778723,0,97.3,1.1,Married,0,Rented,5.9,306496,1,N,36,0,01-02-2026,Verified
CUST00330,Suresh Singh,9641715005,suresh.singh109@yahoo.com,35,Male,Nagpur,Business Owner,Self-Employed,2453624,2,Y,N,Y,N,614,1400765.99,29182.62,Credit Card,,1,15.2,1.8,Married,1,Owned,6.8,0,0,N,12,0,23-02-2026,Verified
CUST00331,Ishaan Chopra,9639222830,ishaan.chopra442@rediffmail.com,42,Female,Bhopal,Salaried - It/Tech,Salaried,1458933,1,Y,N,N,N,601,,9147.81,Car Loan,1410573,1,54.3,1.8,Married,0,Owned,2.7,0,1,N,72,1509604,19-12-2025,Verified
CUST00332,Deepak Tiwari,9534392347,deepak.tiwari402@hotmail.com,27,Male,Jaipur,Business Owner,Self-Employed,1162790,2,Y,Y,N,N,594,,28445.03,Personal Loan,577685,4,64.1,11.1,Single,2,Owned,4.2,399116,0,Y,48,0,02-04-2026,Verified
CUST00333,Kabir Nair,9182653501,kabir.nair175@gmail.com,59,Female,Chandigarh,Salaried - Private,Salaried,2348109,2,N,N,Y,Y,597,1176908.44,26153.52,Personal Loan,841666,0,13.9,4.7,Single,1,Rented,29.7,514870,0,N,36,0,27-01-2026,Verified
CUST00334,Lata Desai,9931641272,,51,Female,Jaipur,Freelancer,Self-Employed,386936,2,Y,N,Y,N,665,,4280.65,Home Loan,4515032,0,13.5,13.8,Married,0,Owned,18.9,0,2,Y,360,5389766,08-08-2026,Verified
CUST00335,Diya Chopra,9732592673,,40,Male,Delhi,Freelancer,Self-Employed,1739797,1,N,Y,N,N,655,,25088.62,Home Loan,,0,69.7,7.9,Married,2,Owned,9.4,371045,0,N,360,8561952,03-05-2026,Verified
CUST00336,Saanvi Shah,,saanvi.shah855@gmail.com,24,Female,Chennai,Salaried - Healthcare,Salaried,1458933,0,N,N,N,N,388,106131,5053.85,Personal Loan,,1,12.7,3.4,Married,1,Rented,2,0,3,N,36,0,27-01-2026,Verified
CUST00337,Kabir Agarwal,9567954159,kabir.agarwal696@outlook.com,58,Male,Pune,Salaried - It/Tech,Salaried,1458933,2,Y,Y,N,N,772,284638,7906.61,Home Loan,,0,47,4.8,Single,2,Rented,13,0,0,N,360,2666740,29-03-2026,Verified
CUST00338,Krishna Bansal,9424688774,,58,Female,Chennai,Freelancer,Self-Employed,1458933,2,Y,N,Y,N,773,741446.84,16476.6,Home Loan,1955889,0,30.7,14.8,Married,2,Rented,17.1,0,2,N,360,2579042,22-09-2025,Verified
CUST00339,Divya Singh,9703495788,divya.singh759@hotmail.com,29,Male,Chennai,Salaried - It/Tech,Salaried,1458933,0,N,N,N,N,505,18399,1533.25,Personal Loan,683120,4,54.4,3.9,Married,0,Rented,3.3,0,0,N,24,0,24-12-2025,Verified
CUST00340,Shreya Nair,9982279119,shreya.nair628@hotmail.com,63,Male,Indore,Self Employed - Business,Self-Employed,1458933,2,Y,N,N,Y,859,46983,1118.64,Car Loan,907018,2,96.1,7.5,Single,1,Rented,3.5,0,0,N,60,974160,,Verified
CUST00341,Manish Verma,9792680500,,49,Female,Kanpur,Self Employed - Business,Self-Employed,1458933,2,N,N,Y,Y,812,1161824.81,26405.11,Personal Loan,415779,4,54.9,7.8,Married,0,Rented,15.9,0,2,N,36,0,15-03-2026,Verified
CUST00342,Sunita Mishra,,sunita.mishra386@hotmail.com,59,Male,Kochi,Freelancer,Self-Employed,1458933,1,Y,N,N,N,713,,4326.37,Personal Loan,292959,0,15.1,14,Married,2,Company Provided,24.3,0,0,Y,24,0,10-03-2026,Verified
CUST00343,Riya Khanna,9169116659,riya.khanna64@rediffmail.com,37,Male,Delhi,Salaried - Government,Salaried,2151904,0,N,N,N,N,628,,579.19,Home Loan,,8,59.5,3.2,Married,1,Owned,3.5,760378,2,N,360,3025991,03-08-2026,Verified
CUST00344,Aditya Rathi,9250927932,aditya.rathi915@gmail.com,44,Male,Coimbatore,Salaried - Government,Salaried,1729046,1,Y,N,N,N,808,197253.27,7890.13,Home Loan,5701436,0,63.8,8.5,Married,0,Owned,8.8,208608,1,N,120,7267495,21-09-2025,Verified
CUST00345,Diya Sharma,,diya.sharma842@outlook.com,37,Female,Kanpur,Salaried - Government,Salaried,1458933,1,N,Y,N,N,812,180247.95,3534.27,Credit Card,,2,15.5,7.2,Single,1,Owned,5.6,400906,1,N,24,0,31-07-2026,Verified
CUST00346,Vihaan Rao,9629950772,,60,Male,Kanpur,Salaried - Government,Salaried,2045837,1,N,N,Y,N,432,,23717.83,Credit Card,38664,1,26.4,5.4,Married,2,Rented,7.1,0,0,N,18,0,26-05-2026,Verified
CUST00347,Meera Pandey,,meera.pandey756@gmail.com,56,Female,Delhi,Salaried - Education,Salaried,1882208,1,N,N,N,Y,748,133252,2612.78,Car Loan,1037755,0,46.5,1.1,Married,2,Owned,22.5,0,1,N,24,1270888,31-12-2025,Verified
CUST00348,Arjun Verma,9236060156,,39,Female,Lucknow,Salaried - Healthcare,Salaried,1324435,1,N,Y,N,N,378,60695,1319.45,Personal Loan,568970,2,82.3,13.5,Single,1,Owned,6.8,0,2,N,36,0,05-02-2026,Verified
CUST00349,Sneha Kumar,9157979408,,60,Female,Jaipur,Salaried - Government,Salaried,1153771,0,N,N,N,N,866,,694.8,Personal Loan,,8,71.3,9.8,Married,0,Rented,1.3,438132,2,N,36,0,04-07-2026,Verified
CUST00350,Vivaan Bhatia,9510800934,vivaan.bhatia394@hotmail.com,23,Male,Pune,Salaried - Education,Salaried,1073542,1,N,N,N,Y,656,603689.53,12073.79,Car Loan,850571,3,61.1,11.4,Married,3,Owned,1,0,1,N,24,987223,08-08-2026,Verified
CUST00351,Shreya Kapoor,9555089389,shreya.kapoor587@rediffmail.com,54,Female,Kolkata,Salaried - Education,Salaried,1458933,2,N,N,Y,Y,580,115995,4296.11,Car Loan,1007856,1,8.7,4.3,Married,1,Rented,23.2,380171,1,N,36,1147708,03-09-2025,Verified
CUST00352,Neha Verma,9485176589,neha.verma492@rediffmail.com,34,Female,Delhi,Salaried - Government,Salaried,1459497,0,N,N,N,N,564,111794.09,3854.97,Car Loan,1337941,0,64.9,2.4,Single,0,Owned,0.8,0,2,N,24,1552923,20-12-2025,Verified
CUST00353,Sanjay Nair,9376429550,sanjay.nair17@outlook.com,55,Male,Ahmedabad,Salaried - Healthcare,Salaried,757864,1,Y,N,N,N,633,259355.87,4715.56,Home Loan,2098889,1,88.2,2.3,Married,2,Owned,12.4,0,0,Y,360,2430071,02-03-2026,Verified
CUST00354,Rita Singh,,rita.singh27@gmail.com,59,Male,Lucknow,Freelancer,Self-Employed,2431470,0,N,N,N,N,896,,136.66,Personal Loan,449601,2,66.7,14.3,Divorced,4,Rented,29.9,0,1,N,12,0,23-05-2026,Verified
CUST00355,Simran Joshi,9807808200,,49,Female,Jaipur,Self Employed - Professional,Self-Employed,1529204,0,N,N,N,N,536,69704,1181.43,Credit Card,383369,0,74.6,13.2,Married,1,Rented,25.6,0,1,N,36,0,21-12-2025,Verified
CUST00356,Geeta Singh,9677260679,,64,Male,Jaipur,Salaried - It/Tech,Salaried,1732655,2,Y,Y,N,N,889,513767,21406.96,Personal Loan,,1,20.8,6.4,Single,2,Rented,3.3,0,2,N,24,0,02-10-2025,Verified
CUST00357,Usha Desai,,usha.desai926@hotmail.com,43,Male,Nagpur,Freelancer,Self-Employed,1458933,1,N,Y,N,N,410,,55926.48,Credit Card,407316,5,95.2,13.7,Single,2,Owned,16.7,0,1,N,12,0,,Verified
CUST00358,Radhika Agarwal,,radhika.agarwal691@hotmail.com,45,Female,Bhopal,Self Employed - Business,Self-Employed,1458933,1,N,Y,N,N,805,498066.06,10376.38,Home Loan,,0,35.3,2.8,Married,3,Rented,23.7,539351,1,N,120,4814893,18-11-2025,Verified
CUST00359,Vikram Joshi,9571283271,vikram.joshi230@yahoo.com,39,Female,Hyderabad,Self Employed - Professional,Self-Employed,1468653,2,Y,Y,N,N,328,527297.72,37664.12,Personal Loan,56988,1,83.1,5.7,Married,3,Owned,8.2,490387,2,N,12,0,10-04-2026,Verified
CUST00360,Anjali Nair,9193269322,anjali.nair886@yahoo.com,38,Female,Kanpur,Salaried - Government,Salaried,1232988,0,N,N,N,N,825,,5179.18,Car Loan,,0,93.6,12,Married,3,Rented,15,625873,0,N,60,465819,16-12-2025,Verified
CUST00361,Amit Joshi,9262600063,amit.joshi497@yahoo.com,52,Female,Chennai,Self Employed - Professional,Self-Employed,672083,1,N,N,N,Y,368,,3879.83,Personal Loan,794479,0,44.7,4.1,Married,2,Rented,14.7,0,0,N,24,0,22-01-2026,Verified
CUST00362,Anjali Rathi,,,43,Female,Surat,Salaried - Government,Salaried,1218261,1,Y,N,N,N,757,237851,4404.65,Home Loan,2471561,0,95.8,10,Married,1,Owned,19.4,0,2,N,180,2860191,10-01-2026,Verified
CUST00363,Manju Bhatia,9940555052,manju.bhatia419@gmail.com,56,Female,Jaipur,Salaried - Healthcare,Salaried,2024819,1,Y,N,N,N,574,589836,22686.01,Car Loan,,0,43.9,8.7,Married,0,Rented,28.5,0,0,N,24,490676,05-09-2025,Verified
CUST00364,Sai Chauhan,9856698632,,56,Male,Delhi,Freelancer,Self-Employed,1182747,3,Y,Y,Y,N,534,205931,9360.5,Car Loan,,0,57.5,3.9,Married,3,Rented,15.9,0,1,N,48,1104975,21-12-2025,Verified
CUST00365,Deepak Rao,9136268864,deepak.rao279@gmail.com,45,Female,Chennai,Salaried - It/Tech,Salaried,656166,1,Y,N,N,N,320,5804,126.17,Personal Loan,150198,2,80.3,3.1,Single,1,Owned,12.4,355537,0,N,60,0,,Verified
CUST00366,Saanvi Gupta,9338642289,saanvi.gupta991@hotmail.com,56,Female,Chandigarh,Salaried - It/Tech,Salaried,2424807,2,Y,Y,N,N,681,1109640.74,19467.38,Credit Card,,0,97.6,6.1,Married,1,Rented,19.4,757261,3,N,18,0,10-12-2025,Verified
CUST00367,Anjali Agarwal,9368402236,anjali.agarwal86@yahoo.com,46,Male,Kochi,Self Employed - Professional,Self-Employed,547182,1,N,Y,N,N,454,11986,214.04,Home Loan,1546739,0,24.9,8.5,Married,1,Company Provided,6.1,0,0,N,120,2134976,31-03-2026,Verified
CUST00368,Meera Singh,9912700913,meera.singh14@yahoo.com,54,Male,Kolkata,Self Employed - Professional,Self-Employed,2135432,1,N,Y,N,N,837,,10580.02,Home Loan,,0,16.2,14.9,Single,3,Owned,9.9,0,1,N,240,6212527,08-12-2025,Verified
CUST00369,Sanjay Shah,9657679799,sanjay.shah620@outlook.com,51,Female,Pune,Salaried - Healthcare,Salaried,1458933,1,Y,N,N,N,483,,4891.91,Credit Card,183494,2,23.9,1.6,Married,0,Rented,18,627258,2,N,12,0,02-12-2025,Verified
CUST00370,Geeta Khanna,9557591883,geeta.khanna599@outlook.com,44,Female,Jaipur,Freelancer,Self-Employed,1149716,2,Y,Y,N,N,569,,19441.46,Home Loan,4269584,1,86.1,9.2,Divorced,2,Rented,20.9,152003,0,N,360,5066386,18-11-2025,Verified
CUST00371,Aarav Mehta,,aarav.mehta918@gmail.com,29,Male,Indore,Business Owner,Self-Employed,1671912,2,Y,N,Y,N,694,,20837.27,Car Loan,1394683,0,12.4,9.2,Married,0,Rented,2.4,477932,0,N,48,1655591,07-06-2026,Verified
CUST00372,Suresh Shah,9291139369,suresh.shah26@outlook.com,50,Female,Indore,Self Employed - Professional,Self-Employed,1101045,3,Y,Y,N,Y,752,238481,9936.69,Credit Card,327331,0,13.9,5.7,Married,3,Rented,1.3,509051,0,N,24,0,13-01-2026,Verified
CUST00373,Nisha Saxena,9132670198,nisha.saxena884@hotmail.com,59,Female,Chandigarh,Self Employed - Business,Self-Employed,2285786,1,N,N,N,Y,678,39549,693.84,Personal Loan,,2,87.7,2.1,Married,3,Owned,19.2,223107,0,Y,24,0,27-07-2026,Verified
CUST00374,Vivaan Mehta,,vivaan.mehta689@outlook.com,31,Female,Kochi,Salaried - Private,Salaried,1991030,2,Y,N,Y,N,813,176222.82,6076.65,Credit Card,110484,0,31.2,3.1,Married,0,Rented,8.4,355322,0,N,12,0,11-06-2026,Pending
CUST00375,Sai Kumar,9197239910,sai.kumar187@gmail.com,32,Female,Mumbai,Self Employed - Business,Self-Employed,343783,2,Y,N,Y,N,552,63486,1154.29,Personal Loan,833714,2,17.6,1,Single,0,Owned,3.7,291184,2,N,36,0,05-01-2026,Verified
CUST00376,Amit Gupta,,amit.gupta364@rediffmail.com,43,Female,Kochi,Business Owner,Self-Employed,1015022,1,Y,N,N,N,515,,15518.21,Car Loan,905424,0,71.5,7.7,Single,2,Owned,17.9,500766,0,N,84,1064980,26-04-2026,Verified
CUST00377,Radhika Mehta,9499735559,radhika.mehta578@hotmail.com,63,Male,Lucknow,Salaried - Government,Salaried,1805269,1,N,Y,N,N,402,202672,5960.94,Car Loan,641302,1,22.7,0.5,Single,1,Rented,13.2,0,2,N,48,750444,30-04-2026,Verified
CUST00378,Manish Verma,,manish.verma782@rediffmail.com,27,Male,Indore,Salaried - It/Tech,Salaried,1980867,2,N,Y,Y,N,836,,4914.09,Personal Loan,186200,2,79.9,1,Married,2,Owned,2.3,0,0,N,24,0,22-11-2025,Verified
CUST00379,Sai Patel,9353600185,,48,Male,Ahmedabad,Self Employed - Business,Self-Employed,1458933,3,Y,Y,Y,N,607,783926.48,18664.92,Home Loan,5387985,2,77.5,1.6,Married,2,Owned,20.9,0,2,N,300,7000257,26-05-2026,Verified
CUST00380,Anjali Pandey,9895029707,anjali.pandey994@rediffmail.com,22,Male,Kolkata,Self Employed - Professional,Self-Employed,1848254,2,Y,N,Y,N,707,1014232,19136.46,Personal Loan,194787,1,9.2,4.7,Married,1,Owned,0.4,656455,0,N,48,0,25-11-2025,Verified
CUST00381,Ramesh Desai,,ramesh.desai109@hotmail.com,26,Female,Hyderabad,Salaried - Education,Salaried,351273,2,Y,Y,N,N,311,,1897.42,Home Loan,5043826,3,33.8,4,Single,2,Rented,2.4,0,0,N,360,7025760,22-10-2025,Verified
CUST00382,Saanvi Bhatt,,saanvi.bhatt393@gmail.com,30,Male,Lucknow,Salaried - It/Tech,Salaried,1128849,1,Y,N,N,N,775,190808,10042.5,Home Loan,5360862,0,89.5,10.4,Married,1,Owned,7.4,0,0,N,120,6763760,25-01-2026,Verified
CUST00383,Simran Kumar,9483588343,simran.kumar750@gmail.com,55,Male,Ahmedabad,Self Employed - Business,Self-Employed,1458933,3,Y,Y,Y,N,581,135222.46,3298.11,Personal Loan,,4,93.6,12.3,Married,0,Owned,1.4,0,1,N,12,0,09-03-2026,Verified
CUST00384,Ashok Gupta,9462680716,ashok.gupta950@outlook.com,48,Female,Mumbai,Self Employed - Business,Self-Employed,1377340,1,N,N,Y,N,419,655871,13663.98,Car Loan,935859,1,56.2,11.9,Single,0,Rented,6,0,0,N,36,1034471,04-08-2026,Verified
CUST00385,Priya Khanna,,,38,Male,Indore,Self Employed - Professional,Self-Employed,1458933,0,N,N,N,N,625,,141.43,Credit Card,,0,11.1,4.5,Single,3,Rented,10.9,441780,2,N,24,0,05-02-2026,Verified
CUST00386,Tanya Singh,9596012400,tanya.singh875@hotmail.com,34,Male,Nagpur,Salaried - It/Tech,Salaried,1990045,1,Y,N,N,N,874,,69179.62,Personal Loan,834346,8,40.1,4.5,Married,2,Owned,8.2,413720,0,Y,12,0,18-01-2026,Verified
CUST00387,Anjali Rao,,,29,Female,Hyderabad,Salaried - Government,Salaried,1458933,2,Y,N,N,Y,462,901795.8,15284.67,Home Loan,6114324,0,76.4,6.4,Married,1,Owned,1.1,0,3,N,240,7799286,25-05-2026,Verified
CUST00388,Rekha Chopra,9631323119,rekha.chopra775@hotmail.com,39,Female,Kolkata,Self Employed - Business,Self-Employed,1977949,1,Y,N,N,N,476,810981,45054.5,Home Loan,6366716,2,97.6,6.3,Single,2,Owned,11.3,0,1,N,120,7839051,31-12-2025,Verified
CUST00389,Rajesh Joshi,9834829245,rajesh.joshi94@outlook.com,22,Female,Coimbatore,Freelancer,Self-Employed,1109633,1,N,Y,N,N,479,314360.51,5515.1,Personal Loan,388400,0,11.2,0.7,Married,1,Rented,0.6,282658,0,N,60,0,11-02-2026,Verified
CUST00390,Seema Patel,9362920130,seema.patel474@gmail.com,21,Male,Indore,Freelancer,Self-Employed,1458933,1,N,Y,N,N,850,164937,3298.74,Credit Card,,1,74,4.5,Married,3,Rented,0.3,0,1,N,36,0,02-04-2026,Verified
CUST00391,Reyansh Singh,9381856258,reyansh.singh777@rediffmail.com,28,Male,Kanpur,Salaried - Education,Salaried,1458933,2,Y,Y,N,N,637,,41540.56,Home Loan,7448218,1,28.2,4,Married,1,Rented,5,0,1,N,180,9537032,08-09-2025,Verified
CUST00392,Kavya Agarwal,9489472182,kavya.agarwal731@outlook.com,40,Male,Surat,Business Owner,Self-Employed,2144916,2,N,Y,N,Y,599,1105680,39488.56,Personal Loan,,4,60.4,2.4,Married,1,Rented,16.6,0,0,Y,36,0,21-07-2026,Verified
CUST00393,Rekha Desai,9437473012,rekha.desai536@outlook.com,45,Female,Kolkata,Freelancer,Self-Employed,1458933,2,Y,N,Y,N,650,313209,12528.38,Personal Loan,207379,0,78.9,11.9,Single,1,Rented,21.9,0,2,N,60,0,20-12-2025,Verified
CUST00394,Kavya Pandey,9135262255,kavya.pandey409@gmail.com,42,Male,Jaipur,Freelancer,Self-Employed,1458933,1,N,Y,N,N,562,302911,13170.05,Personal Loan,289431,2,48.3,0.8,Single,2,Owned,4.2,0,0,Y,60,0,28-01-2026,Verified
CUST00395,Karan Rao,9728866304,karan.rao780@rediffmail.com,51,Female,Hyderabad,Freelancer,Self-Employed,1458933,3,Y,N,Y,Y,385,146882.56,8160.14,Personal Loan,677356,1,59.1,8.8,Single,0,Rented,23.4,754324,1,N,12,0,01-01-2026,Verified
CUST00396,Simran Nair,,simran.nair647@yahoo.com,42,Female,Kochi,Salaried - It/Tech,Salaried,1556769,1,Y,N,N,N,815,288442,7211.05,Credit Card,416682,5,51.3,4.9,Divorced,1,Owned,1.7,0,0,Y,36,0,17-02-2026,Verified
CUST00397,Shreya Saxena,,shreya.saxena199@gmail.com,35,Male,Surat,Freelancer,Self-Employed,1580872,2,Y,N,Y,N,515,,25791.18,Car Loan,627968,0,42.6,2.7,Married,2,Owned,7.4,0,1,N,84,693199,07-01-2026,Verified
CUST00398,Rekha Saxena,9426007474,rekha.saxena380@yahoo.com,40,Female,Kanpur,Salaried - Healthcare,Salaried,2186211,2,Y,N,N,Y,713,72548.22,1909.16,Car Loan,,8,77.9,0.5,Single,0,Rented,5.8,0,0,N,48,689365,06-12-2025,Verified
CUST00399,Swati Desai,9572557156,swati.desai877@outlook.com,27,Male,Ahmedabad,Self Employed - Business,Self-Employed,1665174,0,N,N,N,N,347,130088,3613.56,Home Loan,3595861,0,62.6,5.8,Married,2,Owned,2.4,0,0,N,120,4426995,25-03-2026,Verified
CUST00400,Usha Singh,,usha.singh307@rediffmail.com,33,Male,Bhopal,Self Employed - Professional,Self-Employed,1675069,0,N,N,N,N,598,,5775.39,Credit Card,,3,72.6,4.8,Single,3,Owned,10.6,501245,0,N,24,0,03-01-2026,Verified
CUST00401,Rita Sharma,9250613697,rita.sharma123@hotmail.com,48,Female,Chandigarh,Salaried - Private,Salaried,552859,1,N,N,Y,N,332,,9949.27,Home Loan,3871010,1,65.3,11.1,Married,4,Rented,14.5,0,2,N,300,5042021,01-12-2025,Verified
CUST00402,Sunil Pandey,9562725525,sunil.pandey838@outlook.com,50,Female,Chennai,Salaried - Healthcare,Salaried,606292,1,Y,N,N,N,742,323541,8744.34,Car Loan,,1,42,0.3,Married,0,Rented,17.1,0,0,N,36,377239,16-06-2026,Pending
CUST00403,Lata Sethi,9867622823,lata.sethi889@rediffmail.com,30,Male,Chennai,Self Employed - Professional,Self-Employed,1593865,2,Y,Y,N,N,430,516485,32280.32,Car Loan,961308,5,67.5,3.2,Married,4,Owned,8.3,0,0,N,60,1033043,06-03-2026,Verified
CUST00404,Usha Yadav,9894475285,usha.yadav214@hotmail.com,24,Female,Bhopal,Salaried - Education,Salaried,1133147,2,Y,N,N,Y,479,344501.62,7030.65,Credit Card,105397,2,16.4,7.4,Single,2,Owned,0.8,0,1,N,24,0,13-05-2026,Verified
CUST00405,Neha Sharma,9107790637,neha.sharma390@hotmail.com,43,Male,Kanpur,Salaried - Healthcare,Salaried,1600157,0,N,N,N,N,386,104079,2891.1,Home Loan,1632959,6,31.1,9.8,Married,0,Owned,14.2,266819,1,N,120,2121297,11-12-2025,Verified
CUST00406,Mahesh Iyer,,mahesh.iyer633@hotmail.com,31,Female,Kolkata,Self Employed - Business,Self-Employed,2475164,0,N,N,N,N,412,194686,14975.82,Home Loan,3211921,0,64.4,13.7,Married,1,Rented,3.5,0,0,N,300,3731047,07-03-2026,Verified
CUST00407,Ashok Desai,,ashok.desai162@gmail.com,21,Female,Ahmedabad,Salaried - Government,Salaried,2061116,1,N,Y,N,N,849,544648.87,10892.98,Credit Card,183279,1,90.5,4,Married,2,Company Provided,0.3,0,0,N,18,0,29-10-2025,Verified
CUST00408,Krishna Rathi,9253110789,krishna.rathi231@gmail.com,27,Female,Surat,Salaried - Government,Salaried,1347648,2,Y,Y,N,N,773,,12009.45,Car Loan,576209,0,40.6,2.3,Single,3,Rented,4.9,0,1,Y,24,621494,12-09-2025,Verified
CUST00409,Rahul Patel,9526021671,rahul.patel331@gmail.com,57,Female,Chandigarh,Salaried - Healthcare,Salaried,1458933,0,N,N,N,N,519,49284,1760.13,Home Loan,,2,67.3,7.8,Married,4,Owned,10.4,0,1,N,120,3277149,17-02-2026,Verified
CUST00410,Amit Gupta,9939617000,amit.gupta375@hotmail.com,62,Male,Coimbatore,Self Employed - Business,Self-Employed,696712,2,Y,N,Y,N,602,52796.52,1552.84,Car Loan,1249097,0,98.5,1.4,Single,2,Owned,28.3,0,0,N,36,1505390,05-12-2025,Verified
CUST00411,Isha Desai,9745250434,isha.desai799@yahoo.com,57,Male,Coimbatore,Salaried - Healthcare,Salaried,1458933,2,N,N,Y,Y,469,,9459.87,Personal Loan,934199,5,73,8.2,Divorced,1,Owned,1.8,0,0,N,60,0,29-03-2026,Verified
CUST00412,Neha Mehta,9246157602,neha.mehta739@outlook.com,21,Male,Jaipur,Freelancer,Self-Employed,1458933,2,Y,N,N,Y,720,135277.64,3220.9,Personal Loan,851733,8,97.8,14.7,Married,0,Owned,0.3,0,0,N,24,0,14-01-2026,Verified
CUST00413,Priya Kumar,,priya.kumar758@rediffmail.com,43,Female,Pune,Business Owner,Self-Employed,897304,2,N,N,Y,Y,618,282242.1,5427.73,Home Loan,,2,33.4,2,Single,1,Owned,29.4,0,0,N,120,4293651,03-01-2026,Verified
CUST00414,Neha Malhotra,9728115961,neha.malhotra173@hotmail.com,39,Male,Kochi,Salaried - Government,Salaried,1458933,0,N,N,N,N,806,,1440.64,Home Loan,,1,87.2,4.3,Single,1,Owned,9.3,0,2,Y,120,2277903,26-08-2026,Verified
CUST00415,Rahul Agarwal,9631476522,rahul.agarwal227@rediffmail.com,48,Female,Hyderabad,Business Owner,Self-Employed,1876313,1,N,N,N,Y,410,,12539.64,Credit Card,321793,0,96.8,3.7,Married,2,Rented,22.1,0,0,N,36,0,,Verified
CUST00416,Divya Verma,9528093064,divya.verma833@hotmail.com,63,Female,Pune,Self Employed - Business,Self-Employed,1458933,0,N,N,N,N,329,29254.81,1044.81,Car Loan,1021524,0,96.7,4.3,Single,1,Rented,19.2,0,0,N,72,1205048,19-03-2026,Verified
CUST00417,Sunil Saxena,9284745882,sunil.saxena865@hotmail.com,26,Female,Kanpur,Freelancer,Self-Employed,1254501,2,Y,N,N,Y,715,235538.34,5477.64,Personal Loan,843315,0,30.1,10.7,Married,3,Rented,3.8,0,0,N,60,0,31-01-2026,Verified
CUST00418,Deepak Mishra,9701816496,deepak.mishra304@rediffmail.com,55,Female,Nagpur,Salaried - Government,Salaried,1133071,1,Y,N,N,N,569,99097.56,3002.96,Car Loan,1132059,0,41.6,12.7,Single,3,Rented,18.5,0,0,N,24,1244337,13-11-2025,Verified
CUST00419,Vikram Sharma,9630957739,vikram.sharma230@yahoo.com,36,Female,Bhopal,Self Employed - Professional,Self-Employed,909754,3,Y,Y,Y,N,749,226270,4814.25,Personal Loan,482352,0,54.3,6.1,Married,3,Owned,4.1,0,0,N,48,0,03-03-2026,Verified
CUST00420,Rita Khanna,9352013447,rita.khanna328@rediffmail.com,43,Male,Chennai,Salaried - Healthcare,Salaried,1458933,1,N,N,Y,N,819,567626.95,12339.72,Car Loan,519797,3,62.4,10.9,Single,2,Rented,21.7,0,1,N,72,591308,24-06-2026,Verified
CUST00421,Rohan Sharma,9701251106,rohan.sharma460@rediffmail.com,62,Male,Kanpur,Business Owner,Self-Employed,920254,1,Y,N,N,N,558,,9018.66,Credit Card,394138,1,45.9,11.5,Married,1,Rented,9.5,0,0,N,36,0,07-11-2025,Verified
CUST00422,Ramesh Agarwal,,ramesh.agarwal884@gmail.com,60,Male,Kanpur,Salaried - Government,Salaried,1458933,0,N,N,N,N,554,58576,976.27,Personal Loan,926336,0,66.7,7.5,Married,0,Company Provided,17.3,0,0,N,48,0,04-11-2025,Verified
CUST00423,Kabir Kumar,9434143501,kabir.kumar364@yahoo.com,48,Female,Chandigarh,Salaried - Government,Salaried,1074127,2,Y,Y,N,N,383,218941.56,3649.03,Credit Card,,0,88.5,1.1,Married,2,Owned,0.3,0,0,N,24,0,09-09-2025,Verified
CUST00424,Nisha Agarwal,9502477106,nisha.agarwal880@gmail.com,32,Male,Chandigarh,Self Employed - Business,Self-Employed,1458933,2,N,Y,N,Y,683,418754,10468.85,Personal Loan,581972,0,82.8,0.6,Married,2,Company Provided,10.4,0,0,N,36,0,10-08-2026,Verified
CUST00425,Divya Patel,9207075216,,59,Female,Lucknow,Business Owner,Self-Employed,1458933,1,N,N,N,Y,552,,15691.8,Home Loan,3079911,3,9,1.1,Divorced,1,Rented,19.9,0,1,N,120,4052788,06-02-2026,Verified
CUST00426,Nisha Agarwal,,nisha.agarwal545@rediffmail.com,46,Male,Surat,Salaried - Healthcare,Salaried,868226,2,Y,Y,N,N,745,,4568.08,Credit Card,277550,0,58.3,9.2,Married,4,Rented,19.3,0,0,N,12,0,30-01-2026,Verified
CUST00427,Vinod Sethi,9713401763,vinod.sethi556@yahoo.com,62,Male,Delhi,Freelancer,Self-Employed,417285,2,Y,N,Y,N,353,,3749.86,Home Loan,,1,85.7,7.7,Single,0,Owned,13.9,316175,0,N,300,9247348,19-07-2026,Verified
CUST00428,Aditya Khanna,9509620403,aditya.khanna211@gmail.com,39,Male,Ahmedabad,Salaried - Healthcare,Salaried,1042634,0,N,N,N,N,345,,325.15,Personal Loan,,2,88.8,6.5,Married,3,Rented,3.9,0,1,N,12,0,26-03-2026,Verified
CUST00429,Meera Nair,9303470329,meera.nair837@hotmail.com,37,Male,Nagpur,Salaried - Private,Salaried,1458933,3,Y,N,Y,Y,462,1182146,27491.77,Credit Card,116132,1,20.9,11.2,Divorced,2,Rented,4.8,791631,0,N,36,0,07-12-2025,Pending
CUST00430,Kritika Bhatia,9634688227,kritika.bhatia206@yahoo.com,54,Male,Chandigarh,Business Owner,Self-Employed,758621,3,Y,Y,N,Y,369,110038.82,2157.62,Car Loan,1218780,2,47,11.6,Single,2,Company Provided,23.1,0,0,N,36,1362924,01-01-2026,Pending
CUST00431,Isha Kapoor,9315445536,,46,Female,Chennai,Salaried - It/Tech,Salaried,2420617,3,Y,Y,Y,N,749,36759.02,918.98,Credit Card,462196,0,55.2,8.4,Married,4,Owned,17.2,0,0,N,18,0,,Verified
CUST00432,Ishaan Sethi,9211446453,ishaan.sethi701@yahoo.com,21,Female,Mumbai,Salaried - Private,Salaried,1925407,2,N,Y,Y,N,877,630281.06,48483.16,Home Loan,6294021,1,31.8,9.3,Married,2,Rented,0.3,0,0,Y,300,7992036,12-11-2025,Verified
CUST00433,Manju Shah,9340346197,manju.shah148@outlook.com,61,Male,Nagpur,Salaried - It/Tech,Salaried,972416,3,Y,Y,N,Y,770,239431,5205.02,Personal Loan,,0,64.5,3.3,Married,3,Rented,13.7,0,0,N,48,0,02-11-2025,Verified
CUST00434,Dhruv Rao,9332958281,dhruv.rao730@yahoo.com,57,Female,Kanpur,Business Owner,Self-Employed,2012148,1,Y,N,N,N,855,787438.96,25401.26,Home Loan,1926860,0,37.1,13.4,Single,3,Owned,28.3,304840,1,N,360,2586443,20-07-2026,Verified
CUST00435,Kiran Rathi,9312396606,kiran.rathi155@hotmail.com,41,Female,Ahmedabad,Self Employed - Business,Self-Employed,2341304,1,Y,N,N,N,336,949898.98,59368.69,Credit Card,31254,0,86.9,1,Single,1,Company Provided,4.3,309759,2,N,24,0,20-06-2026,Verified
CUST00436,Tanya Joshi,,tanya.joshi721@yahoo.com,39,Female,Hyderabad,Freelancer,Self-Employed,970301,1,N,Y,N,N,719,,1960.59,Home Loan,7370873,8,70.5,13.6,Divorced,2,Owned,8.2,0,0,N,300,9355260,05-09-2025,Verified
CUST00437,Geeta Shah,9573451981,,32,Female,Mumbai,Business Owner,Self-Employed,1458933,1,N,N,N,Y,438,652283,11859.69,Home Loan,2753979,0,93.8,14.4,Married,2,Owned,8.8,0,0,Y,300,3178061,24-06-2026,Verified
CUST00438,Rohan Shah,9371351496,,38,Male,Chandigarh,Salaried - Healthcare,Salaried,1458933,2,Y,Y,N,N,607,202501,6982.8,Home Loan,,0,57.4,2.1,Divorced,2,Rented,0.6,0,2,N,120,9308503,11-01-2026,Verified
CUST00439,Diya Shah,9962371481,diya.shah525@hotmail.com,47,Female,Chennai,Salaried - Healthcare,Salaried,1397179,0,N,N,N,N,386,112539,3516.85,Credit Card,32062,3,81.6,1.8,Married,1,Owned,20.9,0,2,N,12,0,16-02-2026,Verified
CUST00440,Swati Gupta,9267765490,swati.gupta597@hotmail.com,61,Male,Hyderabad,Salaried - Government,Salaried,1458933,2,N,Y,N,Y,393,230809,13577.01,Credit Card,247000,3,27.1,0.9,Married,1,Rented,14.4,890947,1,N,24,0,07-08-2026,Verified
CUST00441,Usha Verma,9575148289,usha.verma190@rediffmail.com,21,Male,Kolkata,Self Employed - Professional,Self-Employed,1404199,1,Y,N,N,N,377,158561,4955.03,Personal Loan,220313,0,84.4,4.6,Married,2,Owned,0.3,408569,0,N,36,0,17-01-2026,Verified
CUST00442,Arjun Verma,9167412709,arjun.verma506@outlook.com,24,Male,Bengaluru,Business Owner,Self-Employed,350327,0,N,N,N,N,670,24455,489.11,Credit Card,318425,0,84.8,6.9,Single,1,Rented,2.4,899323,0,N,12,0,14-08-2026,Verified
CUST00443,Neha Sethi,9595682408,neha.sethi333@hotmail.com,50,Female,Bhopal,Self Employed - Business,Self-Employed,1458933,0,N,N,N,N,624,34176,657.23,Personal Loan,468820,0,46.3,12.3,Single,0,Company Provided,6.5,504216,0,N,48,0,14-03-2026,Verified
CUST00444,Sunita Bhatia,9689837130,sunita.bhatia285@yahoo.com,33,Female,Chandigarh,Salaried - Education,Salaried,1458933,2,N,Y,N,Y,408,,2665.76,Home Loan,6598744,0,27.3,14.2,Single,1,Owned,3.9,622844,1,N,120,8576909,24-05-2026,Verified
CUST00445,Ashok Shah,9966643102,ashok.shah706@yahoo.com,44,Female,Bengaluru,Salaried - Private,Salaried,2175181,2,Y,Y,N,N,620,827271.05,19696.93,Car Loan,1463910,0,80.4,10.5,Single,4,Rented,13.3,0,1,N,36,1680155,23-04-2026,Verified
CUST00446,Ananya Desai,9202631097,ananya.desai394@yahoo.com,60,Male,Bengaluru,Freelancer,Self-Employed,2359153,1,Y,N,N,N,368,636242.23,26510.09,Car Loan,600067,0,78.9,7.2,Married,0,Owned,18.7,0,1,Y,60,748318,,Verified
CUST00447,Aryan Saxena,9970513199,aryan.saxena662@yahoo.com,59,Male,Surat,Salaried - Private,Salaried,1117650,2,Y,N,Y,N,311,199954.52,7998.18,Personal Loan,360486,0,66.9,11.5,Married,1,Company Provided,4.7,0,1,N,36,0,20-10-2025,Pending
CUST00448,Neha Nair,9312365395,neha.nair724@rediffmail.com,50,Female,Kolkata,Self Employed - Business,Self-Employed,1653936,1,N,Y,N,N,677,,2425.35,Home Loan,,0,46.3,5,Married,2,Rented,18.8,717369,0,N,180,7791290,29-09-2025,Verified
CUST00449,Reyansh Desai,9275429796,,26,Female,Kanpur,Salaried - Healthcare,Salaried,1458933,1,Y,N,N,N,837,159980.44,4323.8,Personal Loan,624721,3,82.4,6.8,Married,3,Owned,1.4,0,1,N,24,0,28-04-2026,Verified
CUST00450,Karan Chauhan,9349822837,karan.chauhan973@yahoo.com,29,Female,Lucknow,Salaried - Education,Salaried,1458933,1,Y,N,N,N,724,646883,46205.96,Personal Loan,668312,0,26.8,7.5,Married,0,Rented,4.2,0,0,N,12,0,13-07-2026,Verified
CUST00451,Nikhil Nair,,nikhil.nair384@rediffmail.com,45,Male,Pune,Salaried - It/Tech,Salaried,1702934,1,Y,N,N,N,762,29445,588.89,Home Loan,3216225,0,9,12.1,Single,3,Owned,13.8,0,2,N,360,4356264,26-02-2026,Verified
CUST00452,Suresh Mishra,9346756657,suresh.mishra581@outlook.com,34,Male,Surat,Salaried - Private,Salaried,1458933,1,N,N,Y,N,697,521724,12724.98,Home Loan,6548373,2,92.5,7.3,Married,2,Rented,12.2,230446,0,N,120,8933890,13-01-2026,Pending
CUST00453,Manish Kapoor,,manish.kapoor747@rediffmail.com,31,Male,Delhi,Salaried - Healthcare,Salaried,1203069,0,N,N,N,N,586,,3863.58,Car Loan,,4,33.7,4.1,Single,3,Rented,2.3,0,1,N,24,457792,26-04-2026,Verified
CUST00454,Ayaan Gupta,,ayaan.gupta241@hotmail.com,58,Female,Jaipur,Salaried - Private,Salaried,2312112,2,Y,N,Y,N,686,41476.67,964.57,Home Loan,5406588,0,97.4,8.7,Married,0,Rented,8.6,509378,2,N,240,7519469,30-11-2025,Verified
CUST00455,Tanya Rathi,9102092274,tanya.rathi666@gmail.com,57,Female,Coimbatore,Business Owner,Self-Employed,1271068,1,N,N,N,Y,676,,8284.78,Personal Loan,441399,2,40.3,8.4,Married,2,Owned,5.5,0,0,N,36,0,09-11-2025,Verified
CUST00456,Anil Sethi,9630976793,anil.sethi692@rediffmail.com,47,Female,Indore,Salaried - Government,Salaried,1361999,0,N,N,N,N,852,117377.07,5335.32,Credit Card,200068,1,86.7,9.5,Married,2,Rented,4.4,0,0,N,18,0,15-08-2026,Verified
CUST00457,Geeta Malhotra,9220130191,geeta.malhotra514@rediffmail.com,23,Male,Mumbai,Salaried - It/Tech,Salaried,990809,0,N,N,N,N,633,,2071.79,Home Loan,5888257,2,42.3,8.7,Single,2,Company Provided,0.7,0,0,N,180,7825791,11-05-2026,Verified
CUST00458,Anjali Singh,9177531324,anjali.singh712@outlook.com,36,Female,Surat,Self Employed - Professional,Self-Employed,705116,2,N,Y,Y,N,512,78570,1428.55,Credit Card,55138,0,95.3,6.4,Married,1,Rented,4.7,0,0,N,36,0,17-07-2026,Verified
CUST00459,Aditya Pandey,9627565288,aditya.pandey33@hotmail.com,41,Female,Mumbai,Salaried - It/Tech,Salaried,1458933,1,N,N,N,Y,659,1302050.21,23673.64,Home Loan,,0,96.5,11.4,Married,1,Owned,5.1,0,1,N,300,2312454,27-12-2025,Verified
CUST00460,Pooja Verma,9446681717,pooja.verma318@rediffmail.com,49,Female,Indore,Salaried - Government,Salaried,1458933,1,N,N,N,Y,818,91510,2079.78,Personal Loan,535679,0,58.7,12.1,Married,2,Owned,3.6,0,0,N,24,0,15-09-2025,Verified
CUST00461,Diya Malhotra,9217762169,diya.malhotra704@yahoo.com,25,Male,Chandigarh,Business Owner,Self-Employed,1458933,1,Y,N,N,N,685,,1538.93,Personal Loan,406589,4,60.4,7.5,Single,3,Company Provided,0.7,248999,3,N,12,0,,Verified
CUST00462,Kiran Tiwari,9561680490,kiran.tiwari22@rediffmail.com,65,Female,Coimbatore,Salaried - Government,Salaried,2055838,2,Y,Y,N,N,366,107614,1992.86,Car Loan,,0,92.3,13.6,Single,0,Owned,17.2,0,0,Y,48,1504528,27-04-2026,Verified
CUST00463,Kiran Pandey,,kiran.pandey597@hotmail.com,28,Female,Ahmedabad,Self Employed - Professional,Self-Employed,918186,1,Y,N,N,N,822,434166.32,22850.86,Car Loan,,0,88.6,2.2,Single,3,Rented,1.6,0,0,N,60,1639448,13-07-2026,Verified
CUST00464,Preeti Gupta,9256886986,preeti.gupta684@yahoo.com,53,Female,Bengaluru,Business Owner,Self-Employed,2453291,2,N,Y,Y,N,723,,35317.76,Personal Loan,918195,0,10.7,6.6,Single,2,Owned,20.2,0,0,N,24,0,30-10-2025,Verified
CUST00465,Kiran Desai,9536510229,kiran.desai662@yahoo.com,36,Female,Chandigarh,Salaried - Government,Salaried,1458933,0,N,N,N,N,449,,11676.85,Car Loan,,0,49.1,12.1,Single,1,Rented,5.1,861372,0,N,84,1029780,08-06-2026,Pending
CUST00466,Simran Bansal,,simran.bansal805@rediffmail.com,29,Male,Lucknow,Salaried - Government,Salaried,2353848,1,N,N,N,Y,574,1319324,43977.45,Personal Loan,378258,5,35.8,3.7,Married,4,Owned,2.9,0,0,N,24,0,,Verified
CUST00467,Krishna Rathi,9926683522,krishna.rathi705@outlook.com,33,Female,Coimbatore,Freelancer,Self-Employed,1646969,2,Y,N,N,Y,598,,25241.92,Car Loan,683942,4,81.9,5.7,Married,2,Company Provided,5.7,341044,0,N,60,829364,15-03-2026,Verified
CUST00468,Aryan Rathi,9373601073,aryan.rathi951@hotmail.com,50,Female,Kochi,Salaried - Education,Salaried,1135463,1,Y,N,N,N,410,324539,9014.97,Car Loan,550493,0,16.7,11.4,Divorced,0,Owned,3.4,0,0,N,84,653625,08-12-2025,Verified
CUST00469,Mahesh Agarwal,,mahesh.agarwal11@gmail.com,42,Male,Surat,Salaried - Education,Salaried,1309486,1,Y,N,N,N,865,,10288.24,Personal Loan,74069,1,35.1,3.5,Single,3,Owned,13.1,0,0,N,36,0,,Verified
CUST00470,Rahul Bhatia,9536371041,rahul.bhatia227@yahoo.com,50,Male,Kolkata,Self Employed - Professional,Self-Employed,1458933,2,Y,Y,N,N,695,394102.63,15157.79,Credit Card,464219,0,72.7,6.7,Single,1,Rented,11.2,0,0,Y,36,0,06-04-2026,Verified
CUST00471,Divya Mehta,9445830787,divya.mehta22@hotmail.com,53,Female,Bhopal,Self Employed - Professional,Self-Employed,1864312,2,Y,Y,N,N,472,,35261,Personal Loan,379474,0,31,10.8,Single,1,Rented,28.8,0,1,N,12,0,,Verified
CUST00472,Vivaan Chopra,,vivaan.chopra354@outlook.com,45,Male,Chandigarh,Salaried - Education,Salaried,2167839,1,N,Y,N,N,607,1185719,42347.12,Home Loan,2826223,0,86.1,9.7,Married,3,Rented,23.5,0,1,N,180,3315426,17-08-2026,Verified
CUST00473,Amit Gupta,9663987043,amit.gupta955@outlook.com,49,Male,Surat,Self Employed - Business,Self-Employed,2128270,2,Y,N,Y,N,833,,5016.12,Credit Card,320212,2,79.5,14.3,Single,0,Rented,26.4,0,0,N,18,0,30-06-2026,Verified
CUST00474,Arjun Chauhan,,arjun.chauhan276@yahoo.com,55,Male,Bhopal,Freelancer,Self-Employed,1847407,1,N,Y,N,N,308,360774,16398.82,Car Loan,1376354,3,52.6,13.4,Married,0,Rented,25.4,606727,0,N,60,1512830,23-11-2025,Verified
CUST00475,Sanjay Rao,9274039487,sanjay.rao656@rediffmail.com,23,Male,Nagpur,Self Employed - Business,Self-Employed,302404,1,Y,N,N,N,863,98245,2655.28,Home Loan,6930392,5,38.6,9.2,Single,2,Rented,1.2,0,0,N,120,8328413,29-06-2026,Pending
CUST00476,Sunita Iyer,,sunita.iyer619@hotmail.com,45,Female,Surat,Salaried - Healthcare,Salaried,400142,3,Y,Y,Y,N,450,,2204.57,Personal Loan,730600,3,42.7,2.3,Single,3,Owned,9.8,0,0,N,24,0,26-03-2026,Pending
CUST00477,Rahul Singh,9787219326,,39,Female,Delhi,Salaried - Healthcare,Salaried,2250726,1,N,N,N,Y,601,,10888.64,Home Loan,,5,87.5,7.3,Married,0,Company Provided,3.2,0,0,N,240,2143482,,Verified
CUST00478,Divya Shah,,divya.shah460@hotmail.com,43,Female,Kanpur,Salaried - Healthcare,Salaried,1495071,1,Y,N,N,N,799,388786,8836.04,Credit Card,,3,74.2,8.6,Married,4,Company Provided,8.1,0,0,N,24,0,07-11-2025,Verified
CUST00479,Seema Reddy,9200061572,seema.reddy632@hotmail.com,38,Female,Ahmedabad,Salaried - Private,Salaried,484605,2,Y,N,Y,N,727,232456.78,11069.37,Home Loan,6089038,1,99.1,3.3,Divorced,0,Owned,12.4,0,0,Y,180,8410212,05-05-2026,Verified
CUST00480,Mahesh Kapoor,9971545262,mahesh.kapoor921@outlook.com,60,Female,Chandigarh,Salaried - It/Tech,Salaried,1686636,1,N,N,Y,N,832,690780,13815.6,Personal Loan,,3,46.2,4.2,Single,1,Company Provided,29.7,593770,2,N,24,0,06-06-2026,Verified
CUST00481,Kiran Rao,9367080413,kiran.rao476@yahoo.com,27,Female,Indore,Salaried - Education,Salaried,2058636,2,N,Y,Y,N,367,957223.79,63814.92,Home Loan,4905143,3,19.6,7.2,Married,3,Owned,1.6,0,0,Y,360,5903375,03-04-2026,Verified
CUST00482,Nikhil Rao,9755597471,,42,Male,Lucknow,Salaried - Education,Salaried,647617,3,Y,Y,N,Y,738,,11260.5,Personal Loan,,0,21.9,2.2,Divorced,1,Rented,17.4,0,1,N,36,0,11-02-2026,Verified
CUST00483,Radhika Gupta,,radhika.gupta630@gmail.com,33,Male,Nagpur,Business Owner,Self-Employed,751049,3,Y,Y,N,Y,591,62464.45,1523.52,Car Loan,630079,1,71.5,1.6,Single,2,Owned,10.3,0,1,N,48,781513,,Verified
CUST00484,Sanjay Saxena,9530671434,sanjay.saxena429@yahoo.com,40,Male,Pune,Self Employed - Professional,Self-Employed,2234776,3,Y,Y,Y,N,420,198019,4950.47,Personal Loan,206580,2,31.8,5.1,Married,0,Rented,8,0,1,N,60,0,27-01-2026,Pending
CUST00485,Dhruv Sethi,9608124995,dhruv.sethi672@gmail.com,44,Male,Nagpur,Self Employed - Professional,Self-Employed,1747394,2,Y,Y,N,N,491,851874,20777.42,Home Loan,7448711,4,47.7,12.3,Single,2,Rented,22,0,2,N,180,10343074,26-03-2026,Verified
CUST00486,Manju Mehta,,manju.mehta44@yahoo.com,36,Male,Jaipur,Self Employed - Professional,Self-Employed,1057126,1,Y,N,N,N,681,213865,11881.39,Home Loan,,3,52.6,3.3,Married,2,Rented,7.7,0,2,Y,360,11014997,04-12-2025,Verified
CUST00487,Ashok Rathi,9142332523,ashok.rathi466@rediffmail.com,56,Female,Coimbatore,Business Owner,Self-Employed,486703,2,Y,Y,N,N,364,138569,3646.57,Home Loan,,1,92.7,12.6,Married,1,Rented,25.6,0,1,N,300,8035945,,Verified
CUST00488,Karan Saxena,,karan.saxena245@hotmail.com,21,Female,Delhi,Salaried - Government,Salaried,1447707,2,Y,N,N,Y,613,667886,12368.26,Credit Card,280380,8,25.3,10,Married,0,Owned,0.3,0,1,N,18,0,02-09-2025,Verified
CUST00489,Sai Mehta,9794542361,sai.mehta252@hotmail.com,22,Female,Chennai,Salaried - It/Tech,Salaried,1008932,0,N,N,N,N,508,73567,2101.93,Credit Card,421128,5,34.4,8.2,Married,0,Company Provided,0.9,0,0,N,24,0,25-11-2025,Verified
CUST00490,Tanya Mehta,9230394179,tanya.mehta513@rediffmail.com,50,Male,Chandigarh,Salaried - It/Tech,Salaried,1458933,3,Y,Y,Y,N,858,368102.22,6346.59,Credit Card,497584,5,81.4,11.9,Married,0,Owned,4.9,0,0,N,24,0,10-09-2025,Verified
CUST00491,Meera Rathi,9912560909,meera.rathi443@gmail.com,53,Female,Pune,Self Employed - Business,Self-Employed,1097520,0,N,N,N,N,532,,2129.98,Home Loan,4748703,0,40,13.5,Married,0,Rented,0.8,0,0,N,120,6612075,20-04-2026,Verified
CUST00492,Sunita Kumar,9738498957,sunita.kumar534@rediffmail.com,28,Male,Chandigarh,Business Owner,Self-Employed,1458933,1,Y,N,N,N,551,,8300.81,Car Loan,,4,10.2,4.6,Divorced,0,Owned,2.8,404956,0,N,72,428511,08-05-2026,Verified
CUST00493,Manish Malhotra,9124408555,manish.malhotra27@outlook.com,41,Male,Bengaluru,Self Employed - Business,Self-Employed,719944,2,Y,Y,N,N,426,,3155.41,Credit Card,,0,34.6,11.5,Single,3,Owned,14.3,0,2,N,24,0,16-10-2025,Verified
CUST00494,Anil Khanna,9143741483,anil.khanna320@hotmail.com,26,Female,Jaipur,Salaried - Private,Salaried,874165,2,Y,N,N,Y,788,,637.26,Home Loan,,0,20.1,14.1,Single,0,Owned,1.2,0,1,N,120,7664197,23-08-2026,Verified
CUST00495,Vinod Saxena,9832773091,vinod.saxena522@yahoo.com,47,Male,Kochi,Salaried - It/Tech,Salaried,1086641,2,Y,Y,N,N,697,125488.65,2788.64,Car Loan,,0,97.5,6.3,Married,1,Rented,23.2,0,0,N,24,1272943,21-03-2026,Verified
CUST00496,Vinod Nair,9842277684,vinod.nair132@rediffmail.com,32,Male,Ahmedabad,Self Employed - Business,Self-Employed,468637,4,Y,Y,Y,Y,704,37386.57,1495.46,Car Loan,536167,1,66.9,10.8,Single,0,Owned,2.5,693236,1,N,48,667769,07-03-2026,Verified
CUST00497,Ramesh Nair,,ramesh.nair680@yahoo.com,61,Male,Pune,Salaried - Education,Salaried,1781336,1,Y,N,N,N,800,1014445.57,26011.42,Credit Card,,0,49,1.1,Single,0,Rented,8.9,0,2,N,24,0,24-11-2025,Verified
CUST00498,Aarav Joshi,9943633823,aarav.joshi781@rediffmail.com,25,Female,Kanpur,Salaried - It/Tech,Salaried,1240848,1,Y,N,N,N,699,200748.98,4779.74,Personal Loan,509411,4,6.6,3.7,Married,0,Company Provided,2.2,0,0,N,60,0,03-01-2026,Verified
CUST00499,Vikram Bhatia,9806837607,vikram.bhatia529@outlook.com,46,Male,Bengaluru,Salaried - Government,Salaried,1311774,2,N,Y,Y,N,869,673609,14033.52,Personal Loan,708001,1,55.2,2.4,Married,2,Rented,10.7,510764,0,N,48,0,01-01-2026,Verified
CUST00500,Vikram Agarwal,9314175750,vikram.agarwal644@hotmail.com,63,Female,Hyderabad,Salaried - Education,Salaried,2279101,0,N,N,N,N,665,107433.14,3979.01,Car Loan,1334211,0,96,0.4,Married,2,Owned,12.5,500312,0,N,24,1582631,02-06-2026,Verified
CUST00501,Krishna Rao,,krishna.rao220@yahoo.com,44,Male,Delhi,Salaried - It/Tech,Salaried,349064,0,N,N,N,N,760,31175,1833.82,Car Loan,796415,1,13.9,3.9,Married,2,Company Provided,5.8,0,0,N,84,952300,03-05-2026,Verified
CUST00502,Dhruv Rathi,9542176536,dhruv.rathi909@outlook.com,27,Female,Kochi,Self Employed - Professional,Self-Employed,1464632,1,Y,N,N,N,869,611576.72,47044.36,Credit Card,348836,1,68.4,3,Single,0,Owned,1.3,0,0,N,12,0,30-07-2026,Verified
CUST00503,Swati Singh,9133813100,swati.singh121@yahoo.com,44,Female,Indore,Self Employed - Business,Self-Employed,565365,2,N,Y,N,Y,335,180814,3287.52,Home Loan,2410368,0,20,1.3,Married,1,Rented,4.1,0,1,Y,360,3344366,,Verified
CUST00504,Seema Agarwal,9454387726,seema.agarwal908@hotmail.com,31,Male,Bhopal,Salaried - Education,Salaried,1458933,0,N,N,N,N,519,94658,7281.36,Personal Loan,475529,0,78.4,7.1,Married,2,Rented,1.5,702753,0,N,60,0,28-04-2026,Verified
CUST00505,Suresh Agarwal,9864986259,suresh.agarwal756@yahoo.com,24,Male,Coimbatore,Self Employed - Professional,Self-Employed,830273,2,Y,Y,N,N,375,,2559.66,Credit Card,197792,1,13.9,4.1,Married,3,Owned,1.6,0,0,N,12,0,18-05-2026,Verified
CUST00506,Tanya Gupta,,tanya.gupta739@rediffmail.com,26,Female,Bhopal,Self Employed - Business,Self-Employed,1458933,2,N,N,Y,Y,327,678670.18,12119.11,Credit Card,472400,3,7.9,5,Single,3,Rented,0.7,864816,0,N,24,0,24-09-2025,Verified
CUST00507,Vinod Bansal,9127746847,vinod.bansal737@yahoo.com,43,Female,Nagpur,Salaried - Government,Salaried,1458933,1,N,N,N,Y,451,869549.15,18115.61,Home Loan,,1,91.5,1.3,Married,2,Rented,17.4,501656,0,N,120,5081023,27-08-2025,Verified
CUST00508,Manju Rao,9505762456,manju.rao354@outlook.com,26,Female,Kochi,Salaried - It/Tech,Salaried,928971,3,Y,N,Y,Y,575,285203,8912.59,Car Loan,,0,83,11.8,Married,0,Rented,3.2,305937,0,N,72,459949,23-02-2026,Verified
CUST00509,Vivaan Chauhan,9770442392,vivaan.chauhan798@rediffmail.com,32,Male,Bengaluru,Salaried - Private,Salaried,1423279,0,N,N,N,N,841,17686,376.3,Credit Card,157157,1,29.6,12.9,Married,3,Rented,10.3,0,0,N,12,0,18-03-2026,Verified
CUST00510,Ishaan Pandey,9170362901,ishaan.pandey145@hotmail.com,60,Female,Kolkata,Freelancer,Self-Employed,1458933,3,Y,Y,Y,N,433,351258,6056.17,Home Loan,3294107,0,96.3,3.9,Married,0,Owned,28.4,0,0,Y,240,4412175,16-09-2025,Verified
CUST00511,Kiran Rao,9874301128,kiran.rao692@outlook.com,42,Male,Surat,Self Employed - Professional,Self-Employed,397576,0,N,N,N,N,597,20394.86,453.22,Credit Card,424769,0,15.4,3.8,Single,2,Rented,6,0,0,N,12,0,05-08-2026,Verified
CUST00512,Aditya Iyer,,aditya.iyer655@gmail.com,39,Male,Pune,Self Employed - Professional,Self-Employed,1176346,1,N,N,Y,N,622,623567,32819.32,Home Loan,7610690,0,18.4,1.7,Married,2,Rented,13.1,0,0,N,180,9211021,11-10-2025,Verified
CUST00513,Aryan Joshi,9332768176,aryan.joshi138@hotmail.com,62,Female,Ahmedabad,Salaried - Private,Salaried,2005600,0,N,N,N,N,817,99611.41,3112.86,Home Loan,2299499,1,52.6,6.2,Married,3,Rented,0.6,765262,3,N,120,2836770,26-03-2026,Verified
CUST00514,Krishna Saxena,9741235032,krishna.saxena537@gmail.com,36,Female,Lucknow,Business Owner,Self-Employed,2386044,3,Y,Y,N,Y,725,1312332,25732,Personal Loan,460791,0,80.2,2.2,Married,1,Owned,2.1,0,1,N,60,0,22-01-2026,Verified
CUST00515,Priya Desai,9612547316,priya.desai352@gmail.com,58,Male,Indore,Self Employed - Professional,Self-Employed,1015551,2,N,Y,Y,N,451,44786.74,1119.67,Car Loan,1002947,0,12.3,4,Married,2,Rented,4.2,0,3,N,48,1179562,14-02-2026,Verified
CUST00516,Rita Chopra,,rita.chopra446@gmail.com,54,Male,Hyderabad,Self Employed - Business,Self-Employed,2088937,2,N,Y,Y,N,356,652070,26082.8,Car Loan,1119126,0,62.7,12.3,Single,1,Rented,2.5,0,0,Y,36,1231940,16-02-2026,Verified
CUST00517,Geeta Malhotra,9646615999,geeta.malhotra564@yahoo.com,48,Male,Chandigarh,Business Owner,Self-Employed,2080371,1,N,N,Y,N,837,1037761.71,34592.06,Credit Card,,0,90.2,0.3,Married,1,Owned,8.3,0,1,N,18,0,22-03-2026,Verified
CUST00518,Karan Mishra,9501904358,karan.mishra630@gmail.com,24,Male,Kanpur,Business Owner,Self-Employed,375724,1,N,Y,N,N,366,181088,6036.28,Personal Loan,,2,48,4,Single,1,Rented,1.8,0,0,N,48,0,28-07-2026,Verified
CUST00519,Kritika Mishra,9749248785,kritika.mishra778@rediffmail.com,64,Female,Bengaluru,Freelancer,Self-Employed,1539616,1,Y,N,N,N,882,,6947.89,Credit Card,174354,0,52.5,4.8,Single,4,Owned,5.5,288716,1,N,24,0,06-11-2025,Verified
CUST00520,Saanvi Chopra,9705499264,saanvi.chopra574@gmail.com,47,Male,Coimbatore,Business Owner,Self-Employed,950120,2,Y,Y,N,N,331,,15910.86,Personal Loan,,1,99.5,3.6,Single,1,Rented,23.6,0,2,N,60,0,03-09-2025,Verified
CUST00521,Nikhil Saxena,9103298787,nikhil.saxena919@outlook.com,47,Male,Chennai,Salaried - Education,Salaried,1731682,1,Y,N,N,N,667,,26940.05,Home Loan,7044187,0,79.4,5.9,Married,1,Owned,21.6,511447,0,N,180,9450642,23-05-2026,Verified
CUST00522,Diya Khanna,9905759254,diya.khanna124@outlook.com,33,Female,Nagpur,Freelancer,Self-Employed,924750,1,Y,N,N,N,341,474195,21554.33,Home Loan,7811025,0,5.6,12.8,Married,1,Rented,1,775283,1,N,120,9141270,,Verified
CUST00523,Diya Saxena,9984038250,diya.saxena875@gmail.com,24,Male,Nagpur,Freelancer,Self-Employed,534823,1,N,Y,N,N,629,,458.74,Personal Loan,,1,23.6,8.8,Married,1,Owned,2.3,359850,0,N,48,0,28-06-2026,Verified
CUST00524,Rohan Verma,,rohan.verma966@hotmail.com,29,Female,Indore,Self Employed - Business,Self-Employed,875429,2,Y,N,Y,N,785,484722.71,32314.85,Personal Loan,642887,2,62.2,11.6,Married,1,Rented,4.4,296451,0,N,24,0,02-02-2026,Verified
CUST00525,Rita Patel,9317560037,rita.patel354@hotmail.com,27,Female,Coimbatore,Salaried - Government,Salaried,1458933,2,Y,N,N,Y,404,,4816.9,Credit Card,,0,76.3,3.7,Married,2,Owned,3.1,0,0,N,18,0,12-04-2026,Verified
CUST00526,Mahesh Bhatt,9418609432,mahesh.bhatt315@outlook.com,58,Male,Kolkata,Salaried - Healthcare,Salaried,500427,1,Y,N,N,N,396,129458,4315.28,Credit Card,143998,1,69.8,12.5,Married,2,Company Provided,27.2,0,0,N,18,0,03-10-2025,Verified
CUST00527,Rohan Mishra,9199072590,rohan.mishra900@hotmail.com,58,Female,Hyderabad,Self Employed - Professional,Self-Employed,1395125,2,Y,N,Y,N,803,,11938.13,Home Loan,3461797,2,87.3,3.6,Single,0,Owned,15.6,0,3,N,240,4179175,13-04-2026,Pending
CUST00528,Vivaan Joshi,9943539825,vivaan.joshi720@rediffmail.com,55,Female,Nagpur,Salaried - Government,Salaried,2202426,2,Y,Y,N,N,714,684881,32613.36,Credit Card,211410,2,40.7,2.3,Single,0,Owned,10.7,0,0,N,24,0,02-09-2025,Verified
CUST00529,Shreya Kapoor,9212636500,,46,Female,Bengaluru,Freelancer,Self-Employed,1030709,1,Y,N,N,N,767,466888,33349.16,Car Loan,793290,0,62.9,4.5,Married,0,Owned,22.3,398161,0,N,84,869414,30-05-2026,Verified
CUST00530,Ashok Bansal,9869605587,,53,Female,Chennai,Salaried - It/Tech,Salaried,1716504,1,N,N,N,Y,386,292045.24,7301.13,Home Loan,,5,71.1,6.7,Married,0,Rented,12.2,0,0,N,180,9022637,07-07-2026,Verified
CUST00531,Meera Chauhan,9183743117,meera.chauhan987@rediffmail.com,25,Female,Chandigarh,Freelancer,Self-Employed,1458933,2,Y,Y,N,N,817,705735,33606.42,Personal Loan,,1,23.6,14.9,Married,2,Owned,2.2,0,0,N,24,0,02-03-2026,Verified
CUST00532,Vikram Sethi,,vikram.sethi680@outlook.com,45,Male,Lucknow,Business Owner,Self-Employed,460708,2,Y,Y,N,N,650,,8125.76,Car Loan,682847,5,42.4,9,Married,1,Rented,7.3,0,1,N,72,817963,10-01-2026,Verified
CUST00533,Sunita Bhatia,9338582374,sunita.bhatia888@yahoo.com,55,Female,Lucknow,Salaried - Education,Salaried,989633,1,Y,N,N,N,645,428959,10213.31,Personal Loan,410029,0,97,2.7,Single,0,Rented,10.5,0,1,N,60,0,19-10-2025,Verified
CUST00534,Priya Shah,9492779292,priya.shah27@hotmail.com,43,Female,Nagpur,Freelancer,Self-Employed,1458933,1,Y,N,N,N,567,,9307.57,Car Loan,551611,4,89.9,12.4,Married,3,Company Provided,18.1,299361,2,N,36,608883,14-09-2025,Verified
CUST00535,Kavya Reddy,,kavya.reddy315@gmail.com,41,Female,Bhopal,Salaried - Government,Salaried,1670563,3,N,Y,Y,Y,519,819450.06,19510.72,Credit Card,144858,3,47.5,4.9,Married,2,Company Provided,3.2,0,2,N,12,0,13-09-2025,Verified
CUST00536,Kabir Kapoor,9511170520,kabir.kapoor631@rediffmail.com,28,Male,Coimbatore,Salaried - Private,Salaried,1458933,1,N,Y,N,N,826,,7921.4,Home Loan,2865577,4,93.8,8.4,Single,2,Owned,6.7,0,1,N,300,3681489,16-01-2026,Verified
CUST00537,Rohan Singh,9629045335,rohan.singh724@outlook.com,53,Female,Jaipur,Freelancer,Self-Employed,1724118,0,N,N,N,N,594,30650.53,1532.53,Car Loan,548843,6,82.2,6.5,Married,0,Rented,26.5,751216,0,N,84,672707,02-10-2025,Pending
CUST00538,Krishna Mishra,9986714725,,41,Female,Bengaluru,Self Employed - Professional,Self-Employed,1458933,1,Y,N,N,N,735,,4686.31,Credit Card,168850,0,85.9,8,Married,2,Company Provided,10,0,2,Y,18,0,30-03-2026,Verified
CUST00539,Rajesh Rathi,9573588674,rajesh.rathi737@outlook.com,62,Female,Chennai,Salaried - Private,Salaried,844154,2,Y,N,N,Y,677,,9114.12,Personal Loan,,3,72.2,12.2,Married,0,Rented,4.1,0,2,N,36,0,11-07-2026,Verified
CUST00540,Meera Yadav,9108713252,meera.yadav907@gmail.com,54,Male,Indore,Salaried - It/Tech,Salaried,2353270,2,Y,N,N,Y,469,1082883,29267.11,Credit Card,368733,1,79.8,13.5,Married,1,Rented,11.1,0,0,N,12,0,08-02-2026,Verified
CUST00541,Sai Desai,9976890591,sai.desai795@hotmail.com,45,Male,Hyderabad,Salaried - Education,Salaried,522702,3,Y,Y,N,Y,780,,1342.83,Personal Loan,257954,0,73.1,3.4,Married,2,Owned,20.2,286342,0,Y,60,0,13-12-2025,Verified
CUST00542,Manju Patel,9208243963,manju.patel751@hotmail.com,41,Male,Surat,Self Employed - Professional,Self-Employed,1458933,2,Y,Y,N,N,550,427881.98,9301.78,Personal Loan,385757,1,34.3,6.4,Married,2,Rented,17.7,756181,0,Y,60,0,12-02-2026,Verified
CUST00543,Amit Agarwal,,amit.agarwal976@hotmail.com,43,Male,Kolkata,Business Owner,Self-Employed,2140443,2,Y,N,N,Y,639,,6331.16,Home Loan,,1,52.3,1.9,Married,3,Owned,17.5,0,2,N,180,9109456,06-08-2026,Verified
CUST00544,Reyansh Singh,,reyansh.singh374@hotmail.com,24,Male,Kolkata,Salaried - Private,Salaried,486502,1,Y,N,N,N,776,151387,3440.61,Home Loan,4430249,2,70.9,10.9,Single,2,Owned,0.9,0,2,N,120,5318509,15-01-2026,Pending
CUST00545,Rahul Khanna,,rahul.khanna661@gmail.com,57,Female,Hyderabad,Business Owner,Self-Employed,1458933,1,Y,N,N,N,884,311903,18347.24,Credit Card,428391,0,59.8,11.7,Single,2,Owned,1,508477,1,N,18,0,24-09-2025,Verified
CUST00546,Aryan Khanna,9105274731,aryan.khanna591@hotmail.com,51,Male,Pune,Business Owner,Self-Employed,1458933,1,N,Y,N,N,455,,2173.91,Credit Card,,2,71.5,7,Married,2,Owned,18.3,0,0,N,36,0,18-10-2025,Verified
CUST00547,Kabir Verma,,kabir.verma633@gmail.com,43,Male,Lucknow,Freelancer,Self-Employed,1458933,1,N,Y,N,N,337,376220,15675.82,Home Loan,,0,55.9,10,Married,3,Rented,21.8,723270,0,N,240,5420185,07-06-2026,Verified
CUST00548,Rajesh Desai,9250980140,rajesh.desai945@outlook.com,21,Female,Chennai,Self Employed - Business,Self-Employed,1458933,2,Y,Y,N,N,675,,26371.72,Home Loan,2053795,3,74.9,0.2,Single,2,Rented,0.3,734414,1,N,120,2479374,15-04-2026,Verified
CUST00549,Vikram Reddy,9555118480,vikram.reddy958@outlook.com,56,Female,Coimbatore,Salaried - Healthcare,Salaried,1924742,3,Y,N,Y,Y,376,1025621,48839.08,Credit Card,93843,10,93.4,6.5,Married,0,Owned,15,599300,0,N,12,0,03-04-2026,Verified
CUST00550,Radhika Sharma,9542747932,radhika.sharma234@yahoo.com,29,Female,Kochi,Salaried - Government,Salaried,1736089,2,Y,N,Y,N,307,,4053.99,Car Loan,367912,0,16.8,9.3,Single,1,Rented,7.3,0,0,Y,48,432143,03-03-2026,Verified
CUST00551,Ramesh Chauhan,9473696649,ramesh.chauhan381@outlook.com,48,Male,Ahmedabad,Salaried - It/Tech,Salaried,2311468,1,N,Y,N,N,302,153334,3262.42,Credit Card,423259,0,79.4,2,Married,3,Rented,11.3,486994,0,Y,36,0,16-11-2025,Verified
CUST00552,Aditya Bhatt,9114097170,,63,Female,Bhopal,Salaried - Government,Salaried,921311,1,N,N,Y,N,362,256192,10674.66,Credit Card,,1,28.4,7,Married,0,Owned,26.1,0,0,N,24,0,06-12-2025,Verified
CUST00553,Kabir Kumar,9855983760,kabir.kumar202@gmail.com,22,Female,Kolkata,Salaried - Healthcare,Salaried,1790376,1,Y,N,N,N,509,129440.29,10786.69,Car Loan,717259,10,81.3,11.7,Single,0,Rented,1,0,2,Y,60,871210,05-10-2025,Verified
CUST00554,Arjun Desai,9358286271,arjun.desai851@yahoo.com,65,Female,Mumbai,Salaried - Private,Salaried,541511,0,N,N,N,N,638,33943.95,2611.07,Credit Card,436863,0,47.5,7.4,Married,3,Owned,22.5,326964,1,N,24,0,15-06-2026,Verified
CUST00555,Rahul Pandey,9859918130,rahul.pandey68@outlook.com,32,Male,Jaipur,Freelancer,Self-Employed,458954,1,N,Y,N,N,704,,4793.47,Home Loan,6859327,0,11.2,7.1,Married,0,Owned,6.8,0,0,Y,120,8142775,01-05-2026,Verified
CUST00556,Vihaan Joshi,9615279977,vihaan.joshi585@outlook.com,36,Male,Kolkata,Salaried - Healthcare,Salaried,2132465,1,Y,N,N,N,596,,39250.64,Home Loan,,0,83.1,4.1,Single,3,Company Provided,2.4,188236,0,Y,180,1909312,24-03-2026,Verified
CUST00557,Rohan Pandey,9814422691,rohan.pandey676@gmail.com,61,Female,Hyderabad,Freelancer,Self-Employed,651014,1,Y,N,N,N,816,,7054.48,Home Loan,2729819,4,12.9,6.8,Married,3,Rented,17.8,646115,0,N,120,3801620,18-03-2026,Verified
CUST00558,Manish Bhatt,,manish.bhatt165@gmail.com,49,Female,Kochi,Freelancer,Self-Employed,1458933,0,N,N,N,N,311,68889,4592.59,Credit Card,156053,1,44.8,4.9,Single,3,Owned,5.5,0,0,N,12,0,14-11-2025,Verified
CUST00559,Anjali Pandey,9977399710,anjali.pandey605@outlook.com,31,Male,Coimbatore,Freelancer,Self-Employed,930978,1,Y,N,N,N,788,371228,24748.5,Car Loan,390460,1,26.8,1.9,Single,0,Rented,1.4,0,0,N,36,423808,18-01-2026,Verified
CUST00560,Preeti Tiwari,9694006191,preeti.tiwari572@yahoo.com,42,Male,Kanpur,Salaried - Government,Salaried,2230384,0,N,N,N,N,486,65317,4665.48,Home Loan,7388895,1,84.3,5.8,Married,2,Company Provided,9.2,533775,0,N,180,9533214,17-10-2025,Verified
CUST00561,Rohan Khanna,9481791843,rohan.khanna594@yahoo.com,61,Female,Jaipur,Freelancer,Self-Employed,824530,1,Y,N,N,N,572,264487.16,5749.72,Personal Loan,,0,46.4,14.8,Married,0,Company Provided,16,0,0,N,12,0,10-10-2025,Verified
CUST00562,Dhruv Saxena,9221275056,dhruv.saxena601@yahoo.com,43,Male,Pune,Salaried - Education,Salaried,752819,2,Y,N,N,Y,491,,31651.07,Car Loan,973642,1,14,5.1,Single,0,Owned,20,376566,0,N,24,1105847,24-07-2026,Verified
CUST00563,Aryan Tiwari,9410474779,aryan.tiwari281@gmail.com,57,Female,Nagpur,Salaried - Government,Salaried,2271516,0,N,N,N,N,828,28798,1028.49,Credit Card,,1,91.2,0.2,Married,3,Owned,8.4,0,0,N,12,0,,Verified
CUST00564,Swati Patel,,swati.patel642@hotmail.com,37,Female,Coimbatore,Self Employed - Professional,Self-Employed,1458933,0,N,N,N,N,880,61228,3601.62,Car Loan,1013629,1,98,12.1,Married,0,Owned,9.7,783614,1,Y,36,1205608,09-03-2026,Verified
CUST00565,Aditya Shah,9221749994,aditya.shah73@hotmail.com,26,Male,Delhi,Self Employed - Professional,Self-Employed,1458933,1,Y,N,N,N,607,117386,2395.63,Car Loan,987139,0,10.3,7.4,Married,2,Rented,1.7,547765,1,N,48,1218230,06-03-2026,Verified
CUST00566,Vikram Rathi,9895170314,vikram.rathi883@rediffmail.com,60,Female,Indore,Business Owner,Self-Employed,2021595,2,Y,N,N,Y,618,381775,10907.87,Home Loan,7844021,0,56.1,0.6,Married,4,Rented,29,529816,1,N,180,10701279,03-03-2026,Verified
CUST00567,Priya Sethi,9509375233,priya.sethi803@yahoo.com,61,Female,Indore,Salaried - Healthcare,Salaried,1458933,1,Y,N,N,N,534,840008,70000.68,Home Loan,2844393,4,16.2,2.5,Married,2,Rented,28.9,0,1,N,180,3814195,05-07-2026,Verified
CUST00568,Vivaan Kumar,9184895487,vivaan.kumar182@outlook.com,27,Male,Kanpur,Freelancer,Self-Employed,1458933,2,Y,N,N,Y,849,12193.89,290.33,Home Loan,5536601,2,99.2,2.1,Single,0,Rented,5.7,0,1,N,240,6984582,23-03-2026,Verified
CUST00569,Rekha Patel,9785685141,rekha.patel832@hotmail.com,25,Male,Hyderabad,Self Employed - Business,Self-Employed,524274,2,Y,Y,N,N,650,71713,2109.21,Home Loan,,1,48.8,5.4,Single,0,Company Provided,3.8,245938,1,N,180,9968239,02-01-2026,Verified
CUST00570,Anil Nair,,,37,Male,Kanpur,Salaried - It/Tech,Salaried,2259679,3,Y,Y,Y,N,414,,7905.7,Personal Loan,797556,8,32.1,8.2,Single,2,Rented,15.1,0,3,N,48,0,09-12-2025,Verified
CUST00571,Nikhil Mishra,9788822198,nikhil.mishra695@yahoo.com,52,Male,Mumbai,Self Employed - Professional,Self-Employed,1458933,0,N,N,N,N,312,123921,8261.41,Credit Card,338106,3,96.4,12.4,Married,2,Owned,11.8,0,3,N,18,0,09-01-2026,Verified
CUST00572,Karan Mehta,9346443488,,21,Male,Hyderabad,Freelancer,Self-Employed,1458933,0,N,N,N,N,368,49705,1461.9,Personal Loan,,0,92.1,14.3,Married,1,Rented,0.3,551310,0,N,60,0,09-07-2026,Verified
CUST00573,Sanjay Rathi,9693211288,sanjay.rathi110@gmail.com,62,Female,Ahmedabad,Salaried - Government,Salaried,916913,1,Y,N,N,N,851,404546,7932.28,Home Loan,6418457,1,78.8,13.3,Single,2,Owned,29.6,0,1,N,120,7821276,13-04-2026,Verified
CUST00574,Amit Chopra,9349699944,amit.chopra38@gmail.com,59,Male,Jaipur,Self Employed - Business,Self-Employed,1423233,2,Y,Y,N,N,760,138965,5146.85,Personal Loan,645604,3,19.3,1.9,Single,2,Owned,27.6,811173,0,N,60,0,20-09-2025,Verified
CUST00575,Kritika Khanna,9327731112,kritika.khanna172@yahoo.com,28,Male,Hyderabad,Salaried - Private,Salaried,1076425,2,Y,N,Y,N,695,297938.81,8276.08,Credit Card,43755,5,53.3,9.5,Single,2,Rented,3.5,0,0,N,24,0,30-11-2025,Verified
CUST00576,Kiran Gupta,9410057868,kiran.gupta64@yahoo.com,56,Female,Lucknow,Self Employed - Professional,Self-Employed,656735,0,N,N,N,N,863,42130.5,1755.44,Car Loan,948712,0,98.3,4.9,Single,0,Owned,22.1,0,0,N,36,996813,15-01-2026,Pending
CUST00577,Vinod Agarwal,9507151520,vinod.agarwal449@gmail.com,42,Male,Delhi,Salaried - Education,Salaried,2115507,1,N,N,N,Y,313,1148703.92,31046.05,Car Loan,927238,4,72.4,10.6,Single,3,Company Provided,0.3,0,0,N,72,1023460,08-07-2026,Verified
CUST00578,Divya Bansal,9116153797,,33,Female,Indore,Freelancer,Self-Employed,1148516,2,Y,Y,N,N,714,109779.03,2195.58,Home Loan,1629407,1,56.3,8.5,Married,2,Owned,6.5,0,1,N,120,2022128,03-03-2026,Verified
CUST00579,Saanvi Patel,9489791207,saanvi.patel465@gmail.com,57,Female,Nagpur,Salaried - Private,Salaried,1458933,2,Y,N,Y,N,667,352639,6781.52,Personal Loan,448606,0,97.9,8.4,Married,3,Rented,11.2,204630,0,N,36,0,25-10-2025,Verified
CUST00580,Neha Iyer,9858132966,,52,Female,Nagpur,Self Employed - Business,Self-Employed,1458933,1,Y,N,N,N,587,33802.29,593.02,Home Loan,2655705,0,21.8,2.3,Single,1,Rented,13.6,0,2,Y,240,3532756,01-03-2026,Verified
CUST00581,Krishna Kumar,9984019695,krishna.kumar567@outlook.com,64,Female,Kanpur,Business Owner,Self-Employed,490301,2,Y,N,Y,N,444,37163.4,1061.81,Home Loan,,2,6.7,11.1,Married,1,Company Provided,27,0,3,N,180,2035922,15-01-2026,Verified
CUST00582,Pooja Patel,9640198103,pooja.patel167@rediffmail.com,60,Female,Jaipur,Salaried - Private,Salaried,1458933,1,Y,N,N,N,487,52619.34,1879.26,Home Loan,3516373,0,99.4,1.3,Single,2,Company Provided,23.2,199433,1,Y,120,4124237,16-06-2026,Verified
CUST00583,Aarav Bansal,9291126315,aarav.bansal865@hotmail.com,27,Male,Lucknow,Self Employed - Business,Self-Employed,2092660,1,Y,N,N,N,751,66848.07,1392.67,Personal Loan,,0,48.9,12.2,Married,2,Owned,3.1,0,2,N,60,0,15-06-2026,Verified
CUST00584,Kritika Tiwari,9451359250,kritika.tiwari716@outlook.com,35,Male,Kochi,Business Owner,Self-Employed,2033104,0,N,N,N,N,607,,4172.62,Home Loan,7925599,0,84.5,1.5,Single,2,Company Provided,13.7,383141,0,N,120,9184821,12-02-2026,Verified
CUST00585,Isha Chauhan,9702884927,isha.chauhan680@rediffmail.com,46,Male,Kolkata,Salaried - Government,Salaried,2264075,1,N,Y,N,N,668,,13217.68,Personal Loan,403784,4,19.4,8,Married,1,Rented,1.3,0,0,N,36,0,26-01-2026,Pending
CUST00586,Sneha Reddy,9687511227,,41,Female,Nagpur,Salaried - It/Tech,Salaried,1458933,1,N,N,N,Y,754,,19539.8,Credit Card,226293,0,63.9,5.4,Married,1,Owned,3.9,0,1,N,24,0,08-02-2026,Verified
CUST00587,Anjali Mishra,,anjali.mishra317@gmail.com,63,Male,Ahmedabad,Salaried - Government,Salaried,1458933,0,N,N,N,N,319,,308.15,Home Loan,,0,70.2,2.8,Single,1,Rented,27.6,839938,0,Y,180,10105945,07-10-2025,Verified
CUST00588,Kabir Kapoor,9436883282,kabir.kapoor804@rediffmail.com,43,Male,Mumbai,Self Employed - Business,Self-Employed,2051880,1,N,N,Y,N,645,264198.57,4555.15,Personal Loan,971182,0,80.8,10.4,Married,1,Rented,7.7,0,0,N,12,0,09-04-2026,Verified
CUST00589,Rekha Singh,9597889349,rekha.singh610@rediffmail.com,24,Female,Kanpur,Salaried - Private,Salaried,1267204,1,N,N,Y,N,594,727927.06,14273.08,Personal Loan,368832,3,6.2,10.4,Married,0,Owned,2.8,0,0,N,36,0,27-09-2025,Verified
CUST00590,Manish Mishra,,manish.mishra932@gmail.com,35,Female,Kolkata,Freelancer,Self-Employed,1806485,1,Y,N,N,N,648,158799,4537.1,Home Loan,2092753,0,43.7,7.4,Single,0,Owned,8.1,0,2,N,120,2692711,07-04-2026,Verified
CUST00591,Aditya Chauhan,9846735731,aditya.chauhan917@yahoo.com,51,Female,Chennai,Self Employed - Professional,Self-Employed,1113046,1,N,Y,N,N,683,575592.61,44276.35,Credit Card,225851,1,40.8,12.8,Married,1,Owned,19.1,0,0,N,36,0,02-02-2026,Verified
CUST00592,Lata Chopra,9297187203,lata.chopra293@gmail.com,50,Female,Kolkata,Salaried - Private,Salaried,1458933,0,N,N,N,N,526,33337,1852.05,Credit Card,27986,2,8,0.8,Single,1,Rented,10.5,723229,0,Y,24,0,28-12-2025,Verified
CUST00593,Manju Sethi,9225250114,manju.sethi91@hotmail.com,46,Female,Ahmedabad,Self Employed - Business,Self-Employed,327242,1,Y,N,N,N,767,65596,1366.57,Home Loan,4211849,4,86.8,1.5,Married,2,Owned,4.4,864938,0,N,180,5683195,16-08-2026,Verified
CUST00594,Kavya Shah,9659055230,kavya.shah192@gmail.com,37,Female,Bhopal,Salaried - Private,Salaried,828827,2,Y,N,Y,N,465,112214.77,1870.25,Credit Card,114860,0,71.5,2.7,Single,2,Rented,1.4,0,0,N,36,0,28-08-2025,Verified
CUST00595,Nisha Kumar,9565719249,nisha.kumar109@gmail.com,53,Male,Pune,Freelancer,Self-Employed,1857883,1,Y,N,N,N,882,,14921.95,Home Loan,2904918,2,13.9,8.4,Married,0,Company Provided,10.4,551234,2,N,180,3389436,06-03-2026,Verified
CUST00596,Ishaan Desai,,ishaan.desai492@yahoo.com,53,Female,Lucknow,Salaried - It/Tech,Salaried,524061,1,N,N,Y,N,788,51100,3406.68,Personal Loan,627974,0,33,2.1,Single,4,Owned,28.4,216510,0,Y,24,0,01-11-2025,Pending
CUST00597,Usha Desai,9902914771,usha.desai113@gmail.com,47,Female,Pune,Salaried - Private,Salaried,1458933,1,N,N,Y,N,351,138064.28,2422.18,Personal Loan,279656,4,17.4,6.7,Married,3,Rented,3,0,0,Y,24,0,10-05-2026,Verified
CUST00598,Diya Sethi,9150503264,diya.sethi417@outlook.com,46,Male,Mumbai,Salaried - Private,Salaried,1744662,0,N,N,N,N,770,62085.35,1267.05,Credit Card,340395,1,17.5,1.3,Married,0,Rented,10.6,0,1,N,36,0,25-01-2026,Verified
CUST00599,Simran Verma,9270855252,simran.verma597@rediffmail.com,34,Male,Mumbai,Salaried - It/Tech,Salaried,1339941,1,N,N,N,Y,696,,15002.82,Credit Card,,4,94.2,6.4,Married,0,Owned,11.5,0,0,Y,36,0,18-04-2026,Pending
CUST00600,Manju Sethi,,manju.sethi393@yahoo.com,65,Female,Chennai,Salaried - Government,Salaried,2448091,1,N,N,Y,N,560,441395,31528.24,Home Loan,5119560,0,23.7,4.7,Single,2,Rented,10.5,603389,0,N,180,6380687,05-04-2026,Verified
CUST00601,Ayaan Gupta,9417309724,ayaan.gupta992@yahoo.com,37,Male,Indore,Self Employed - Business,Self-Employed,1458933,0,N,N,N,N,403,118233.85,2687.13,Credit Card,299865,2,95.2,9,Single,0,Rented,6.7,0,1,Y,12,0,28-07-2026,Verified
CUST00602,Ramesh Chopra,9383113206,,56,Female,Ahmedabad,Self Employed - Business,Self-Employed,1481675,1,N,N,Y,N,358,,12007.18,Personal Loan,307449,0,24.2,12.3,Single,0,Owned,25.1,0,0,N,36,0,09-01-2026,Verified
CUST00603,Neha Chauhan,,,64,Female,Chandigarh,Salaried - Healthcare,Salaried,1458933,1,Y,N,N,N,643,1251303,35751.52,Personal Loan,507793,0,49.9,12.9,Married,3,Rented,15.2,0,0,N,36,0,29-10-2025,Verified
CUST00604,Diya Iyer,9497219073,diya.iyer23@rediffmail.com,65,Male,Lucknow,Salaried - It/Tech,Salaried,1458933,1,Y,N,N,N,630,1147180,32776.58,Home Loan,4830905,0,47.4,1.9,Single,0,Rented,8.5,732690,1,N,180,6020281,19-01-2026,Verified
CUST00605,Mahesh Nair,9798646390,mahesh.nair558@rediffmail.com,33,Male,Kolkata,Salaried - Education,Salaried,787981,1,Y,N,N,N,357,214081.13,5633.71,Personal Loan,739738,3,26.5,14.4,Single,0,Rented,8.3,855110,2,Y,24,0,26-10-2025,Verified
CUST00606,Ashok Bhatt,9579569759,ashok.bhatt95@rediffmail.com,38,Female,Kolkata,Self Employed - Professional,Self-Employed,1821475,1,N,N,N,Y,817,871587.24,31128.12,Car Loan,1344497,0,52.2,9.7,Married,2,Rented,0.7,0,1,N,36,1471569,10-04-2026,Verified
CUST00607,Krishna Agarwal,9561681813,krishna.agarwal410@outlook.com,47,Male,Pune,Business Owner,Self-Employed,314282,2,Y,N,N,Y,665,153739,3843.47,Credit Card,32890,5,39.9,9.8,Single,0,Owned,4.2,0,0,N,24,0,29-11-2025,Verified
CUST00608,Mahesh Bhatia,9309237446,mahesh.bhatia123@hotmail.com,22,Female,Ahmedabad,Salaried - Government,Salaried,1458933,1,N,N,N,Y,468,,27542.56,Credit Card,,0,37.9,10.7,Married,1,Company Provided,0.3,0,1,N,36,0,30-12-2025,Verified
CUST00609,Ashok Shah,9760748777,ashok.shah361@yahoo.com,36,Female,Kolkata,Self Employed - Business,Self-Employed,2156792,1,Y,N,N,N,478,1843,52.66,Home Loan,7298121,2,90,12.5,Single,0,Owned,6.6,0,3,N,120,10048414,,Pending
CUST00610,Aditya Desai,9301259541,aditya.desai399@rediffmail.com,52,Male,Kochi,Self Employed - Business,Self-Employed,1138455,3,Y,Y,N,Y,402,241959,5148.06,Personal Loan,986324,6,69.4,9.6,Married,0,Rented,20.1,0,0,N,36,0,26-05-2026,Verified
CUST00611,Sunil Chopra,9613760094,sunil.chopra206@outlook.com,49,Female,Chennai,Self Employed - Business,Self-Employed,1180049,0,N,N,N,N,445,112374.18,1971.48,Credit Card,,0,62.7,4,Married,2,Rented,20.8,761765,3,N,18,0,,Verified
CUST00612,Isha Chopra,9161374984,isha.chopra387@yahoo.com,60,Male,Pune,Salaried - Healthcare,Salaried,1458933,1,N,Y,N,N,790,,9736.42,Credit Card,,1,55.5,4.2,Single,1,Owned,7.3,0,0,N,24,0,27-10-2025,Verified
CUST00613,Ananya Singh,9114551406,ananya.singh910@gmail.com,35,Male,Kolkata,Salaried - Education,Salaried,1458933,2,Y,Y,N,N,784,213004,5916.77,Credit Card,184537,2,80.1,0.9,Married,2,Rented,13.1,0,0,N,24,0,01-10-2025,Verified
CUST00614,Sunil Khanna,9822875673,sunil.khanna351@outlook.com,48,Female,Mumbai,Salaried - Government,Salaried,1458933,1,N,Y,N,N,666,906404,60426.92,Home Loan,1504428,3,6.7,2.7,Divorced,2,Owned,23.4,0,0,N,180,1845738,07-12-2025,Verified
CUST00615,Anil Tiwari,9561705191,anil.tiwari928@rediffmail.com,46,Female,Coimbatore,Business Owner,Self-Employed,2002817,2,Y,N,N,Y,736,589489,14035.44,Personal Loan,133784,3,98.6,2.9,Married,1,Rented,11.7,582582,0,N,60,0,29-03-2026,Verified
CUST00616,Sunita Mishra,,sunita.mishra964@rediffmail.com,65,Female,Pune,Salaried - Government,Salaried,684598,1,N,N,N,Y,824,276076.53,5634.21,Car Loan,,0,18.7,2.5,Married,1,Owned,10.7,0,0,N,84,777203,18-01-2026,Verified
CUST00617,Sanjay Verma,9101278408,sanjay.verma144@hotmail.com,56,Male,Nagpur,Salaried - It/Tech,Salaried,1458933,1,Y,N,N,N,758,568231.88,18330.06,Credit Card,240090,3,41.6,5.3,Single,0,Rented,1.3,0,0,N,36,0,05-12-2025,Verified
CUST00618,Vinod Chopra,9392486848,vinod.chopra579@hotmail.com,60,Male,Bhopal,Business Owner,Self-Employed,1458933,2,Y,N,N,Y,689,84420,3376.8,Credit Card,384234,0,49.3,0.3,Married,0,Rented,14,0,0,N,12,0,,Verified
CUST00619,Seema Desai,9766541261,seema.desai871@rediffmail.com,57,Female,Nagpur,Salaried - Healthcare,Salaried,1481505,1,Y,N,N,N,568,777487,25916.23,Personal Loan,,2,79.6,11.9,Married,0,Rented,18.2,605596,2,Y,36,0,14-01-2026,Verified
CUST00620,Nikhil Rao,9717315552,nikhil.rao903@outlook.com,47,Female,Mumbai,Freelancer,Self-Employed,1018640,2,Y,Y,N,N,788,,17688.79,Car Loan,509209,0,14.8,0.3,Single,2,Owned,18.1,509053,0,N,72,570085,19-01-2026,Verified
CUST00621,Kiran Malhotra,9497868623,kiran.malhotra345@hotmail.com,58,Male,Chennai,Salaried - Private,Salaried,1325229,1,Y,N,N,N,690,738603,35171.59,Personal Loan,644095,0,7.6,13.5,Single,0,Rented,6.4,0,0,N,36,0,23-05-2026,Verified
CUST00622,Priya Reddy,9455158753,priya.reddy597@outlook.com,61,Female,Mumbai,Freelancer,Self-Employed,1458933,1,N,Y,N,N,370,329692,9419.77,Car Loan,,0,36.1,5.9,Married,0,Rented,11.3,0,0,N,60,753470,04-08-2026,Verified
CUST00623,Aditya Bhatia,9366997758,aditya.bhatia200@outlook.com,50,Female,Kolkata,Salaried - It/Tech,Salaried,1458933,2,Y,Y,N,N,893,,8477.06,Home Loan,6032132,3,8.1,11.9,Divorced,2,Rented,26,0,0,N,120,7167667,26-07-2026,Verified
CUST00624,Mahesh Joshi,9570464462,mahesh.joshi911@outlook.com,25,Female,Jaipur,Self Employed - Professional,Self-Employed,457453,2,Y,N,Y,N,675,,11817.87,Personal Loan,904659,1,94.7,6.4,Married,1,Owned,3.5,0,0,N,60,0,12-11-2025,Verified
CUST00625,Karan Sharma,9246342612,karan.sharma17@yahoo.com,42,Female,Hyderabad,Self Employed - Professional,Self-Employed,1157362,2,N,Y,Y,N,779,306219.38,5279.64,Credit Card,371444,4,79.4,5.6,Single,1,Owned,16.4,0,0,N,18,0,24-09-2025,Verified
CUST00626,Suresh Shah,,suresh.shah58@gmail.com,32,Male,Coimbatore,Salaried - It/Tech,Salaried,2345294,2,Y,Y,N,N,434,,1427.57,Car Loan,1261444,0,97.4,8.8,Single,4,Rented,1.3,0,3,N,36,1398355,05-03-2026,Verified
CUST00627,Geeta Sethi,9875469593,geeta.sethi424@outlook.com,63,Female,Hyderabad,Business Owner,Self-Employed,1458933,3,Y,Y,Y,N,487,1320167.53,88011.17,Home Loan,4517891,1,26.6,13.1,Married,2,Rented,4.7,0,3,N,240,5871900,21-06-2026,Verified
CUST00628,Diya Chopra,9523272165,diya.chopra777@rediffmail.com,39,Male,Kochi,Self Employed - Business,Self-Employed,1337693,1,Y,N,N,N,378,637621,35423.41,Personal Loan,138642,0,9.5,8.1,Divorced,0,Rented,17.7,0,2,N,12,0,03-08-2026,Verified
CUST00629,Lata Gupta,9587923963,lata.gupta876@gmail.com,52,Female,Delhi,Self Employed - Professional,Self-Employed,933552,1,Y,N,N,N,663,,3119.28,Credit Card,,0,21.7,13.6,Single,2,Owned,16.9,166098,2,N,12,0,06-03-2026,Verified
CUST00630,Ramesh Mehta,,ramesh.mehta831@outlook.com,58,Female,Pune,Self Employed - Professional,Self-Employed,306323,1,N,N,Y,N,609,81387.32,6260.56,Car Loan,1353196,3,52.4,9.1,Single,0,Rented,24.2,430643,1,N,84,1515407,05-07-2026,Verified
CUST00631,Ananya Reddy,9946133097,ananya.reddy699@hotmail.com,52,Male,Kolkata,Salaried - Education,Salaried,2091549,1,N,Y,N,N,624,519685,17920.17,Personal Loan,524323,5,50,12,Married,1,Owned,12.7,0,0,N,60,0,02-11-2025,Verified
CUST00632,Kavya Agarwal,9878599985,kavya.agarwal950@yahoo.com,30,Female,Hyderabad,Salaried - Government,Salaried,1652999,0,N,N,N,N,455,97760.41,3055.01,Home Loan,,0,49,10.9,Married,1,Rented,6.6,0,3,N,300,4034354,31-07-2026,Verified
CUST00633,Sneha Sharma,9793966999,sneha.sharma685@rediffmail.com,42,Male,Pune,Self Employed - Professional,Self-Employed,748661,2,Y,N,N,Y,887,240065,9233.28,Personal Loan,117352,3,13,12.8,Married,3,Rented,8,647060,2,N,60,0,12-11-2025,Verified
CUST00634,Shreya Malhotra,9675295261,shreya.malhotra512@hotmail.com,40,Male,Hyderabad,Salaried - Government,Salaried,1670348,1,Y,N,N,N,436,839020.82,15254.92,Credit Card,,3,21.9,13.9,Single,1,Rented,9.3,0,0,N,36,0,18-07-2026,Verified
CUST00635,Usha Chopra,9904162114,usha.chopra319@gmail.com,59,Female,Chennai,Self Employed - Professional,Self-Employed,1542328,2,N,Y,Y,N,448,165688,6903.68,Personal Loan,,0,11.1,4.4,Single,2,Rented,3.6,0,3,Y,60,0,19-08-2026,Verified
CUST00636,Sai Joshi,9760348367,sai.joshi458@yahoo.com,47,Female,Kochi,Salaried - Government,Salaried,1458933,3,Y,Y,N,Y,524,511874.11,13124.98,Home Loan,,2,75.8,10.7,Married,1,Owned,4.4,557979,0,N,240,2191644,,Verified
CUST00637,Vikram Rao,9668503514,vikram.rao921@yahoo.com,56,Male,Kanpur,Freelancer,Self-Employed,978801,0,N,N,N,N,878,75104,5006.93,Credit Card,256507,0,71.3,2.6,Married,1,Owned,7,0,3,N,36,0,05-08-2026,Verified
CUST00638,Dhruv Reddy,,dhruv.reddy496@hotmail.com,26,Male,Hyderabad,Freelancer,Self-Employed,1458933,2,Y,N,Y,N,411,,61.17,Personal Loan,212584,2,80.2,3.2,Married,2,Owned,2.8,0,3,N,24,0,19-04-2026,Verified
CUST00639,Ashok Bhatia,9167968595,,41,Male,Nagpur,Business Owner,Self-Employed,2367826,1,Y,N,N,N,679,1172815.16,53309.78,Credit Card,,4,56.1,1.7,Single,1,Rented,12.5,0,0,N,36,0,10-05-2026,Verified
CUST00640,Isha Agarwal,9549897021,isha.agarwal594@rediffmail.com,62,Male,Coimbatore,Salaried - It/Tech,Salaried,1767769,1,N,Y,N,N,454,744049,20668.02,Car Loan,1137295,1,77.6,9.3,Married,3,Owned,13.6,530422,1,Y,48,1268346,30-06-2026,Verified
CUST00641,Saanvi Mishra,9783395805,saanvi.mishra10@hotmail.com,40,Female,Mumbai,Business Owner,Self-Employed,1424564,1,N,Y,N,N,611,,1344.7,Home Loan,5563703,0,5.4,11.8,Married,2,Rented,10.8,0,2,N,240,6502951,,Verified
CUST00642,Simran Rathi,,simran.rathi868@outlook.com,28,Female,Bhopal,Self Employed - Professional,Self-Employed,1512050,0,N,N,N,N,895,81112,1763.3,Credit Card,219659,0,60.5,0.6,Married,0,Rented,4.7,0,0,N,18,0,,Verified
CUST00643,Aditya Patel,9527855608,aditya.patel143@hotmail.com,43,Female,Nagpur,Salaried - It/Tech,Salaried,1458933,1,Y,N,N,N,667,173723.89,6681.69,Credit Card,311651,4,59.4,3,Single,0,Rented,1.4,0,0,N,36,0,07-01-2026,Verified
CUST00644,Vinod Kumar,9694135942,vinod.kumar356@hotmail.com,36,Male,Chennai,Business Owner,Self-Employed,1854232,2,N,Y,Y,N,699,845276.46,22845.31,Credit Card,330469,4,79,5.5,Married,3,Company Provided,6,345794,1,N,24,0,04-04-2026,Verified
CUST00645,Vihaan Desai,,vihaan.desai492@gmail.com,62,Male,Kochi,Business Owner,Self-Employed,979458,3,Y,N,Y,Y,508,251364,4488.65,Credit Card,44958,0,92.3,4.7,Divorced,0,Rented,1.6,0,1,Y,36,0,05-03-2026,Verified
CUST00646,Aditya Chopra,9252217266,aditya.chopra807@yahoo.com,28,Female,Kanpur,Salaried - Education,Salaried,2303563,1,Y,N,N,N,485,,14383.93,Car Loan,794742,0,65.3,10,Married,0,Rented,3.5,0,0,N,48,893666,18-12-2025,Verified
CUST00647,Ananya Patel,9203496796,ananya.patel869@yahoo.com,55,Female,Lucknow,Salaried - Private,Salaried,2351429,0,N,N,N,N,523,,426.73,Credit Card,,2,42.5,9.9,Single,3,Owned,21.6,0,2,N,36,0,06-05-2026,Verified
CUST00648,Sunil Nair,9675602611,sunil.nair658@rediffmail.com,36,Male,Coimbatore,Salaried - Healthcare,Salaried,1647331,1,N,Y,N,N,654,,4322.49,Credit Card,,0,52.7,7.4,Single,1,Owned,13.8,0,1,N,12,0,05-01-2026,Verified
CUST00649,Manish Nair,,manish.nair236@outlook.com,61,Male,Kanpur,Self Employed - Business,Self-Employed,1458933,1,Y,N,N,N,414,773973,18877.4,Credit Card,206859,1,71.7,14.7,Married,1,Rented,18.2,323526,0,N,18,0,,Verified
CUST00650,Riya Gupta,9945588120,riya.gupta71@yahoo.com,36,Male,Indore,Salaried - Private,Salaried,2451593,2,Y,N,Y,N,369,,22552.08,Home Loan,6057573,1,5.9,12.4,Married,1,Owned,3,0,0,N,180,8369419,,Verified
CUST00651,Preeti Rathi,9649603215,preeti.rathi52@gmail.com,53,Male,Kanpur,Salaried - Education,Salaried,2306413,3,Y,Y,N,Y,790,612620,17017.22,Personal Loan,671270,3,60.9,1.2,Married,0,Owned,17.8,0,2,N,48,0,07-01-2026,Pending
CUST00652,Diya Verma,9754543767,,58,Male,Delhi,Salaried - Government,Salaried,1458933,1,Y,N,N,N,844,273008.49,4963.79,Car Loan,643357,0,13.1,9,Single,1,Owned,19.6,0,1,N,72,713810,,Verified
CUST00653,Neha Agarwal,9498049146,neha.agarwal449@yahoo.com,56,Male,Chandigarh,Salaried - Healthcare,Salaried,1458933,2,N,Y,N,Y,352,,11836.26,Home Loan,,1,74.5,9.2,Single,3,Rented,24.7,555336,1,Y,300,10655307,19-04-2026,Verified
CUST00654,Diya Chauhan,,diya.chauhan542@outlook.com,37,Female,Hyderabad,Salaried - It/Tech,Salaried,1458933,2,Y,N,Y,N,835,73231,3183.95,Personal Loan,719196,0,55.2,5.3,Married,2,Rented,9.4,0,3,N,12,0,13-01-2026,Pending
CUST00655,Diya Agarwal,9112193966,diya.agarwal909@gmail.com,60,Male,Hyderabad,Business Owner,Self-Employed,1458933,1,N,N,Y,N,733,794578,30560.69,Car Loan,487548,1,67.4,11.2,Married,0,Rented,28.8,777101,0,N,60,513873,27-10-2025,Verified
CUST00656,Rahul Rathi,9727594615,rahul.rathi82@gmail.com,36,Male,Chandigarh,Salaried - It/Tech,Salaried,863719,1,N,N,Y,N,343,297448.12,5311.57,Car Loan,,3,86.3,10.8,Married,1,Rented,4.7,0,0,N,48,1758350,24-05-2026,Verified
CUST00657,Meera Chauhan,,meera.chauhan144@hotmail.com,26,Male,Kanpur,Freelancer,Self-Employed,1981677,2,N,Y,Y,N,307,745068.54,16197.14,Car Loan,1202198,0,65.1,4.5,Single,0,Owned,2.1,0,1,N,48,1345672,24-10-2025,Verified
CUST00658,Nikhil Rao,9521859610,nikhil.rao980@rediffmail.com,23,Male,Kochi,Self Employed - Professional,Self-Employed,1458933,1,Y,N,N,N,731,1362244.39,25702.72,Home Loan,4938148,0,91.8,4.6,Married,1,Owned,0.4,0,0,N,120,6448545,17-08-2026,Verified
CUST00659,Ananya Mishra,9319835447,ananya.mishra343@rediffmail.com,61,Male,Indore,Salaried - It/Tech,Salaried,1458933,1,N,N,Y,N,859,351.87,8.18,Personal Loan,58674,0,51.2,3.3,Married,3,Rented,8.1,352941,0,N,24,0,25-06-2026,Verified
CUST00660,Dhruv Khanna,9123201132,dhruv.khanna590@hotmail.com,57,Male,Indore,Business Owner,Self-Employed,1986663,1,Y,N,N,N,303,679042.77,29523.6,Car Loan,1367759,1,30.6,4.9,Divorced,0,Rented,25,0,0,Y,36,1667533,28-10-2025,Verified
CUST00661,Manju Reddy,9122841695,manju.reddy658@hotmail.com,56,Male,Hyderabad,Salaried - Education,Salaried,1436610,1,N,N,Y,N,513,509118,8485.3,Credit Card,285948,1,57.1,6.8,Single,4,Owned,7.3,0,1,N,24,0,13-10-2025,Verified
CUST00662,Aarav Bansal,9113374929,aarav.bansal638@gmail.com,43,Female,Kochi,Salaried - Education,Salaried,397274,3,Y,Y,Y,N,470,,8256.67,Credit Card,363518,3,86.9,3.6,Married,0,Rented,10.1,351398,0,N,36,0,14-08-2026,Verified
CUST00663,Sanjay Nair,9207057192,sanjay.nair579@yahoo.com,31,Male,Kanpur,Self Employed - Professional,Self-Employed,615761,2,Y,N,N,Y,447,,1837.07,Home Loan,1736233,1,74.9,7.2,Single,4,Rented,5.9,283092,0,N,240,2341072,28-11-2025,Verified
CUST00664,Amit Saxena,,amit.saxena662@yahoo.com,32,Female,Hyderabad,Salaried - Government,Salaried,1458933,2,Y,N,N,Y,690,,1587.22,Credit Card,98281,1,47.6,9.9,Married,3,Rented,0.6,744317,0,N,18,0,,Verified
CUST00665,Aryan Malhotra,,aryan.malhotra598@gmail.com,21,Female,Bhopal,Business Owner,Self-Employed,1458933,3,Y,Y,Y,N,876,934467,71882.08,Home Loan,3313515,1,13.5,11.3,Married,1,Owned,0.3,555402,0,N,360,4202046,03-10-2025,Verified
CUST00666,Anjali Singh,9299327145,anjali.singh123@gmail.com,37,Female,Jaipur,Salaried - Education,Salaried,1458933,2,N,Y,Y,N,370,,18229.39,Home Loan,3654490,0,43.7,14.8,Married,0,Owned,13.8,0,0,N,120,4794641,02-09-2025,Verified
CUST00667,Kabir Reddy,9731052193,kabir.reddy277@gmail.com,30,Male,Jaipur,Salaried - It/Tech,Salaried,2170985,1,N,N,Y,N,513,,23117.66,Car Loan,,0,92.7,7.2,Married,1,Rented,6.6,878006,0,Y,84,1079518,29-05-2026,Verified
CUST00668,Meera Verma,9241103890,,57,Male,Lucknow,Freelancer,Self-Employed,681341,1,Y,N,N,N,592,299452,6509.83,Home Loan,3641605,1,45.7,13.2,Divorced,2,Owned,14.1,0,2,N,240,4471856,05-01-2026,Verified
CUST00669,Vinod Rao,,vinod.rao841@rediffmail.com,26,Male,Delhi,Business Owner,Self-Employed,1522958,1,N,N,Y,N,351,368858,6251.83,Personal Loan,462130,1,74.4,2.1,Married,1,Owned,2.8,0,0,Y,12,0,11-05-2026,Verified
CUST00670,Karan Agarwal,9666703831,karan.agarwal421@outlook.com,38,Female,Kolkata,Self Employed - Business,Self-Employed,340803,2,Y,N,Y,N,451,177126.21,5209.59,Car Loan,,4,77.3,0.2,Married,2,Owned,13.5,0,3,N,72,325023,28-08-2025,Verified
CUST00671,Divya Agarwal,9924760361,divya.agarwal797@rediffmail.com,26,Male,Jaipur,Salaried - Government,Salaried,2003700,1,N,Y,N,N,693,682521.22,11568.16,Personal Loan,910251,0,70.1,3.2,Married,3,Rented,4.7,0,0,N,12,0,12-03-2026,Verified
CUST00672,Kiran Yadav,9461677486,kiran.yadav308@rediffmail.com,26,Male,Chandigarh,Salaried - It/Tech,Salaried,1458933,2,Y,Y,N,N,827,321068.3,12348.78,Personal Loan,505671,0,14.2,12.6,Divorced,0,Owned,4.4,646615,1,N,36,0,,Verified
CUST00673,Anil Agarwal,9964207402,anil.agarwal317@yahoo.com,43,Male,Jaipur,Salaried - Private,Salaried,1458933,2,Y,N,Y,N,330,157235.25,4367.65,Car Loan,894298,1,71.9,13,Married,0,Owned,0.3,810926,1,N,84,1076733,11-10-2025,Verified
CUST00674,Ishaan Khanna,9247932385,ishaan.khanna669@yahoo.com,53,Female,Surat,Salaried - Private,Salaried,926175,1,N,N,Y,N,371,276119.07,4930.7,Car Loan,585093,1,80,5.5,Divorced,1,Owned,27.9,490825,0,N,72,625429,08-06-2026,Pending
CUST00675,Kritika Tiwari,,kritika.tiwari110@rediffmail.com,28,Female,Bengaluru,Self Employed - Business,Self-Employed,1458933,2,Y,Y,N,N,417,886760,59117.35,Home Loan,6546712,0,10.3,6.5,Married,0,Rented,3.8,0,0,N,180,7856879,,Verified
CUST00676,Rita Mishra,9558719363,rita.mishra71@outlook.com,26,Female,Mumbai,Salaried - It/Tech,Salaried,1458933,1,Y,N,N,N,564,350083,6035.92,Credit Card,478919,0,21.9,2.3,Married,4,Rented,1.7,0,0,N,24,0,25-12-2025,Verified
CUST00677,Anjali Yadav,9898350328,,40,Female,Chennai,Salaried - It/Tech,Salaried,1285151,2,Y,N,Y,N,847,130373.63,4074.18,Credit Card,412929,2,83.5,10.1,Married,1,Owned,7.6,0,2,Y,36,0,12-11-2025,Verified
CUST00678,Vikram Gupta,,vikram.gupta901@hotmail.com,47,Female,Kochi,Salaried - It/Tech,Salaried,1530826,1,Y,N,N,N,512,332133,23723.8,Home Loan,,3,33.8,8.6,Divorced,4,Owned,8.3,307106,0,N,300,3105501,21-10-2025,Verified
CUST00679,Diya Rathi,9784186371,diya.rathi444@outlook.com,59,Female,Kolkata,Salaried - Healthcare,Salaried,1377004,1,N,Y,N,N,583,661812.78,12487.03,Credit Card,,0,68.7,9.3,Single,2,Owned,4.7,792881,0,N,24,0,07-08-2026,Verified
CUST00680,Nikhil Desai,,nikhil.desai826@yahoo.com,25,Female,Indore,Freelancer,Self-Employed,397304,1,N,N,N,Y,400,194653.22,13903.8,Personal Loan,145533,0,88.4,4.8,Single,1,Rented,1,0,0,N,36,0,04-07-2026,Verified
CUST00681,Divya Malhotra,9104500357,divya.malhotra844@yahoo.com,52,Male,Hyderabad,Freelancer,Self-Employed,1915019,3,Y,Y,Y,N,506,120686,3017.15,Credit Card,62038,0,31.2,14.1,Married,3,Rented,3.8,667394,1,N,36,0,25-07-2026,Verified
CUST00682,Aditya Chauhan,,aditya.chauhan108@hotmail.com,30,Female,Delhi,Freelancer,Self-Employed,1383684,1,Y,N,N,N,836,,7795.84,Credit Card,349612,0,24.6,6.7,Married,2,Rented,0.5,0,1,N,36,0,20-05-2026,Verified
CUST00683,Pooja Singh,,pooja.singh480@rediffmail.com,24,Male,Bhopal,Salaried - Government,Salaried,2042740,3,Y,Y,N,Y,781,1196165,56960.23,Personal Loan,,0,61.6,11.4,Single,1,Rented,2.4,0,0,N,12,0,12-04-2026,Verified
CUST00684,Kritika Bhatia,9213862140,kritika.bhatia922@gmail.com,32,Female,Coimbatore,Salaried - Private,Salaried,1458933,1,N,N,N,Y,473,717712.72,13290.98,Car Loan,707171,3,17.8,13.2,Divorced,0,Rented,4.5,894986,1,N,72,792373,16-04-2026,Verified
CUST00685,Mahesh Joshi,,mahesh.joshi399@hotmail.com,64,Female,Bengaluru,Salaried - Education,Salaried,796581,1,Y,N,N,N,445,,2849.93,Credit Card,459735,0,33.3,2.3,Married,1,Owned,6.2,855763,2,N,24,0,14-11-2025,Verified
CUST00686,Dhruv Tiwari,9903220734,dhruv.tiwari712@gmail.com,60,Male,Chennai,Salaried - It/Tech,Salaried,1458933,3,Y,Y,Y,N,735,550796,34424.73,Credit Card,185880,4,9.5,1.7,Single,1,Rented,23,0,3,N,36,0,26-08-2026,Verified
CUST00687,Karan Pandey,9759776218,karan.pandey884@outlook.com,35,Female,Coimbatore,Salaried - Government,Salaried,692051,3,Y,Y,Y,N,810,174651,8316.7,Home Loan,5740981,3,60.6,6.5,Divorced,1,Owned,4.9,0,2,N,360,7707882,12-04-2026,Verified
CUST00688,Diya Rathi,9205742695,diya.rathi138@yahoo.com,58,Female,Chandigarh,Freelancer,Self-Employed,1458933,2,Y,Y,N,N,346,326158,6523.15,Home Loan,2848688,0,41.4,2.5,Single,1,Rented,29.7,0,0,N,180,3302113,28-09-2025,Verified
CUST00689,Vivaan Kapoor,9318586138,vivaan.kapoor63@rediffmail.com,50,Male,Kanpur,Salaried - Education,Salaried,1458933,0,N,N,N,N,792,93407.38,6227.16,Personal Loan,152448,1,34.2,3.6,Married,0,Owned,23.9,0,0,N,48,0,04-08-2026,Verified
CUST00690,Vihaan Patel,9704111298,vihaan.patel177@outlook.com,37,Female,Kochi,Salaried - Education,Salaried,918662,1,N,Y,N,N,346,,6341.52,Car Loan,,0,67,5.8,Married,1,Owned,13.4,403693,1,Y,60,670428,15-08-2026,Verified
CUST00691,Simran Singh,9333955572,simran.singh915@rediffmail.com,48,Female,Delhi,Salaried - Education,Salaried,426708,0,N,N,N,N,539,7525.63,134.39,Car Loan,1077029,3,29.7,5.3,Married,2,Rented,20.9,0,1,N,48,1259301,13-04-2026,Verified
CUST00692,Amit Chauhan,9109486047,amit.chauhan322@yahoo.com,64,Female,Indore,Business Owner,Self-Employed,542317,0,N,N,N,N,607,18669.91,848.63,Home Loan,2145708,1,87,3.8,Single,1,Rented,14.5,0,1,N,180,2564262,22-08-2026,Verified
CUST00693,Suresh Singh,,suresh.singh106@gmail.com,25,Female,Kanpur,Business Owner,Self-Employed,2086464,2,N,N,Y,Y,601,,4289.44,Car Loan,539117,0,84.5,6.2,Married,0,Owned,0.7,0,1,N,36,586255,26-11-2025,Verified
CUST00694,Nisha Rathi,9690121043,,38,Male,Nagpur,Salaried - It/Tech,Salaried,1458933,1,N,Y,N,N,761,662849.75,11047.5,Credit Card,133265,3,12.6,13.9,Married,2,Rented,11.7,0,0,N,18,0,,Verified
CUST00695,Kabir Nair,9400285831,kabir.nair386@rediffmail.com,35,Male,Bhopal,Self Employed - Business,Self-Employed,1468688,1,N,N,Y,N,852,195887,4080.98,Credit Card,408724,0,93.3,4,Married,1,Rented,11.5,0,0,N,18,0,30-10-2025,Verified
CUST00696,Rohan Chauhan,,rohan.chauhan185@rediffmail.com,26,Male,Hyderabad,Salaried - Education,Salaried,1232010,2,Y,Y,N,N,739,43983,1127.76,Home Loan,,0,36.5,2.7,Single,2,Owned,4.9,0,0,N,360,6585551,14-04-2026,Verified
CUST00697,Sneha Bhatia,9686404315,,21,Female,Chandigarh,Salaried - Healthcare,Salaried,2031338,3,N,Y,Y,Y,405,688678,31303.55,Credit Card,,0,12.4,5.7,Single,1,Rented,0.3,0,0,N,12,0,21-06-2026,Verified
CUST00698,Lata Patel,9474194628,lata.patel981@yahoo.com,36,Male,Kolkata,Salaried - Private,Salaried,1458933,3,Y,Y,Y,N,639,207193,13812.87,Credit Card,344110,4,26.5,5.2,Married,2,Rented,3.6,0,0,N,24,0,16-08-2026,Verified
CUST00699,Swati Reddy,9910731994,swati.reddy795@yahoo.com,33,Male,Surat,Self Employed - Professional,Self-Employed,1953034,1,N,N,Y,N,327,406410,6888.31,Personal Loan,178396,0,96.8,4.2,Married,0,Rented,5.5,598833,0,N,60,0,06-07-2026,Verified
CUST00700,Vihaan Kumar,9253161692,vihaan.kumar249@hotmail.com,46,Male,Bengaluru,Business Owner,Self-Employed,1458933,2,Y,N,Y,N,693,243687.53,8403.02,Credit Card,316934,0,47.6,9.4,Single,2,Owned,11.3,0,0,N,36,0,30-10-2025,Pending
CUST00701,Rekha Nair,9608365807,rekha.nair327@yahoo.com,63,Female,Jaipur,Salaried - Education,Salaried,731533,2,N,Y,Y,N,423,,7572.53,Credit Card,22364,1,20,11.2,Married,1,Rented,8.3,678863,0,N,24,0,23-02-2026,Verified
CUST00702,Reyansh Nair,9325360943,reyansh.nair738@yahoo.com,27,Male,Surat,Self Employed - Professional,Self-Employed,507070,1,Y,N,N,N,443,,1587.71,Personal Loan,442546,2,28.9,2.1,Divorced,2,Owned,5,0,1,N,60,0,21-10-2025,Verified
CUST00703,Vinod Khanna,,vinod.khanna310@rediffmail.com,51,Female,Delhi,Salaried - Education,Salaried,1458933,1,N,N,Y,N,540,1075683,21952.72,Home Loan,4472001,0,87.9,14.2,Married,1,Rented,8.9,0,0,N,360,6021113,25-02-2026,Verified
CUST00704,Divya Reddy,9990714291,divya.reddy757@rediffmail.com,31,Female,Indore,Business Owner,Self-Employed,1458933,2,Y,Y,N,N,793,65130.8,1329.2,Personal Loan,430017,0,25.6,11.7,Single,2,Owned,6,269268,0,N,12,0,26-05-2026,Verified
CUST00705,Ashok Rathi,,ashok.rathi957@hotmail.com,31,Female,Bhopal,Self Employed - Business,Self-Employed,1458933,1,Y,N,N,N,392,1033886,46994.84,Personal Loan,307618,5,13.3,8.6,Married,0,Owned,7.1,0,0,N,12,0,02-11-2025,Verified
CUST00706,Aarav Nair,,aarav.nair914@outlook.com,24,Female,Indore,Self Employed - Professional,Self-Employed,1458933,2,Y,N,N,Y,537,396889,26459.26,Credit Card,321424,0,40.2,3.2,Single,0,Owned,1.6,593915,0,N,12,0,28-03-2026,Pending
CUST00707,Rita Desai,9254152993,rita.desai473@hotmail.com,63,Male,Lucknow,Salaried - Education,Salaried,1478543,1,Y,N,N,N,356,420499,10782.03,Personal Loan,459911,0,72.3,10.8,Married,0,Owned,14.1,467744,0,N,24,0,18-12-2025,Verified
CUST00708,Dhruv Bhatia,9312845035,dhruv.bhatia806@hotmail.com,28,Male,Jaipur,Salaried - It/Tech,Salaried,690714,1,N,Y,N,N,698,144621,4820.71,Credit Card,499929,2,48.7,7.1,Single,1,Owned,6.7,0,1,N,18,0,01-01-2026,Verified
CUST00709,Kabir Bansal,,kabir.bansal839@outlook.com,48,Female,Chandigarh,Salaried - Healthcare,Salaried,1726822,3,Y,N,Y,Y,806,,13376.88,Personal Loan,,0,22.4,13.3,Married,0,Owned,20.9,522158,0,N,36,0,04-12-2025,Verified
CUST00710,Meera Agarwal,9374371559,meera.agarwal460@rediffmail.com,21,Male,Kanpur,Salaried - It/Tech,Salaried,1850731,0,N,N,N,N,881,7674,137.03,Home Loan,,0,46.2,10.7,Married,0,Company Provided,0.3,0,0,N,240,3748859,10-01-2026,Verified
CUST00711,Priya Yadav,,priya.yadav241@outlook.com,58,Male,Delhi,Self Employed - Professional,Self-Employed,1458933,2,Y,Y,N,N,720,1017333,33911.11,Personal Loan,527742,1,91.1,4.1,Married,0,Rented,2.7,0,2,Y,36,0,26-03-2026,Verified
CUST00712,Riya Bhatia,9601817355,riya.bhatia135@hotmail.com,35,Female,Coimbatore,Salaried - Government,Salaried,1842425,1,N,N,Y,N,829,825272,17193.16,Credit Card,51357,0,50.2,10.5,Married,0,Rented,4.5,490817,2,N,12,0,21-01-2026,Pending
CUST00713,Kavya Malhotra,9908418894,kavya.malhotra904@hotmail.com,43,Female,Delhi,Self Employed - Professional,Self-Employed,1458933,1,Y,N,N,N,327,,6013.11,Home Loan,7085738,0,82.7,7.2,Single,3,Rented,0.5,0,0,Y,300,9762773,20-07-2026,Verified
CUST00714,Sai Bansal,9117335231,sai.bansal790@rediffmail.com,49,Female,Lucknow,Self Employed - Professional,Self-Employed,2407140,1,N,N,N,Y,782,1085278,22609.96,Home Loan,3214214,0,82.3,10.5,Single,3,Rented,13.6,0,1,N,240,4377888,04-08-2026,Verified
CUST00715,Nisha Singh,9249248949,nisha.singh849@gmail.com,65,Female,Delhi,Salaried - It/Tech,Salaried,2072460,0,N,N,N,N,753,6163,166.58,Personal Loan,245893,3,77.4,6.2,Married,3,Rented,26.4,0,3,N,24,0,13-05-2026,Verified
CUST00716,Sai Pandey,9708436177,sai.pandey836@rediffmail.com,31,Female,Hyderabad,Freelancer,Self-Employed,945580,1,Y,N,N,N,538,263051,6415.88,Credit Card,299913,0,83.9,9.2,Married,2,Owned,2.3,0,0,Y,18,0,09-10-2025,Verified
CUST00717,Rahul Mehta,9424792824,,65,Male,Hyderabad,Salaried - It/Tech,Salaried,1804884,1,N,N,N,Y,689,648474.32,40529.64,Car Loan,1429543,0,5.2,4,Single,0,Company Provided,7.2,0,1,N,36,1733099,18-08-2026,Verified
CUST00718,Usha Tiwari,9828313215,usha.tiwari842@gmail.com,50,Male,Indore,Business Owner,Self-Employed,1458933,1,N,Y,N,N,577,957387.4,17407.04,Credit Card,200218,4,55.1,13,Single,3,Owned,19,729299,2,N,12,0,10-02-2026,Verified
CUST00719,Tanya Chauhan,9149801596,tanya.chauhan118@hotmail.com,24,Female,Indore,Salaried - It/Tech,Salaried,478389,3,Y,Y,Y,N,332,148563,9285.2,Home Loan,2836590,0,55.2,9.1,Married,0,Rented,1.1,544933,1,N,120,3586615,17-05-2026,Verified
CUST00721,Dhruv Mehta,,dhruv.mehta610@hotmail.com,61,Female,Jaipur,Salaried - Healthcare,Salaried,1458933,1,N,N,N,Y,311,1098862,36628.73,Personal Loan,362744,0,88.3,3.4,Married,2,Company Provided,4.9,423174,0,N,36,0,13-06-2026,Verified
CUST00722,Geeta Saxena,9856146133,geeta.saxena61@yahoo.com,60,Female,Bhopal,Salaried - Private,Salaried,853057,2,N,Y,N,Y,615,21512,632.7,Personal Loan,782326,2,29.3,11.4,Single,3,Rented,23.4,162201,0,N,36,0,14-05-2026,Verified
CUST00723,Ayaan Shah,9869711410,ayaan.shah584@hotmail.com,52,Male,Kochi,Salaried - Healthcare,Salaried,1459495,1,N,N,Y,N,430,,14437.81,Home Loan,4882556,3,62.4,9.4,Married,1,Owned,11.4,762447,3,N,180,5779589,20-09-2025,Pending
CUST00724,Kabir Bansal,,kabir.bansal397@yahoo.com,31,Female,Chennai,Salaried - Private,Salaried,1458933,2,Y,Y,N,N,897,467753,19489.7,Car Loan,1090532,1,61.1,13.4,Single,3,Rented,7.5,0,1,N,48,1308965,27-04-2026,Verified
CUST00726,Swati Yadav,9902077579,swati.yadav967@gmail.com,40,Male,Delhi,Salaried - It/Tech,Salaried,596608,3,Y,Y,Y,N,807,115049,2212.48,Home Loan,2610611,0,63.2,6.6,Married,2,Owned,14.2,0,1,N,120,3217256,,Verified
CUST00728,Diya Joshi,9264212912,diya.joshi776@outlook.com,21,Female,Ahmedabad,Salaried - It/Tech,Salaried,2358365,1,Y,N,N,N,498,,13377.81,Car Loan,1148726,0,9.9,7.5,Married,0,Rented,0.3,0,0,N,72,1381181,25-11-2025,Pending
CUST00729,Ishaan Tiwari,9458120745,ishaan.tiwari854@rediffmail.com,58,Male,Pune,Freelancer,Self-Employed,1458933,2,Y,N,Y,N,600,,38432.73,Car Loan,1240685,0,62.8,11.7,Married,0,Rented,16.2,0,1,N,24,1531751,28-08-2025,Verified
CUST00730,Pooja Malhotra,9445049909,pooja.malhotra79@rediffmail.com,25,Female,Delhi,Freelancer,Self-Employed,1458933,2,Y,N,N,Y,851,,37648.07,Car Loan,,0,97.3,0.7,Single,2,Owned,0.3,706491,1,N,48,1275148,14-04-2026,Verified
CUST00731,Sanjay Rathi,,sanjay.rathi402@outlook.com,36,Male,Nagpur,Salaried - Private,Salaried,2363165,1,N,Y,N,N,312,1016384.73,31762.02,Car Loan,,1,98.5,14.9,Married,3,Rented,2.5,554721,1,N,60,657086,15-09-2025,Verified
CUST00732,Kavya Khanna,9981292633,kavya.khanna558@rediffmail.com,46,Female,Mumbai,Business Owner,Self-Employed,1458933,1,Y,N,N,N,691,59695.99,1530.67,Personal Loan,959064,0,27.5,10.9,Married,0,Owned,24.6,787503,0,N,12,0,04-04-2026,Verified
CUST00734,Ayaan Bansal,9804586994,,39,Female,Kolkata,Self Employed - Business,Self-Employed,375872,2,Y,N,N,Y,788,214691.99,6134.06,Car Loan,,1,71.3,11.9,Single,2,Rented,2.7,0,0,N,24,1020682,02-10-2025,Verified
CUST00735,Nisha Mehta,9882966815,nisha.mehta250@rediffmail.com,38,Female,Chandigarh,Salaried - Education,Salaried,2012006,2,Y,N,Y,N,890,453820,37818.36,Car Loan,786726,8,18.1,5.9,Single,1,Owned,8.4,0,0,N,60,907400,19-09-2025,Verified
CUST00736,Geeta Verma,9522378602,geeta.verma243@gmail.com,46,Female,Ahmedabad,Salaried - Education,Salaried,335079,2,Y,Y,N,N,739,53475,4456.25,Credit Card,,4,60.7,9,Divorced,0,Rented,16.1,251442,1,N,18,0,18-04-2026,Verified
CUST00737,Nisha Kapoor,,nisha.kapoor612@outlook.com,35,Male,Kolkata,Salaried - Education,Salaried,474734,2,Y,N,N,Y,774,99357.14,2310.63,Car Loan,974613,0,31,9.5,Divorced,0,Owned,7.9,0,1,Y,36,1123494,28-10-2025,Verified
CUST00738,Rajesh Bhatt,9229681831,,59,Female,Kanpur,Salaried - Healthcare,Salaried,1458933,1,Y,N,N,N,715,111698.52,5077.21,Car Loan,613331,0,63.6,1,Single,1,Owned,24.4,464999,0,N,24,698908,24-01-2026,Verified
CUST00739,Rajesh Singh,,rajesh.singh432@hotmail.com,22,Male,Pune,Salaried - Healthcare,Salaried,563770,2,Y,N,Y,N,304,22952,882.75,Credit Card,241857,1,13.9,6.5,Married,1,Owned,0.4,206290,0,N,36,0,12-06-2026,Verified
CUST00740,Sanjay Chopra,9383698081,sanjay.chopra750@outlook.com,34,Male,Lucknow,Business Owner,Self-Employed,528229,1,Y,N,N,N,837,201960.44,4390.44,Home Loan,5146756,6,94,12.7,Married,0,Owned,11.5,0,0,N,360,6555547,13-07-2026,Verified
CUST00741,Neha Chopra,9687270868,neha.chopra978@gmail.com,44,Male,Delhi,Self Employed - Business,Self-Employed,1318743,0,N,N,N,N,390,71484,2647.55,Credit Card,,1,58.5,2.6,Single,1,Owned,4.6,0,1,N,36,0,12-12-2025,Verified
CUST00742,Krishna Reddy,,krishna.reddy882@hotmail.com,39,Female,Delhi,Self Employed - Business,Self-Employed,859400,1,Y,N,N,N,771,193912.64,3957.4,Personal Loan,320833,0,50,3.7,Single,0,Rented,15.7,0,0,N,24,0,06-09-2025,Verified
CUST00743,Amit Tiwari,9100142802,amit.tiwari67@hotmail.com,60,Male,Ahmedabad,Self Employed - Business,Self-Employed,2465375,2,Y,Y,N,N,372,,19875.85,Personal Loan,,1,81,7.4,Single,3,Owned,8.3,822524,0,Y,36,0,06-04-2026,Verified
CUST00744,Simran Bansal,9174560682,simran.bansal207@rediffmail.com,35,Male,Mumbai,Salaried - Private,Salaried,1458933,2,N,N,Y,Y,742,1161580,20027.23,Personal Loan,184512,1,49.4,3.4,Single,1,Rented,9.9,448819,2,N,12,0,,Verified
CUST00745,Kritika Shah,9156221065,kritika.shah244@hotmail.com,23,Female,Lucknow,Self Employed - Business,Self-Employed,2411510,1,N,Y,N,N,338,,16253.91,Car Loan,412503,0,52.1,0.5,Single,1,Rented,0.9,490082,0,N,24,502582,03-04-2026,Verified
CUST00746,Aarav Saxena,9142960220,aarav.saxena251@hotmail.com,33,Male,Nagpur,Salaried - It/Tech,Salaried,1458933,1,N,Y,N,N,797,,31403.29,Credit Card,294055,5,98.2,10.5,Married,1,Rented,6.6,897942,1,N,36,0,12-09-2025,Verified
CUST00747,Swati Sethi,9438222298,swati.sethi834@outlook.com,43,Female,Pune,Self Employed - Business,Self-Employed,2048797,2,N,N,Y,Y,527,1198988.38,42821.01,Home Loan,2350850,0,19.9,8.3,Single,3,Rented,0.3,800268,0,N,360,3251687,20-12-2025,Verified
CUST00748,Aarav Tiwari,9178634632,aarav.tiwari187@hotmail.com,48,Male,Chennai,Self Employed - Professional,Self-Employed,1575847,0,N,N,N,N,465,53738,942.77,Home Loan,7762290,1,51.7,12.7,Single,2,Company Provided,3.7,0,1,N,120,9566688,01-06-2026,Pending
CUST00749,Nikhil Gupta,9516539714,,45,Male,Pune,Salaried - It/Tech,Salaried,1458933,1,Y,N,N,N,577,434991.78,7249.86,Car Loan,1380691,0,47.2,4.2,Single,1,Rented,13.1,0,2,N,60,1492296,16-03-2026,Verified
CUST00750,Vihaan Saxena,9683045299,vihaan.saxena61@rediffmail.com,30,Female,Bengaluru,Salaried - Education,Salaried,1980976,2,Y,Y,N,N,760,,21406.55,Car Loan,993200,1,93,14.2,Married,2,Owned,4.6,874547,0,N,24,1044220,11-03-2026,Verified
CUST00751,Diya Desai,,,54,Female,Surat,Salaried - Private,Salaried,1458933,2,Y,N,N,Y,479,962634,31052.73,Car Loan,,2,60.9,7.2,Married,0,Rented,6.3,0,2,Y,24,511827,,Verified
CUST00752,Geeta Joshi,9144986086,geeta.joshi748@gmail.com,49,Female,Ahmedabad,Salaried - Education,Salaried,1458933,1,Y,N,N,N,517,342573,9015.07,Credit Card,110889,0,70.9,11,Married,2,Owned,27.5,0,0,N,24,0,03-08-2026,Verified
CUST00753,Radhika Chauhan,9565207619,radhika.chauhan654@gmail.com,59,Female,Chandigarh,Business Owner,Self-Employed,865935,1,N,N,Y,N,514,,3693.76,Car Loan,1404416,0,35.2,0.8,Married,2,Owned,20.8,532080,3,N,60,1654464,18-12-2025,Verified
CUST00754,Ramesh Sharma,9461617321,ramesh.sharma599@rediffmail.com,23,Male,Indore,Salaried - Private,Salaried,1458933,2,N,Y,Y,N,345,,28486.62,Car Loan,1412426,1,77.5,5.1,Married,3,Owned,0.6,180652,0,N,84,1612944,19-01-2026,Verified
CUST00755,Neha Shah,9754620092,,63,Female,Bengaluru,Freelancer,Self-Employed,2084092,0,N,N,N,N,506,770,17.11,Personal Loan,929859,1,79.7,7.9,Married,2,Company Provided,3.4,0,0,N,24,0,02-04-2026,Verified
CUST00756,Suresh Shah,9875855314,,60,Female,Kolkata,Business Owner,Self-Employed,2061565,2,N,Y,N,Y,754,238073,19839.45,Home Loan,4879393,0,61.1,9.9,Single,2,Owned,29.5,0,2,N,300,6271096,10-11-2025,Verified
CUST00757,Ishaan Sethi,9509616187,ishaan.sethi844@outlook.com,42,Female,Indore,Freelancer,Self-Employed,398161,1,N,N,Y,N,447,,1251.72,Credit Card,,1,94.9,0.6,Married,0,Rented,17.4,681322,1,Y,24,0,12-01-2026,Verified
CUST00758,Sanjay Bhatt,,sanjay.bhatt654@hotmail.com,24,Male,Bhopal,Business Owner,Self-Employed,1654595,1,N,Y,N,N,621,311601,6359.21,Credit Card,449152,4,56.7,9.4,Married,1,Owned,1.7,0,0,N,12,0,07-06-2026,Verified
CUST00759,Kavya Desai,,kavya.desai781@hotmail.com,31,Male,Coimbatore,Self Employed - Professional,Self-Employed,2420337,1,Y,N,N,N,459,1393365.97,25333.93,Home Loan,4843646,0,27.6,6.1,Married,0,Rented,6.8,787293,1,N,360,5691003,,Verified
CUST00760,Shreya Desai,9791033824,shreya.desai397@gmail.com,53,Male,Mumbai,Business Owner,Self-Employed,329539,0,N,N,N,N,337,28771.27,1918.08,Home Loan,,0,50.7,2.4,Married,1,Rented,7.2,679830,1,N,240,8353915,15-04-2026,Pending
CUST00761,Rahul Tiwari,,rahul.tiwari46@hotmail.com,52,Female,Bhopal,Freelancer,Self-Employed,2035459,0,N,N,N,N,495,68863,1229.71,Home Loan,1611314,3,47,11.1,Single,3,Rented,26.4,396952,1,N,240,2030247,11-09-2025,Verified
CUST00762,Suresh Gupta,9663497143,suresh.gupta490@rediffmail.com,59,Male,Kochi,Salaried - It/Tech,Salaried,1475062,1,Y,N,N,N,407,860131,27746.16,Credit Card,181778,4,95.3,9.8,Single,2,Company Provided,29.3,0,2,N,36,0,23-10-2025,Verified
CUST00763,Anil Chopra,9979540035,anil.chopra957@rediffmail.com,59,Male,Delhi,Business Owner,Self-Employed,1458933,1,N,N,N,Y,609,1056284.92,20313.17,Car Loan,,0,32.7,6.3,Married,3,Owned,22.9,729113,1,N,48,1272335,28-09-2025,Verified
CUST00764,Krishna Bansal,9442843619,krishna.bansal492@yahoo.com,52,Male,Hyderabad,Salaried - Healthcare,Salaried,2389683,2,Y,N,Y,N,450,949965.5,36537.13,Credit Card,286885,0,58.2,11.2,Single,0,Rented,10.1,0,1,N,18,0,20-12-2025,Verified
CUST00765,Manish Gupta,9503635940,manish.gupta876@outlook.com,25,Female,Jaipur,Freelancer,Self-Employed,1337834,1,N,N,Y,N,512,,6686.74,Home Loan,7447682,0,21.8,2,Single,2,Rented,2.7,0,0,N,360,8778777,27-09-2025,Verified
CUST00766,Diya Sharma,9273475833,diya.sharma920@yahoo.com,25,Female,Nagpur,Freelancer,Self-Employed,1458933,1,N,N,N,Y,607,302189.4,5596.1,Home Loan,4743069,2,10.6,8.9,Single,0,Rented,2,897168,1,N,180,6090118,20-01-2026,Verified
CUST00767,Rahul Reddy,9927479704,,30,Female,Kanpur,Salaried - Private,Salaried,1912587,1,N,Y,N,N,686,519175.44,27325.02,Home Loan,4985364,0,95.5,0.2,Divorced,2,Company Provided,2.7,0,2,N,180,5899729,18-08-2026,Pending
CUST00768,Vikram Bansal,9731771542,vikram.bansal558@gmail.com,25,Male,Bhopal,Salaried - Education,Salaried,1225713,1,N,N,N,Y,785,635589,12462.53,Credit Card,191650,0,33.9,12.3,Married,1,Rented,1.1,0,0,N,36,0,26-02-2026,Verified
CUST00769,Manish Singh,9968661351,,28,Female,Ahmedabad,Business Owner,Self-Employed,837880,2,Y,Y,N,N,690,449252,8639.46,Car Loan,1046617,1,20,2.9,Single,1,Rented,5.7,183736,0,N,72,1166638,25-11-2025,Verified
CUST00770,Diya Mehta,9168231868,,38,Female,Jaipur,Freelancer,Self-Employed,1974912,2,Y,Y,N,N,300,,5938.36,Personal Loan,,0,92.9,4.3,Single,2,Owned,8.4,0,0,N,12,0,06-01-2026,Verified
CUST00771,Radhika Kapoor,9664770094,radhika.kapoor530@hotmail.com,58,Female,Pune,Salaried - Government,Salaried,1458933,2,N,Y,Y,N,549,,4302.12,Home Loan,5064536,0,23.5,10.5,Single,2,Owned,21.8,0,3,N,180,6561483,08-02-2026,Verified
CUST00772,Arjun Nair,9345715035,,55,Female,Kolkata,Salaried - Government,Salaried,1458933,2,Y,N,N,Y,607,137023,4281.97,Home Loan,4026584,0,77.3,12.6,Married,2,Rented,4.5,0,1,N,120,5005334,07-01-2026,Verified
CUST00773,Vinod Reddy,9113139785,vinod.reddy414@gmail.com,24,Male,Pune,Salaried - Private,Salaried,1076027,0,N,N,N,N,643,97913.47,7531.81,Car Loan,589628,0,75.4,1.6,Single,0,Owned,0.4,342071,1,N,24,630365,19-03-2026,Verified
CUST00774,Rahul Reddy,9894771417,rahul.reddy532@yahoo.com,29,Male,Chennai,Salaried - It/Tech,Salaried,456691,1,Y,N,N,N,488,,12145.04,Car Loan,1092263,0,7.6,14.4,Single,2,Rented,1.2,550639,0,N,36,1196645,23-11-2025,Verified
CUST00775,Divya Chopra,,divya.chopra816@yahoo.com,31,Female,Jaipur,Salaried - Healthcare,Salaried,2026880,1,N,N,Y,N,607,,11706.25,Home Loan,,3,21.5,8.8,Married,0,Owned,0.8,0,3,N,300,6666232,25-04-2026,Verified
CUST00776,Usha Saxena,9360385581,usha.saxena284@rediffmail.com,56,Female,Kolkata,Business Owner,Self-Employed,1273302,2,Y,N,Y,N,692,750105,20273.1,Car Loan,997335,1,11.3,7.4,Single,4,Owned,7.6,0,0,Y,60,1107071,09-01-2026,Verified
CUST00777,Kavya Rao,9367591057,kavya.rao415@rediffmail.com,65,Female,Kolkata,Salaried - It/Tech,Salaried,2151917,0,N,N,N,N,625,143516,4348.98,Personal Loan,,1,70.5,13.9,Married,2,Rented,16.7,337381,0,N,48,0,05-05-2026,Pending
CUST00778,Ishaan Iyer,9210872170,ishaan.iyer347@hotmail.com,26,Male,Bhopal,Salaried - Education,Salaried,1458933,1,N,N,Y,N,593,,8397.59,Home Loan,,2,7.5,11.8,Married,2,Owned,2.5,0,1,N,360,4803533,04-10-2025,Verified
CUST00779,Isha Bhatia,,isha.bhatia690@rediffmail.com,26,Male,Nagpur,Freelancer,Self-Employed,1458933,2,N,Y,Y,N,513,319985,8888.48,Credit Card,267217,2,78.6,11.6,Single,1,Rented,4.1,0,2,N,18,0,11-03-2026,Verified
CUST00780,Nisha Reddy,,nisha.reddy135@gmail.com,39,Female,Pune,Salaried - It/Tech,Salaried,1458933,2,Y,N,N,Y,892,,24642.14,Personal Loan,457477,3,33.2,11.3,Married,3,Rented,8.4,0,1,N,36,0,31-08-2025,Verified
CUST00781,Geeta Agarwal,,geeta.agarwal518@gmail.com,63,Male,Kolkata,Salaried - Education,Salaried,1907541,1,N,N,Y,N,326,471194,10025.4,Personal Loan,279062,0,62,0.7,Divorced,0,Owned,23.3,451014,1,N,36,0,21-06-2026,Verified
CUST00783,Nikhil Agarwal,9802713346,nikhil.agarwal728@rediffmail.com,63,Male,Mumbai,Salaried - Private,Salaried,1458933,1,N,N,N,Y,842,541619,14253.14,Home Loan,,0,56.7,0.7,Divorced,3,Rented,7.6,866080,1,N,240,3062544,06-01-2026,Verified
CUST00784,Vihaan Reddy,9442793673,vihaan.reddy203@gmail.com,48,Male,Chandigarh,Salaried - Government,Salaried,1458933,1,N,N,Y,N,691,82394.93,2574.84,Home Loan,2329482,4,89,11.9,Married,3,Rented,2.9,0,2,N,180,2855628,20-04-2026,Verified
CUST00785,Aarav Patel,9659155913,aarav.patel569@gmail.com,39,Male,Hyderabad,Self Employed - Business,Self-Employed,1458933,2,N,Y,Y,N,376,1032248.15,20644.96,Personal Loan,507325,1,53.5,7.5,Married,1,Rented,4.5,0,0,Y,48,0,27-01-2026,Verified
CUST00786,Ayaan Pandey,9506895356,ayaan.pandey126@rediffmail.com,39,Male,Ahmedabad,Self Employed - Business,Self-Employed,1458933,2,Y,N,Y,N,643,,6960.71,Home Loan,6506421,2,96.8,2.9,Married,2,Rented,6.3,0,0,N,240,8935628,27-08-2025,Verified
CUST00787,Kavya Iyer,9622438534,kavya.iyer738@gmail.com,50,Female,Kochi,Freelancer,Self-Employed,1805285,1,Y,N,N,N,526,1062765.85,81751.22,Car Loan,522228,1,64.7,11,Married,1,Rented,11.8,0,1,N,36,637300,28-11-2025,Verified
CUST00788,Ashok Gupta,9589287766,ashok.gupta160@hotmail.com,46,Male,Kanpur,Salaried - Education,Salaried,1839134,3,Y,N,Y,Y,343,91592.3,1728.16,Car Loan,533269,3,5.5,12.3,Married,4,Owned,4.7,675325,0,N,24,560298,18-07-2026,Pending
CUST00789,Riya Malhotra,9681426233,riya.malhotra614@gmail.com,64,Female,Hyderabad,Business Owner,Self-Employed,868645,2,Y,Y,N,N,413,,1174.74,Personal Loan,,0,57.5,2.9,Married,1,Rented,14.3,0,0,N,60,0,24-06-2026,Verified
CUST00790,Aditya Sharma,9393045122,aditya.sharma95@gmail.com,56,Female,Bhopal,Salaried - Government,Salaried,1257027,1,Y,N,N,N,655,503072.64,15721.02,Personal Loan,384164,6,94.6,13.9,Married,2,Rented,27.7,847111,0,N,36,0,03-05-2026,Verified
CUST00791,Aditya Bansal,9915153519,aditya.bansal476@rediffmail.com,43,Female,Chennai,Freelancer,Self-Employed,372115,1,N,Y,N,N,637,54161.67,3385.1,Car Loan,564760,3,53.5,13.6,Single,1,Rented,6.3,0,1,N,72,597111,08-10-2025,Verified
CUST00792,Ramesh Bhatt,9755243601,ramesh.bhatt229@gmail.com,45,Male,Kanpur,Business Owner,Self-Employed,404595,1,N,Y,N,N,449,23632,437.62,Home Loan,,5,90.9,12.4,Married,2,Owned,8.2,408360,0,N,360,4417939,05-09-2025,Verified
CUST00793,Vikram Patel,9718381406,vikram.patel917@gmail.com,47,Female,Delhi,Salaried - It/Tech,Salaried,1806955,0,N,N,N,N,686,12048.34,803.22,Home Loan,4281322,0,27.9,6.9,Married,1,Owned,10.6,460781,2,N,360,4997493,22-06-2026,Verified
CUST00794,Vihaan Singh,9484092859,vihaan.singh226@gmail.com,43,Female,Pune,Business Owner,Self-Employed,1458933,1,N,Y,N,N,575,356364,8287.53,Personal Loan,388803,3,82.1,8.1,Single,0,Owned,7.7,534213,1,N,48,0,24-08-2026,Verified
CUST00795,Ayaan Yadav,9455402113,ayaan.yadav351@yahoo.com,46,Male,Lucknow,Freelancer,Self-Employed,1458933,2,Y,Y,N,N,693,179462,4173.54,Home Loan,1625378,0,20.6,6.9,Married,2,Owned,3.9,0,1,N,180,2247458,07-10-2025,Verified
CUST00796,Shreya Khanna,9970192762,shreya.khanna143@rediffmail.com,45,Male,Delhi,Salaried - It/Tech,Salaried,384958,1,N,Y,N,N,392,102234,5679.69,Home Loan,3978756,6,62,12.5,Married,0,Rented,22.3,239418,1,N,300,4955988,11-12-2025,Verified
CUST00797,Sunita Sharma,9525432708,sunita.sharma227@yahoo.com,43,Male,Pune,Salaried - Government,Salaried,1458933,0,N,N,N,N,666,962,45.8,Credit Card,239145,0,60.6,1.8,Married,0,Owned,5.2,0,0,N,12,0,22-07-2026,Verified
CUST00798,Sanjay Agarwal,9795818062,sanjay.agarwal350@hotmail.com,27,Female,Chennai,Self Employed - Business,Self-Employed,1728210,1,Y,N,N,N,826,767286,22567.23,Car Loan,305153,2,60,9.4,Single,0,Owned,4.7,0,3,N,36,325467,,Verified
CUST00799,Neha Kapoor,9939494253,neha.kapoor548@gmail.com,39,Female,Nagpur,Salaried - It/Tech,Salaried,2150074,0,N,N,N,N,421,,2203.61,Car Loan,,2,71.4,1.7,Married,1,Rented,17.5,0,0,N,84,813111,28-03-2026,Verified
CUST00800,Vivaan Rathi,9717936964,vivaan.rathi164@rediffmail.com,26,Female,Chandigarh,Freelancer,Self-Employed,530452,3,Y,Y,N,Y,435,78265,1423,Credit Card,224887,1,57,13.9,Married,2,Rented,2.3,251612,0,N,24,0,21-06-2026,Verified
CUST00801,Usha Singh,9506465823,usha.singh839@rediffmail.com,39,Male,Indore,Self Employed - Professional,Self-Employed,2388680,3,Y,Y,Y,N,322,,972.7,Personal Loan,525587,3,78.4,3.8,Single,2,Rented,15.8,0,0,N,48,0,18-02-2026,Verified
CUST00802,Rajesh Desai,9508127996,rajesh.desai390@rediffmail.com,34,Male,Chandigarh,Freelancer,Self-Employed,1381521,2,Y,N,Y,N,722,283901,17743.83,Car Loan,741050,5,18.2,1.6,Single,2,Owned,5.2,0,1,N,36,841993,16-12-2025,Verified
CUST00803,Kavya Gupta,9964879866,kavya.gupta148@hotmail.com,32,Female,Lucknow,Salaried - Healthcare,Salaried,1458933,0,N,N,N,N,701,38476,641.27,Home Loan,6647208,1,44,8,Married,2,Owned,3.3,0,0,N,120,7680317,22-03-2026,Verified
CUST00804,Ananya Sharma,9543751428,ananya.sharma593@yahoo.com,57,Female,Lucknow,Salaried - Education,Salaried,1700070,1,N,Y,N,N,429,765739,20151.03,Home Loan,3004271,1,27,4.9,Married,1,Rented,7.9,0,2,N,360,3537715,06-04-2026,Verified
CUST00806,Ishaan Tiwari,9160237222,ishaan.tiwari949@rediffmail.com,65,Female,Lucknow,Salaried - Government,Salaried,1955523,1,Y,N,N,N,716,739352,13691.71,Personal Loan,939928,4,98.1,7.9,Married,0,Company Provided,26.5,0,0,Y,12,0,07-08-2026,Verified
CUST00807,Sneha Khanna,9388215682,sneha.khanna130@hotmail.com,37,Male,Pune,Self Employed - Professional,Self-Employed,2073601,0,N,N,N,N,821,34502,616.1,Home Loan,5683946,2,65.6,10.5,Married,3,Rented,4.3,0,2,N,360,6725644,09-06-2026,Pending
CUST00808,Seema Malhotra,9400574412,seema.malhotra582@gmail.com,28,Male,Chennai,Salaried - It/Tech,Salaried,1850177,1,N,Y,N,N,351,,76307.79,Credit Card,76770,4,32.7,1.8,Married,3,Rented,6.3,0,0,N,12,0,19-01-2026,Verified
CUST00809,Arjun Verma,9402629335,arjun.verma63@outlook.com,36,Male,Kanpur,Salaried - Education,Salaried,1914647,0,N,N,N,N,495,100029,1887.34,Credit Card,163885,1,25.6,4.8,Married,2,Owned,9.5,841631,0,N,24,0,12-04-2026,Verified
CUST00810,Sunita Saxena,9584046001,sunita.saxena563@outlook.com,23,Male,Delhi,Self Employed - Business,Self-Employed,2240241,0,N,N,N,N,872,,5787.33,Home Loan,7386510,0,13.9,5.6,Single,1,Rented,2,576563,0,N,300,9152344,25-08-2026,Verified
CUST00811,Mahesh Reddy,,mahesh.reddy424@gmail.com,51,Male,Lucknow,Salaried - Private,Salaried,1696029,0,N,N,N,N,852,11359,334.09,Home Loan,4244325,0,19.2,5.7,Married,0,Owned,19.8,0,0,N,300,5305597,06-11-2025,Verified
CUST00812,Lata Chauhan,,lata.chauhan494@outlook.com,56,Male,Bengaluru,Salaried - Healthcare,Salaried,1422750,0,N,N,N,N,304,115924,4830.16,Credit Card,99495,3,37.4,2.5,Single,0,Rented,13.1,0,1,N,12,0,18-07-2026,Verified
CUST00813,Vinod Tiwari,,vinod.tiwari169@outlook.com,29,Male,Surat,Salaried - Education,Salaried,746673,1,N,Y,N,N,307,239758.59,4994.97,Home Loan,2549093,4,85,9.7,Single,0,Rented,6.8,0,1,N,120,3008485,09-05-2026,Verified
CUST00814,Ananya Singh,9844418816,ananya.singh751@hotmail.com,62,Male,Pune,Salaried - Private,Salaried,557859,3,Y,N,Y,Y,444,239766,8267.79,Personal Loan,,0,32.6,3.4,Single,0,Rented,14.7,0,1,Y,12,0,08-07-2026,Verified
CUST00815,Kiran Tiwari,,kiran.tiwari958@gmail.com,64,Female,Hyderabad,Salaried - Education,Salaried,1829933,0,N,N,N,N,766,74426.97,5316.21,Home Loan,,4,23.5,11.7,Married,2,Owned,5.1,0,0,N,300,7785569,28-02-2026,Verified
CUST00816,Neha Bansal,,neha.bansal981@yahoo.com,29,Male,Bengaluru,Salaried - It/Tech,Salaried,1458933,0,N,N,N,N,591,63266.23,2343.19,Home Loan,,2,36.8,11.9,Married,0,Company Provided,0.6,0,0,N,180,2409157,10-09-2025,Verified
CUST00817,Krishna Chopra,9474359078,,34,Female,Bhopal,Salaried - Healthcare,Salaried,2211404,1,N,N,Y,N,819,663943.56,26557.74,Car Loan,1331791,4,62,1.8,Married,1,Owned,3.5,822185,0,N,84,1501551,18-01-2026,Verified
CUST00818,Rahul Rathi,,,26,Male,Chennai,Salaried - Education,Salaried,2075375,2,Y,N,Y,N,641,,6705.65,Personal Loan,805608,1,17.2,0.2,Single,2,Rented,3.4,443342,0,N,48,0,03-09-2025,Verified
CUST00819,Radhika Sharma,9700735292,radhika.sharma785@outlook.com,38,Male,Chennai,Business Owner,Self-Employed,780422,1,Y,N,N,N,502,462799,14462.47,Home Loan,6998352,4,41.2,10.7,Single,0,Owned,15.4,178287,0,N,360,8458901,05-06-2026,Verified
CUST00820,Ayaan Yadav,9103813398,ayaan.yadav829@outlook.com,55,Female,Kolkata,Freelancer,Self-Employed,1267378,2,Y,N,Y,N,484,475261.65,31684.11,Personal Loan,,5,72.1,9.6,Married,0,Rented,12,0,1,N,12,0,05-11-2025,Pending
CUST00821,Ramesh Mishra,9560731187,ramesh.mishra533@gmail.com,43,Female,Bhopal,Salaried - It/Tech,Salaried,2220985,0,N,N,N,N,607,8070.14,237.36,Personal Loan,757100,3,28.2,13,Married,3,Rented,13.7,254631,1,Y,36,0,05-11-2025,Verified
CUST00822,Simran Rao,9609351789,simran.rao418@outlook.com,62,Male,Hyderabad,Salaried - Education,Salaried,2337684,2,Y,N,Y,N,707,1219896.58,60994.83,Personal Loan,479042,5,46.1,8,Single,1,Owned,19.7,0,1,N,48,0,22-11-2025,Verified
CUST00823,Kabir Malhotra,9564130702,,53,Male,Pune,Business Owner,Self-Employed,1458933,2,Y,N,N,Y,863,,21622.9,Credit Card,263164,0,60.5,12.2,Married,0,Owned,18.8,0,0,N,36,0,08-03-2026,Verified
CUST00824,Kritika Saxena,9301821554,kritika.saxena935@rediffmail.com,44,Male,Lucknow,Salaried - Private,Salaried,603834,0,N,N,N,N,411,53858,1496.07,Car Loan,1312601,1,22.9,1.2,Single,2,Company Provided,8.3,0,2,N,60,1399306,23-10-2025,Verified
CUST00825,Manish Desai,,manish.desai41@gmail.com,62,Female,Delhi,Salaried - Private,Salaried,1458933,1,Y,N,N,N,757,360351,8380.27,Car Loan,,10,64.5,9.7,Single,2,Owned,3.3,0,0,N,84,1463586,12-07-2026,Verified
CUST00826,Vikram Patel,,vikram.patel773@gmail.com,46,Female,Chennai,Self Employed - Business,Self-Employed,979690,2,Y,Y,N,N,874,9215,418.88,Credit Card,27151,3,52.4,3.1,Single,3,Rented,22.6,0,0,N,36,0,28-02-2026,Verified
CUST00827,Kiran Yadav,9781886552,kiran.yadav296@gmail.com,65,Female,Chandigarh,Salaried - Government,Salaried,1458933,1,Y,N,N,N,717,595075.58,13838.97,Car Loan,,2,56.6,7.5,Married,2,Owned,11.4,693415,0,N,72,503277,31-07-2026,Verified
CUST00828,Isha Khanna,,isha.khanna204@outlook.com,53,Male,Surat,Freelancer,Self-Employed,1258989,0,N,N,N,N,463,107602.77,2502.39,Personal Loan,505267,8,83.8,7.9,Married,0,Rented,14,0,0,Y,60,0,21-01-2026,Verified
CUST00829,Sunil Sethi,9798409334,sunil.sethi419@rediffmail.com,56,Male,Jaipur,Salaried - It/Tech,Salaried,1322802,0,N,N,N,N,848,4190,322.29,Car Loan,,3,39.3,10.9,Married,2,Owned,5.2,0,0,N,36,1195631,30-06-2026,Verified
CUST00830,Nisha Verma,9848336824,,35,Male,Chennai,Salaried - Healthcare,Salaried,1430956,0,N,N,N,N,304,34585,2660.36,Credit Card,241097,0,58.1,5.4,Married,2,Rented,9,407623,1,Y,12,0,,Verified
CUST00831,Karan Sethi,,karan.sethi143@hotmail.com,59,Female,Ahmedabad,Self Employed - Professional,Self-Employed,2361378,1,N,N,N,Y,402,158224.6,5860.17,Car Loan,,0,87.5,6.1,Married,1,Owned,16.7,0,0,N,84,404130,,Verified
CUST00832,Kavya Joshi,9339921653,kavya.joshi542@yahoo.com,56,Female,Kanpur,Salaried - It/Tech,Salaried,1735381,1,N,Y,N,N,382,608702.57,19021.96,Credit Card,61100,1,90.7,4.7,Single,1,Rented,20.8,0,2,N,36,0,29-11-2025,Verified
CUST00833,Reyansh Malhotra,9589226316,reyansh.malhotra205@yahoo.com,49,Female,Nagpur,Salaried - Government,Salaried,888868,0,N,N,N,N,733,63922,1065.37,Personal Loan,848019,0,88.9,2.8,Married,2,Rented,14.5,0,0,N,60,0,10-07-2026,Pending
CUST00834,Saanvi Agarwal,9351300022,saanvi.agarwal86@rediffmail.com,48,Female,Mumbai,Self Employed - Professional,Self-Employed,1709399,1,N,N,N,Y,643,33319,1009.67,Personal Loan,,0,69.3,10.9,Married,2,Owned,4.9,0,0,N,60,0,06-06-2026,Verified
CUST00835,Aditya Iyer,,aditya.iyer353@gmail.com,63,Male,Chennai,Salaried - Private,Salaried,909221,1,Y,N,N,N,448,301667,5201.16,Personal Loan,,0,17.6,5.6,Married,1,Owned,18.4,398427,1,N,36,0,03-12-2025,Verified
CUST00836,Divya Bhatia,9859401717,divya.bhatia208@outlook.com,36,Male,Kanpur,Self Employed - Professional,Self-Employed,654655,0,N,N,N,N,899,31672.8,1666.99,Credit Card,188135,0,19,8.9,Single,3,Rented,6,0,0,N,36,0,13-12-2025,Verified
CUST00837,Sneha Kumar,9558875079,,26,Male,Kochi,Business Owner,Self-Employed,1258767,2,N,Y,Y,N,706,428384,26773.98,Car Loan,1228311,0,48.7,11.7,Married,0,Owned,2.7,0,0,N,48,1498648,08-07-2026,Verified
CUST00838,Sai Shah,9310986781,sai.shah58@outlook.com,38,Female,Delhi,Salaried - Private,Salaried,1458933,1,Y,N,N,N,549,351352.42,7475.58,Credit Card,485071,0,94.3,9.6,Single,0,Owned,7,0,0,N,12,0,12-01-2026,Verified
CUST00839,Sunil Yadav,9946837680,sunil.yadav211@outlook.com,43,Female,Kanpur,Salaried - It/Tech,Salaried,588599,2,Y,N,Y,N,817,,2124.66,Personal Loan,920427,1,17.6,2.8,Married,2,Owned,6.6,0,0,N,24,0,27-08-2025,Verified
CUST00840,Shreya Pandey,9687234675,shreya.pandey174@outlook.com,36,Male,Delhi,Freelancer,Self-Employed,1126222,1,N,Y,N,N,424,489004.35,9403.93,Home Loan,,0,5.9,8.2,Single,2,Rented,10.6,0,1,N,300,4499226,25-06-2026,Verified
CUST00841,Suresh Joshi,9560002463,,23,Male,Mumbai,Salaried - Healthcare,Salaried,842749,3,Y,N,Y,Y,785,461822,11263.95,Credit Card,247384,0,58.3,13.1,Married,2,Rented,1.3,312519,0,N,12,0,21-06-2026,Verified
CUST00842,Swati Nair,,swati.nair659@outlook.com,44,Male,Kanpur,Salaried - Education,Salaried,2282273,1,Y,N,N,N,490,621033,14442.63,Credit Card,143903,0,74.8,12.2,Single,2,Rented,17.3,0,0,N,12,0,02-11-2025,Verified
CUST00843,Anil Saxena,9509828757,anil.saxena946@hotmail.com,55,Female,Mumbai,Salaried - Healthcare,Salaried,1458933,2,Y,N,Y,N,837,,17435.4,Credit Card,106965,2,25.7,9.9,Single,4,Rented,28.9,740594,2,N,36,0,08-12-2025,Verified
CUST00844,Aarav Iyer,9830119469,aarav.iyer114@gmail.com,50,Female,Hyderabad,Salaried - It/Tech,Salaried,1458933,2,N,Y,Y,N,607,371503,8076.15,Home Loan,3238194,4,44.5,7.3,Single,1,Owned,28.3,0,0,N,120,3899150,04-06-2026,Verified
CUST00845,Karan Sharma,9130394212,karan.sharma285@rediffmail.com,35,Female,Ahmedabad,Salaried - Education,Salaried,1252162,1,N,Y,N,N,448,,10273.85,Credit Card,,1,50.8,1.1,Married,0,Owned,12.7,707120,1,N,12,0,31-05-2026,Verified
CUST00846,Krishna Desai,,krishna.desai288@hotmail.com,28,Female,Mumbai,Salaried - Government,Salaried,779042,1,Y,N,N,N,354,,9437.34,Car Loan,1239942,1,74.3,12.6,Married,1,Rented,6.3,0,0,N,48,1341922,03-11-2025,Verified
CUST00847,Ayaan Kumar,9399745070,ayaan.kumar560@hotmail.com,42,Female,Kanpur,Freelancer,Self-Employed,698126,1,N,N,Y,N,607,181234,4214.75,Personal Loan,712534,3,86.1,13,Married,3,Owned,8.7,0,0,N,36,0,22-02-2026,Verified
CUST00848,Kabir Yadav,9908843777,kabir.yadav425@gmail.com,47,Male,Indore,Self Employed - Professional,Self-Employed,1458933,1,N,N,Y,N,516,,13214.92,Credit Card,,1,95,10.5,Married,0,Rented,13.1,0,0,N,18,0,23-10-2025,Verified
CUST00849,Preeti Tiwari,,preeti.tiwari432@gmail.com,36,Male,Chandigarh,Freelancer,Self-Employed,1458933,2,Y,Y,N,N,357,244861.37,4452.02,Personal Loan,,0,33.1,7.8,Married,0,Rented,13.6,0,0,N,60,0,02-06-2026,Verified
CUST00850,Ayaan Singh,9617360044,ayaan.singh872@outlook.com,34,Male,Chennai,Salaried - Healthcare,Salaried,1734559,2,Y,N,Y,N,488,335815,20988.46,Car Loan,,4,90.3,13.6,Married,2,Owned,2.7,0,0,N,36,1554337,,Verified
CUST00851,Reyansh Saxena,9323240792,,37,Female,Ahmedabad,Salaried - Government,Salaried,1616807,2,Y,N,N,Y,781,579932,12887.37,Car Loan,396765,2,45.7,10,Married,2,Rented,2.4,697035,1,N,72,485342,20-08-2026,Verified
CUST00852,Pooja Mishra,,pooja.mishra914@yahoo.com,42,Male,Indore,Salaried - Education,Salaried,2431638,2,Y,N,Y,N,496,,34078.39,Credit Card,270724,2,16.5,9.9,Single,4,Rented,4,278738,0,N,24,0,13-10-2025,Verified
CUST00853,Divya Sethi,,divya.sethi860@yahoo.com,24,Female,Ahmedabad,Self Employed - Business,Self-Employed,1458933,2,Y,N,Y,N,402,499983.74,16128.51,Car Loan,862991,0,77.3,8.4,Single,0,Company Provided,0.4,0,0,N,48,907404,,Verified
CUST00854,Riya Shah,9853285439,,28,Female,Bengaluru,Salaried - Healthcare,Salaried,2047046,1,N,Y,N,N,616,607963.81,25331.83,Credit Card,490419,0,8.7,4.8,Single,1,Owned,0.9,0,0,Y,18,0,11-03-2026,Verified
CUST00855,Mahesh Sethi,9982410838,mahesh.sethi799@gmail.com,22,Male,Lucknow,Salaried - Education,Salaried,1640184,1,N,Y,N,N,336,624097,27134.63,Personal Loan,553615,0,41.3,8.8,Single,1,Owned,0.4,323785,0,N,12,0,28-09-2025,Verified
CUST00856,Shreya Rathi,9910132520,shreya.rathi197@rediffmail.com,64,Male,Ahmedabad,Salaried - It/Tech,Salaried,831907,3,Y,N,Y,Y,734,336098,7638.58,Personal Loan,,0,24.1,4.6,Married,2,Company Provided,7.9,0,0,Y,60,0,09-03-2026,Verified
CUST00857,Swati Nair,9885608295,,48,Female,Surat,Self Employed - Business,Self-Employed,1458933,1,Y,N,N,N,436,,15045.21,Credit Card,255807,0,37.3,12.5,Married,1,Company Provided,23.1,0,3,N,24,0,03-07-2026,Verified
CUST00858,Seema Joshi,,seema.joshi887@gmail.com,36,Female,Indore,Salaried - It/Tech,Salaried,1670527,1,Y,N,N,N,636,44905.34,1095.25,Credit Card,440776,1,24.1,0.8,Married,2,Owned,8.4,0,0,N,24,0,04-07-2026,Verified
CUST00859,Mahesh Chopra,,mahesh.chopra986@hotmail.com,48,Female,Coimbatore,Salaried - It/Tech,Salaried,1458933,1,Y,N,N,N,322,1160038,29744.57,Credit Card,,3,64,13.6,Married,4,Owned,14.3,0,3,Y,36,0,17-10-2025,Verified
CUST00860,Pooja Saxena,9484932777,pooja.saxena429@hotmail.com,41,Male,Lucknow,Salaried - Government,Salaried,2418891,3,Y,Y,Y,N,599,378449,6524.99,Personal Loan,264339,0,24.7,14.5,Single,2,Owned,10.5,882304,2,N,12,0,22-07-2026,Verified
CUST00861,Riya Malhotra,9859575160,riya.malhotra591@yahoo.com,43,Female,Surat,Salaried - Private,Salaried,1458933,1,N,N,N,Y,874,226677,5397.07,Personal Loan,,0,47.3,4.6,Married,0,Owned,25.9,0,0,N,48,0,02-04-2026,Verified
CUST00862,Anil Chopra,9992195121,,25,Female,Ahmedabad,Freelancer,Self-Employed,1505955,0,N,N,N,N,353,101075.66,4211.49,Car Loan,1374054,0,6.8,12.6,Married,0,Rented,1.9,0,1,N,72,1620978,26-08-2025,Verified
CUST00863,Suresh Khanna,9640859955,suresh.khanna881@outlook.com,30,Female,Bhopal,Salaried - Healthcare,Salaried,2498573,1,Y,N,N,N,724,219895.89,9162.33,Home Loan,3308851,0,69.6,3.3,Married,1,Rented,3.6,0,0,N,120,4362939,11-11-2025,Verified
CUST00864,Kavya Kapoor,,kavya.kapoor432@gmail.com,51,Male,Bhopal,Self Employed - Professional,Self-Employed,1458933,0,N,N,N,N,738,14194.79,373.55,Personal Loan,,0,42.3,8.2,Single,2,Company Provided,16.8,0,0,N,48,0,05-03-2026,Verified
CUST00865,Ramesh Iyer,9798000086,ramesh.iyer246@outlook.com,53,Female,Chennai,Salaried - Healthcare,Salaried,1098000,1,Y,N,N,N,328,633965,23480.19,Home Loan,,1,58,4.4,Married,0,Company Provided,14.6,0,0,N,240,5718423,10-10-2025,Verified
CUST00866,Anil Joshi,,anil.joshi213@yahoo.com,24,Male,Delhi,Salaried - Private,Salaried,1465023,0,N,N,N,N,607,21977.56,372.5,Car Loan,852372,0,54.9,14.4,Married,2,Owned,1.2,300214,1,Y,60,1062712,15-07-2026,Verified
CUST00867,Seema Pandey,9918933929,seema.pandey14@gmail.com,37,Female,Mumbai,Salaried - Government,Salaried,594186,2,Y,Y,N,N,670,,18370.86,Credit Card,,2,61.8,8.6,Single,3,Company Provided,1.7,815049,0,N,36,0,14-01-2026,Verified
CUST00868,Arjun Iyer,9884010024,,49,Female,Bengaluru,Freelancer,Self-Employed,2012797,1,Y,N,N,N,897,497090.91,9205.39,Home Loan,6093266,4,72.3,0.4,Married,0,Owned,27.4,0,0,N,120,7428036,18-11-2025,Verified
CUST00869,Deepak Rao,,deepak.rao748@yahoo.com,43,Female,Chandigarh,Salaried - Education,Salaried,1498617,0,N,N,N,N,847,,3013.87,Credit Card,152842,0,11.4,13.2,Married,1,Owned,9.4,0,0,N,12,0,02-01-2026,Verified
CUST00870,Vinod Desai,,,50,Female,Surat,Self Employed - Business,Self-Employed,1458933,2,Y,N,N,Y,470,171078.41,6579.94,Home Loan,,0,38.9,1.4,Single,2,Rented,12,800298,0,N,180,8104412,,Verified
CUST00871,Arjun Desai,9824041303,arjun.desai193@gmail.com,43,Female,Kochi,Salaried - Healthcare,Salaried,1120386,1,Y,N,N,N,380,234785,4603.62,Car Loan,651875,2,51.5,9.1,Married,2,Rented,7.3,0,1,N,24,803980,05-06-2026,Pending
CUST00872,Diya Shah,9967208728,,45,Female,Kanpur,Self Employed - Business,Self-Employed,1202329,2,Y,N,Y,N,845,549852.42,11455.26,Credit Card,307169,4,77.7,11,Divorced,4,Owned,6.4,0,0,N,18,0,01-02-2026,Verified
CUST00873,Reyansh Tiwari,9753120819,reyansh.tiwari898@outlook.com,57,Female,Ahmedabad,Salaried - Private,Salaried,726161,2,Y,N,Y,N,602,39508.06,2324,Car Loan,,0,28.7,5.1,Single,1,Rented,28.6,179244,0,N,24,1302021,25-05-2026,Verified
CUST00874,Sanjay Kumar,9150951873,sanjay.kumar632@hotmail.com,44,Female,Lucknow,Salaried - Healthcare,Salaried,1458933,1,Y,N,N,N,612,,13957.29,Credit Card,430562,1,97.5,9,Married,1,Rented,20.8,264526,0,N,12,0,06-09-2025,Verified
CUST00875,Reyansh Khanna,9846008575,reyansh.khanna767@hotmail.com,62,Female,Bengaluru,Salaried - Private,Salaried,1458933,0,N,N,N,N,435,8753,312.61,Personal Loan,888925,2,43.4,2.3,Single,3,Owned,2.8,0,0,N,24,0,24-07-2026,Verified
CUST00876,Sunita Bansal,9710401558,sunita.bansal798@hotmail.com,30,Female,Kochi,Self Employed - Professional,Self-Employed,1436614,1,Y,N,N,N,311,,11446.37,Personal Loan,744208,3,65.2,14.1,Single,1,Rented,5.1,0,1,N,12,0,18-09-2025,Pending
CUST00877,Mahesh Kapoor,9387044869,mahesh.kapoor573@outlook.com,60,Female,Chennai,Salaried - It/Tech,Salaried,1102683,1,N,N,Y,N,602,,3884.66,Credit Card,193635,2,53.6,13.9,Single,2,Owned,19.1,0,0,N,24,0,04-06-2026,Verified
CUST00878,Kiran Khanna,,kiran.khanna187@outlook.com,21,Female,Kanpur,Salaried - It/Tech,Salaried,1458933,1,Y,N,N,N,649,,1173.8,Credit Card,,4,65.3,14.6,Married,1,Owned,0.3,0,0,N,36,0,10-02-2026,Verified
CUST00879,Isha Malhotra,9964640420,isha.malhotra138@yahoo.com,53,Female,Kochi,Freelancer,Self-Employed,1458933,1,Y,N,N,N,543,108480.59,3013.35,Credit Card,,1,89.1,2.2,Married,3,Company Provided,24,0,1,N,24,0,29-04-2026,Verified
CUST00880,Vikram Pandey,9908781262,,57,Male,Pune,Freelancer,Self-Employed,369945,2,Y,Y,N,N,833,130264,2171.07,Car Loan,,1,95.3,8.6,Married,2,Rented,8,0,1,Y,36,906640,,Verified
CUST00881,Radhika Shah,9199831937,radhika.shah981@hotmail.com,51,Male,Delhi,Salaried - Healthcare,Salaried,1227204,1,Y,N,N,N,561,636574,10609.56,Home Loan,6757891,1,78.2,12.6,Married,2,Owned,26.8,0,1,N,180,9245872,15-11-2025,Verified
CUST00882,Rohan Tiwari,9676085398,,28,Male,Chennai,Self Employed - Professional,Self-Employed,1866642,1,Y,N,N,N,848,814781.48,14814.21,Home Loan,5568126,4,65.7,7.6,Single,1,Owned,4,0,0,N,240,7560055,26-04-2026,Verified
CUST00883,Sai Rao,9483770585,sai.rao652@yahoo.com,26,Female,Lucknow,Salaried - Healthcare,Salaried,1458933,1,N,Y,N,N,581,,13237.64,Car Loan,482422,6,11.1,9.6,Divorced,1,Rented,4.7,0,0,N,84,569443,07-07-2026,Verified
CUST00884,Saanvi Nair,,saanvi.nair230@outlook.com,60,Female,Kanpur,Salaried - Healthcare,Salaried,601744,0,N,N,N,N,712,26513,530.26,Home Loan,3492989,5,5.8,12.2,Married,0,Rented,24.6,232693,1,N,120,4679384,,Verified
CUST00885,Suresh Mishra,9266680994,suresh.mishra177@outlook.com,30,Male,Kochi,Salaried - It/Tech,Salaried,1458933,2,Y,N,Y,N,866,,676.89,Car Loan,,2,9.7,1.4,Single,2,Owned,0.4,832492,1,N,48,1486215,07-04-2026,Verified
CUST00886,Kavya Rathi,9665844292,kavya.rathi409@hotmail.com,52,Male,Kanpur,Salaried - Healthcare,Salaried,1395613,1,Y,N,N,N,702,34251,878.23,Home Loan,3742471,5,83.3,6.2,Single,1,Owned,10.2,843884,2,N,360,4362754,28-06-2026,Verified
CUST00887,Sanjay Desai,9981554550,sanjay.desai358@hotmail.com,49,Male,Kochi,Salaried - Healthcare,Salaried,478567,2,Y,Y,N,N,628,207503,3915.16,Personal Loan,634143,0,6.9,7.6,Married,1,Owned,25.6,0,0,N,60,0,,Verified
CUST00888,Suresh Desai,9386683631,suresh.desai296@hotmail.com,21,Female,Coimbatore,Salaried - Private,Salaried,2315353,1,N,Y,N,N,883,1303300.73,26066.01,Credit Card,259119,1,40.2,2.5,Single,1,Owned,0.3,735564,0,N,36,0,14-01-2026,Verified
CUST00889,Kabir Desai,,kabir.desai690@yahoo.com,54,Female,Chandigarh,Salaried - It/Tech,Salaried,2145388,1,Y,N,N,N,337,619685.19,17705.29,Car Loan,935421,2,30,11.9,Married,3,Owned,23,0,1,N,60,1131991,23-11-2025,Pending
CUST00890,Ashok Sharma,9991279188,ashok.sharma597@outlook.com,60,Female,Chandigarh,Salaried - Education,Salaried,1310789,3,Y,Y,Y,N,777,,6553.39,Credit Card,,0,36.6,3.9,Married,0,Owned,28.8,203817,2,N,36,0,02-11-2025,Verified
CUST00891,Kavya Kapoor,9637387937,kavya.kapoor345@hotmail.com,37,Male,Ahmedabad,Salaried - Healthcare,Salaried,1433986,1,N,N,N,Y,846,282895.9,5337.66,Car Loan,1280613,0,68.2,2.4,Single,2,Company Provided,5.8,731435,1,N,48,1469115,28-06-2026,Verified
CUST00892,Anjali Shah,,anjali.shah101@hotmail.com,46,Male,Chennai,Freelancer,Self-Employed,1400968,3,N,Y,Y,Y,518,623428.12,11762.79,Car Loan,1231218,0,6.7,1.7,Married,2,Company Provided,15.9,697150,0,N,84,1492078,,Verified
CUST00893,Nikhil Kumar,9696969321,nikhil.kumar358@outlook.com,43,Female,Delhi,Freelancer,Self-Employed,1209124,2,Y,Y,N,N,425,334791.55,13949.65,Home Loan,,0,48.7,9.3,Married,3,Rented,13.3,437413,1,N,360,2716755,31-05-2026,Verified
CUST00894,Simran Patel,,simran.patel321@outlook.com,64,Male,Nagpur,Self Employed - Business,Self-Employed,1458933,0,N,N,N,N,862,58624,1196.41,Home Loan,5234353,0,28.7,15,Single,1,Owned,26.4,0,1,N,120,6659471,15-04-2026,Verified
CUST00895,Shreya Bhatt,,shreya.bhatt277@gmail.com,34,Male,Kanpur,Salaried - Government,Salaried,1458933,2,N,Y,Y,N,617,110172,2118.7,Car Loan,775447,0,85.9,13.9,Married,2,Rented,5.6,0,2,Y,48,894891,06-09-2025,Verified
CUST00896,Sunil Bhatia,9816787711,sunil.bhatia12@gmail.com,50,Male,Kanpur,Salaried - Education,Salaried,1458933,1,N,Y,N,N,650,199248.71,3689.79,Home Loan,3490487,4,49.7,9,Married,2,Owned,25.7,0,0,N,360,4104539,29-10-2025,Verified
CUST00897,Aryan Rathi,9961427999,aryan.rathi171@gmail.com,37,Male,Lucknow,Self Employed - Business,Self-Employed,1883814,2,Y,Y,N,N,881,911044.95,43383.09,Car Loan,942009,0,77,4.9,Divorced,2,Owned,14.7,0,0,N,48,1041893,04-10-2025,Verified
CUST00898,Reyansh Rathi,9929428400,reyansh.rathi705@rediffmail.com,63,Female,Bengaluru,Self Employed - Professional,Self-Employed,1902419,1,N,Y,N,N,447,66134.2,1407.11,Credit Card,381767,1,47.2,14.3,Married,1,Owned,23.4,522491,0,N,18,0,18-11-2025,Verified
CUST00899,Arjun Nair,9810683780,arjun.nair535@yahoo.com,33,Male,Lucknow,Salaried - It/Tech,Salaried,550253,1,N,Y,N,N,698,3770,314.14,Home Loan,,5,49.5,7.3,Single,0,Owned,8.1,0,3,N,300,5988337,01-07-2026,Verified
CUST00900,Pooja Malhotra,9802448013,pooja.malhotra495@gmail.com,61,Female,Kolkata,Salaried - Government,Salaried,2392905,2,Y,Y,N,N,874,70819.08,2284.49,Credit Card,,0,59.6,0.9,Single,2,Owned,9.1,450454,1,N,12,0,23-06-2026,Verified
CUST00901,Priya Verma,9446712607,priya.verma736@yahoo.com,43,Female,Nagpur,Salaried - It/Tech,Salaried,439210,0,N,N,N,N,534,13105,397.11,Credit Card,389710,6,47.8,1,Married,2,Owned,17.3,895103,0,N,12,0,19-04-2026,Verified
CUST00902,Ayaan Mehta,,ayaan.mehta69@rediffmail.com,36,Female,Chennai,Salaried - Healthcare,Salaried,1020884,3,Y,Y,Y,N,325,337138.54,7662.24,Home Loan,,3,53.9,2.3,Single,2,Owned,14.9,0,1,N,180,6044783,10-07-2026,Verified
CUST00903,Aarav Malhotra,9488788775,aarav.malhotra460@yahoo.com,41,Male,Chandigarh,Salaried - It/Tech,Salaried,1717976,1,N,N,Y,N,653,125877,5721.69,Credit Card,179518,0,81.7,1.5,Single,0,Owned,6.8,0,1,N,12,0,16-12-2025,Verified
CUST00904,Anil Bhatia,9747356865,anil.bhatia465@gmail.com,52,Male,Bengaluru,Business Owner,Self-Employed,412515,1,Y,N,N,N,886,,3755.51,Car Loan,1101084,0,13.9,6,Married,0,Rented,16.8,329301,0,N,72,1256017,20-03-2026,Verified
CUST00905,Usha Pandey,,usha.pandey879@gmail.com,21,Female,Jaipur,Self Employed - Professional,Self-Employed,1458933,1,Y,N,N,N,765,649644,12030.44,Personal Loan,933696,0,77.4,11.5,Married,0,Owned,0.3,0,1,N,48,0,12-02-2026,Verified
CUST00906,Anjali Sethi,9383497061,anjali.sethi890@outlook.com,28,Female,Surat,Freelancer,Self-Employed,1478205,0,N,N,N,N,749,107223,4288.93,Credit Card,,0,37.7,0.5,Married,1,Rented,3.3,0,1,Y,24,0,27-04-2026,Verified
CUST00907,Ayaan Kumar,9215430014,ayaan.kumar53@hotmail.com,57,Female,Nagpur,Salaried - It/Tech,Salaried,2185654,1,Y,N,N,N,453,671086.79,16367.97,Personal Loan,224503,0,59.8,4.6,Married,3,Rented,22.8,0,1,N,48,0,23-05-2026,Verified
CUST00908,Vinod Malhotra,9112249011,vinod.malhotra864@hotmail.com,45,Male,Indore,Salaried - Government,Salaried,1458933,1,Y,N,N,N,753,644553,15720.8,Home Loan,6500813,0,8.9,9.9,Married,3,Owned,9.2,0,1,N,300,7589308,08-10-2025,Verified
CUST00909,Tanya Chauhan,9355940198,,29,Female,Kolkata,Self Employed - Business,Self-Employed,1458933,2,Y,N,N,Y,506,,1788.18,Personal Loan,104406,3,25.5,8.9,Married,1,Owned,3.4,0,0,N,48,0,11-06-2026,Pending
CUST00910,Amit Tiwari,9343273152,amit.tiwari697@gmail.com,46,Female,Chennai,Self Employed - Professional,Self-Employed,1458933,2,Y,N,N,Y,612,93796.33,2131.73,Car Loan,,1,84.3,0.7,Married,3,Owned,22.2,0,0,N,48,888534,24-10-2025,Pending
CUST00911,Rajesh Chauhan,9921056754,rajesh.chauhan819@rediffmail.com,21,Female,Kolkata,Salaried - Healthcare,Salaried,1768271,1,N,N,N,Y,553,1033830,27206.06,Car Loan,576849,0,81.1,7.3,Single,4,Rented,0.3,0,0,N,84,626507,21-12-2025,Verified
CUST00912,Krishna Patel,9231365105,krishna.patel256@gmail.com,43,Male,Bengaluru,Salaried - Healthcare,Salaried,1458933,0,N,N,N,N,434,107076.93,2549.45,Home Loan,2837811,5,54.3,3.2,Single,0,Rented,24.2,0,1,N,120,3599685,02-08-2026,Verified
CUST00913,Manish Iyer,9223324899,manish.iyer438@gmail.com,36,Male,Kolkata,Freelancer,Self-Employed,2424659,2,Y,Y,N,N,483,766780.54,24734.86,Car Loan,466279,0,7,10.3,Single,2,Owned,10.9,0,0,Y,24,526741,24-05-2026,Verified
CUST00914,Krishna Pandey,9847513361,krishna.pandey70@gmail.com,38,Male,Indore,Self Employed - Business,Self-Employed,2256506,1,Y,N,N,N,715,921935.17,19206.98,Home Loan,3621163,0,83.4,3.6,Single,0,Rented,13.1,557140,3,N,120,4682947,04-03-2026,Verified
CUST00915,Anjali Singh,9355451415,anjali.singh706@rediffmail.com,34,Male,Coimbatore,Salaried - Private,Salaried,2087799,2,Y,Y,N,N,457,287014,7757.13,Home Loan,,0,68,5.3,Single,2,Rented,1.5,230143,0,N,300,2810056,09-09-2025,Verified
CUST00916,Isha Gupta,9713597585,isha.gupta134@gmail.com,28,Male,Coimbatore,Salaried - Healthcare,Salaried,829857,1,Y,N,N,N,303,413936,8623.67,Personal Loan,840574,1,37.3,2.6,Single,1,Company Provided,4.5,0,0,N,48,0,12-12-2025,Verified
CUST00917,Suresh Kapoor,9189423283,suresh.kapoor290@rediffmail.com,31,Male,Bhopal,Salaried - Healthcare,Salaried,2227242,1,Y,N,N,N,487,399603,9746.41,Personal Loan,661135,0,41.6,5.3,Married,3,Owned,1,581329,3,N,48,0,13-04-2026,Verified
CUST00918,Rita Mishra,9566265153,rita.mishra726@hotmail.com,51,Male,Jaipur,Salaried - It/Tech,Salaried,1102241,1,N,Y,N,N,773,343166.44,15598.47,Home Loan,4535863,1,37.1,6.2,Single,1,Rented,26,0,2,N,360,5269397,19-12-2025,Verified
CUST00919,Shreya Mishra,,shreya.mishra657@outlook.com,29,Female,Chandigarh,Salaried - Education,Salaried,512083,1,N,N,N,Y,367,128722.37,3785.95,Home Loan,3413059,1,17.1,13.2,Married,2,Company Provided,6.7,346274,0,N,300,4592177,22-12-2025,Verified
CUST00920,Anil Gupta,9870766683,anil.gupta981@outlook.com,61,Female,Hyderabad,Salaried - Healthcare,Salaried,922050,2,Y,Y,N,N,488,,12254.68,Car Loan,438063,0,96.2,5.1,Married,2,Rented,19.1,0,0,N,36,479016,10-02-2026,Verified
CUST00921,Vinod Nair,9581439114,,31,Male,Coimbatore,Self Employed - Professional,Self-Employed,1654936,0,N,N,N,N,607,,7761.17,Car Loan,822602,4,6.9,2.7,Married,3,Rented,4.8,0,0,N,84,897096,01-07-2026,Verified
CUST00922,Nisha Verma,9855024113,nisha.verma995@gmail.com,48,Female,Bhopal,Salaried - Education,Salaried,583340,0,N,N,N,N,800,14550,246.6,Car Loan,,0,94.1,10.8,Married,2,Owned,16.8,0,1,N,84,1099181,28-02-2026,Verified
CUST00924,Sunita Pandey,9323543839,sunita.pandey52@yahoo.com,35,Female,Surat,Salaried - Government,Salaried,1458933,2,Y,N,N,Y,883,,14136.07,Home Loan,,0,26.9,0.9,Single,1,Owned,11.6,764140,0,N,240,3470846,08-05-2026,Verified
CUST00925,Radhika Nair,9780805896,radhika.nair716@gmail.com,43,Male,Chennai,Salaried - It/Tech,Salaried,1458933,3,Y,Y,N,Y,681,888265.94,44413.3,Car Loan,787735,1,82.2,14.1,Single,0,Owned,4.5,0,3,N,24,882152,18-12-2025,Verified
CUST00926,Manish Bansal,9372653510,manish.bansal954@gmail.com,60,Female,Hyderabad,Salaried - Healthcare,Salaried,2385459,1,N,N,N,Y,701,618658,23794.55,Personal Loan,589944,1,17.5,4.3,Married,3,Owned,22.4,789056,1,N,36,0,04-04-2026,Verified
CUST00927,Krishna Sharma,9936556320,krishna.sharma1@hotmail.com,48,Female,Lucknow,Salaried - Private,Salaried,1512832,1,Y,N,N,N,667,606020,15947.91,Home Loan,,4,34.1,10.4,Single,1,Company Provided,13.8,0,1,N,120,7397046,27-03-2026,Verified
CUST00928,Rekha Verma,9886708679,rekha.verma222@rediffmail.com,30,Male,Kochi,Freelancer,Self-Employed,2400660,1,N,N,Y,N,700,945538.77,26264.97,Personal Loan,631815,1,43.7,7.7,Single,2,Owned,7.4,0,0,N,36,0,13-07-2026,Verified
CUST00929,Radhika Chopra,,radhika.chopra410@rediffmail.com,55,Female,Nagpur,Business Owner,Self-Employed,1458933,2,Y,Y,N,N,460,513562,8854.52,Credit Card,372966,2,87.2,6.8,Single,1,Owned,8.7,0,0,N,12,0,26-05-2026,Verified
CUST00930,Sunil Chopra,9748175471,sunil.chopra455@rediffmail.com,59,Female,Hyderabad,Salaried - It/Tech,Salaried,1458933,1,N,N,Y,N,381,,6520.47,Car Loan,1483420,0,46.3,8,Single,1,Owned,17,0,2,N,48,1662713,18-09-2025,Verified
CUST00931,Simran Rathi,9492391386,simran.rathi841@hotmail.com,34,Male,Ahmedabad,Salaried - Government,Salaried,2413009,1,Y,N,N,N,450,23538,1681.26,Personal Loan,416466,1,96.3,6.5,Single,0,Rented,9.2,0,0,N,12,0,07-03-2026,Verified
CUST00932,Kritika Joshi,9216249057,kritika.joshi607@yahoo.com,47,Male,Kanpur,Salaried - It/Tech,Salaried,2315306,2,N,Y,Y,N,358,192395.97,5497.03,Car Loan,1006772,0,67.5,15,Married,4,Rented,19.4,572689,2,N,72,1227584,19-03-2026,Verified
CUST00933,Rahul Desai,,rahul.desai490@yahoo.com,40,Female,Hyderabad,Salaried - Education,Salaried,1199909,1,Y,N,N,N,525,,37074.64,Credit Card,35680,1,32.6,4.8,Single,2,Owned,0.6,0,1,N,36,0,02-02-2026,Pending
CUST00934,Riya Chauhan,9516059856,riya.chauhan157@rediffmail.com,60,Female,Pune,Salaried - Healthcare,Salaried,718491,2,Y,N,Y,N,763,335387,6449.75,Home Loan,1967134,0,17.1,0.8,Married,4,Owned,11.7,0,2,Y,120,2352915,05-10-2025,Verified
CUST00935,Divya Agarwal,9890895511,divya.agarwal45@outlook.com,27,Female,Kochi,Salaried - Private,Salaried,1458933,2,Y,N,Y,N,417,873272.73,34930.91,Personal Loan,561491,1,32.9,4.3,Single,0,Rented,4.9,0,0,N,60,0,07-02-2026,Verified
CUST00936,Preeti Rathi,9402632200,preeti.rathi311@outlook.com,30,Male,Chennai,Self Employed - Business,Self-Employed,1388512,1,N,Y,N,N,495,603325.32,22345.38,Home Loan,,1,33.5,0.8,Single,3,Rented,8.2,264375,1,N,120,4787091,27-10-2025,Verified
CUST00937,Rahul Pandey,,rahul.pandey419@gmail.com,45,Male,Mumbai,Salaried - It/Tech,Salaried,2205053,0,N,N,N,N,427,183200,3738.78,Personal Loan,819274,0,95.1,14.4,Single,0,Owned,11.8,0,1,N,12,0,18-09-2025,Verified
CUST00938,Sai Nair,9200111799,sai.nair203@gmail.com,54,Male,Hyderabad,Freelancer,Self-Employed,734398,2,Y,N,N,Y,537,,1326.77,Credit Card,253273,4,68.5,4.8,Married,2,Owned,17.3,185825,3,N,12,0,24-01-2026,Verified
CUST00939,Sneha Kapoor,9665397101,sneha.kapoor218@gmail.com,22,Male,Hyderabad,Salaried - It/Tech,Salaried,1783472,1,N,N,N,Y,456,489803,9070.43,Home Loan,6530174,0,10.2,10.9,Married,0,Company Provided,0.6,620541,1,Y,300,7515757,,Verified
CUST00940,Reyansh Tiwari,,reyansh.tiwari403@rediffmail.com,39,Male,Kolkata,Salaried - Education,Salaried,1560218,3,Y,N,Y,Y,761,328201,20512.55,Credit Card,202285,1,95.1,3.8,Single,0,Owned,9.7,0,0,N,12,0,,Verified
CUST00941,Priya Verma,,priya.verma954@outlook.com,22,Male,Jaipur,Business Owner,Self-Employed,1518835,0,N,N,N,N,687,,2263.35,Car Loan,,0,11.6,0.4,Single,1,Owned,1,0,0,N,24,1556833,17-12-2025,Verified
CUST00942,Ananya Agarwal,9432798029,,33,Male,Bhopal,Freelancer,Self-Employed,1458933,1,Y,N,N,N,733,366037.33,26145.52,Car Loan,349547,0,13.8,4.4,Married,4,Owned,10.2,0,0,N,84,413303,,Verified
CUST00943,Ashok Malhotra,,ashok.malhotra948@outlook.com,44,Male,Ahmedabad,Salaried - Government,Salaried,2313454,2,N,Y,Y,N,549,,20980.06,Credit Card,183114,1,80.7,8.8,Married,1,Owned,16.6,0,3,N,36,0,24-12-2025,Verified
CUST00944,Neha Reddy,9709804832,neha.reddy890@outlook.com,48,Male,Jaipur,Freelancer,Self-Employed,2377480,1,N,Y,N,N,873,1173548,26078.84,Home Loan,4264629,6,28.1,9.4,Single,2,Owned,12.4,675972,3,Y,240,5518970,28-10-2025,Verified
CUST00945,Pooja Khanna,,pooja.khanna400@hotmail.com,23,Female,Mumbai,Salaried - Healthcare,Salaried,1826045,1,N,Y,N,N,773,665621,35032.67,Credit Card,223728,0,7.3,10.5,Married,2,Company Provided,0.9,376695,0,N,36,0,02-09-2025,Verified
CUST00946,Nikhil Pandey,,nikhil.pandey662@outlook.com,44,Male,Mumbai,Self Employed - Professional,Self-Employed,1458933,2,Y,Y,N,N,853,766057.49,20704.26,Personal Loan,,0,62.4,12.8,Married,0,Company Provided,9.1,185933,0,Y,12,0,02-08-2026,Verified
CUST00947,Vihaan Gupta,,,25,Male,Bengaluru,Business Owner,Self-Employed,1107514,0,N,N,N,N,826,9071,533.57,Personal Loan,51265,0,75.3,7.8,Single,0,Rented,2.8,0,1,N,60,0,21-03-2026,Verified
CUST00948,Aryan Pandey,9334130786,aryan.pandey76@gmail.com,37,Female,Kochi,Salaried - Government,Salaried,1458933,0,N,N,N,N,722,202985.24,5799.58,Car Loan,1178687,0,18.2,14.8,Single,2,Owned,2.5,0,1,N,60,1431385,27-10-2025,Verified
CUST00949,Arjun Mishra,9776127827,arjun.mishra643@yahoo.com,22,Male,Pune,Salaried - Education,Salaried,1398062,0,N,N,N,N,818,26462,508.88,Credit Card,,3,46.3,0.4,Married,0,Rented,0.3,0,0,N,24,0,,Verified
CUST00950,Shreya Singh,9781895408,shreya.singh825@hotmail.com,50,Male,Kolkata,Salaried - Education,Salaried,1308309,2,Y,Y,N,N,469,734968,22967.75,Personal Loan,694770,0,29.4,4.7,Married,2,Owned,26.8,0,1,N,48,0,,Verified
CUST00951,Manju Kumar,,manju.kumar317@yahoo.com,35,Male,Indore,Salaried - It/Tech,Salaried,1458933,0,N,N,N,N,387,33800.84,1056.28,Car Loan,416992,3,91.4,10.5,Married,1,Rented,8.7,417248,0,N,84,498700,13-03-2026,Pending
CUST00952,Neha Patel,,neha.patel423@yahoo.com,46,Female,Mumbai,Self Employed - Professional,Self-Employed,911337,2,Y,N,Y,N,479,,10011.12,Home Loan,5429283,2,73.5,14.6,Single,0,Rented,24.4,0,0,N,360,7548971,08-11-2025,Verified
CUST00953,Tanya Nair,,tanya.nair88@gmail.com,25,Female,Pune,Salaried - Education,Salaried,2212810,1,Y,N,N,N,702,1271713,31017.39,Home Loan,2373027,0,39.7,8.4,Single,0,Owned,3.2,0,0,Y,120,3169839,13-05-2026,Verified
CUST00954,Nisha Patel,,nisha.patel259@rediffmail.com,29,Female,Ahmedabad,Self Employed - Business,Self-Employed,764018,1,Y,N,N,N,385,,1968.47,Personal Loan,801062,0,38.5,13.8,Married,0,Owned,1.3,486892,0,N,60,0,23-04-2026,Verified
CUST00955,Ramesh Gupta,,ramesh.gupta699@yahoo.com,52,Female,Pune,Salaried - Education,Salaried,1458933,1,Y,N,N,N,393,,52702.65,Credit Card,210543,4,8.1,1.9,Married,2,Owned,4.1,0,0,N,12,0,11-12-2025,Verified
CUST00956,Tanya Singh,9238514760,tanya.singh247@outlook.com,23,Male,Kochi,Self Employed - Professional,Self-Employed,311830,2,N,Y,N,Y,581,,901.23,Car Loan,729310,1,98.2,11.6,Married,4,Owned,1.3,0,1,N,60,888334,01-04-2026,Verified
CUST00957,Sunita Bhatt,9605995936,sunita.bhatt745@outlook.com,21,Female,Pune,Salaried - Private,Salaried,1366356,3,Y,N,Y,Y,401,357352,12762.57,Home Loan,,0,56.9,4.5,Single,2,Owned,0.3,0,0,N,180,1989081,25-03-2026,Verified
CUST00958,Rohan Desai,9103857880,rohan.desai601@yahoo.com,39,Male,Hyderabad,Salaried - Healthcare,Salaried,325464,2,Y,Y,N,N,886,191026.19,5027.01,Credit Card,403153,2,23.5,5.1,Married,1,Owned,4.6,645494,3,Y,24,0,10-05-2026,Verified
CUST00959,Aryan Kapoor,9795700566,aryan.kapoor456@outlook.com,36,Female,Jaipur,Salaried - Private,Salaried,1583719,1,Y,N,N,N,503,566162,40440.11,Credit Card,65581,0,36.3,2.6,Married,2,Owned,3,0,0,N,36,0,15-09-2025,Verified
CUST00960,Tanya Nair,9670719782,tanya.nair602@gmail.com,36,Male,Jaipur,Salaried - Healthcare,Salaried,1458933,1,Y,N,N,N,742,,3168.48,Personal Loan,,1,89.8,5.6,Single,4,Rented,10,0,2,N,36,0,10-06-2026,Verified
CUST00961,Ananya Kapoor,9632495830,ananya.kapoor614@rediffmail.com,26,Male,Pune,Business Owner,Self-Employed,1237425,1,Y,N,N,N,446,328278,11724.21,Car Loan,518271,0,42,8.3,Divorced,3,Company Provided,3,0,0,N,48,612524,19-11-2025,Verified
CUST00962,Sunil Reddy,9316270437,sunil.reddy389@rediffmail.com,59,Female,Delhi,Salaried - Private,Salaried,2455947,2,Y,N,N,Y,819,,20813.98,Personal Loan,57374,2,92.5,4.4,Single,2,Rented,22,0,1,N,60,0,29-10-2025,Verified
CUST00963,Rajesh Khanna,,,24,Female,Pune,Freelancer,Self-Employed,1458933,0,N,N,N,N,449,119993,2068.84,Home Loan,5799409,2,56.9,11.6,Single,4,Rented,2.2,832026,1,N,300,7013243,22-06-2026,Verified
CUST00964,Radhika Bansal,,radhika.bansal966@outlook.com,38,Female,Bhopal,Salaried - It/Tech,Salaried,1599004,2,Y,N,Y,N,474,713620.14,35681.01,Home Loan,6870802,3,37.6,9.9,Married,1,Owned,9.8,0,0,N,240,8329964,,Verified
CUST00965,Sneha Reddy,9756296671,sneha.reddy529@outlook.com,61,Male,Bhopal,Salaried - Education,Salaried,1826199,1,Y,N,N,N,808,,6693.34,Credit Card,218399,1,34.4,12.4,Divorced,2,Rented,28.7,897059,1,N,36,0,21-04-2026,Pending
CUST00966,Reyansh Sethi,,reyansh.sethi653@yahoo.com,41,Male,Mumbai,Business Owner,Self-Employed,2430123,2,Y,N,Y,N,813,468839.02,39069.92,Personal Loan,998111,0,60.3,9.1,Married,2,Rented,1.2,215249,3,N,48,0,03-02-2026,Verified
CUST00967,Neha Rao,9436684605,neha.rao712@outlook.com,28,Female,Bhopal,Self Employed - Business,Self-Employed,1400928,3,N,Y,Y,Y,574,,25325.53,Car Loan,1188942,3,36.3,0.7,Married,1,Owned,5,0,0,Y,24,1258128,23-10-2025,Verified
CUST00968,Arjun Reddy,,arjun.reddy998@outlook.com,37,Female,Jaipur,Business Owner,Self-Employed,1458933,2,Y,Y,N,N,395,,53091.53,Home Loan,7179094,2,79.6,12.7,Married,1,Owned,14.5,262070,3,N,120,8910472,24-01-2026,Verified
CUST00969,Kritika Tiwari,9478709976,,37,Female,Kanpur,Salaried - Healthcare,Salaried,1726522,1,N,Y,N,N,640,,10327.91,Home Loan,5587672,2,62.5,10.1,Single,0,Rented,8,0,0,N,120,6793007,24-03-2026,Verified
CUST00970,Divya Patel,,divya.patel760@yahoo.com,46,Male,Chennai,Salaried - Education,Salaried,1458933,2,Y,N,Y,N,683,212285.27,3859.73,Credit Card,229930,0,78.5,0.7,Single,3,Owned,18.1,0,1,N,12,0,10-12-2025,Verified
CUST00971,Dhruv Nair,9432149914,dhruv.nair627@gmail.com,50,Male,Chandigarh,Self Employed - Business,Self-Employed,780269,1,Y,N,N,N,543,353419.34,13593.05,Credit Card,,1,59.9,5.8,Single,0,Owned,10,213780,0,N,12,0,08-06-2026,Verified
CUST00972,Ishaan Desai,,ishaan.desai669@hotmail.com,49,Female,Kolkata,Business Owner,Self-Employed,527084,1,Y,N,N,N,848,281190.38,12781.38,Personal Loan,115157,0,19.3,10.5,Married,2,Rented,26.9,0,0,Y,60,0,22-09-2025,Verified
CUST00973,Amit Malhotra,9855579708,,53,Male,Chennai,Salaried - It/Tech,Salaried,2359695,1,Y,N,N,N,319,,32701.95,Home Loan,2805531,2,29.4,12.3,Married,1,Owned,16.6,0,0,N,360,3409331,09-04-2026,Verified
CUST00974,Deepak Tiwari,9750683028,deepak.tiwari280@hotmail.com,41,Female,Bhopal,Business Owner,Self-Employed,521701,1,N,Y,N,N,764,298464,14212.56,Car Loan,,0,10.8,9.1,Married,4,Rented,13.8,632926,0,N,24,656614,04-12-2025,Verified
CUST00975,Arjun Mishra,9653992744,arjun.mishra965@hotmail.com,23,Female,Nagpur,Salaried - Education,Salaried,2461371,2,Y,Y,N,N,711,,13291.36,Car Loan,434435,0,60.4,3,Married,0,Rented,0.7,0,0,Y,84,515733,07-10-2025,Verified
CUST00976,Kiran Sharma,9190989760,kiran.sharma591@rediffmail.com,26,Female,Coimbatore,Salaried - Private,Salaried,1458933,3,Y,N,Y,Y,826,1164809,21178.35,Home Loan,5576015,4,14.8,2.7,Married,2,Rented,0.6,0,0,N,300,7771629,18-06-2026,Verified
CUST00977,Tanya Bansal,9507277898,,62,Female,Indore,Salaried - Government,Salaried,1458933,3,Y,Y,Y,N,300,16149.42,384.51,Credit Card,,0,57.8,5.6,Single,0,Owned,10.6,505167,1,Y,18,0,21-08-2026,Verified
CUST00978,Kabir Verma,9187948464,kabir.verma13@yahoo.com,60,Female,Kanpur,Business Owner,Self-Employed,1458933,0,N,N,N,N,641,91417.81,1828.36,Home Loan,,1,76.1,6.9,Married,3,Owned,4.8,0,1,N,240,5526054,18-11-2025,Verified
CUST00979,Sai Chopra,9405171866,sai.chopra116@outlook.com,34,Female,Surat,Salaried - Private,Salaried,1836742,2,Y,N,Y,N,535,957014,24538.82,Home Loan,7720644,1,79.4,9.2,Married,0,Rented,5.1,0,2,N,300,10358830,17-04-2026,Verified
CUST00980,Mahesh Verma,,mahesh.verma372@rediffmail.com,40,Male,Kochi,Freelancer,Self-Employed,630682,3,Y,N,Y,Y,645,190459.31,8657.24,Car Loan,394650,2,47.2,4.1,Married,2,Rented,4.2,723639,0,Y,84,461043,14-10-2025,Verified
CUST00981,Sai Tiwari,9160938864,,44,Male,Coimbatore,Salaried - It/Tech,Salaried,2021168,0,N,N,N,N,629,120553.43,5479.7,Credit Card,147277,0,59.8,1.9,Single,0,Rented,16.7,356249,3,N,12,0,13-11-2025,Verified
CUST00982,Rekha Malhotra,9384216486,rekha.malhotra159@outlook.com,60,Female,Chennai,Salaried - Private,Salaried,1704867,1,N,Y,N,N,829,889673.74,21182.71,Credit Card,396575,1,97,12.8,Single,1,Rented,18.4,0,0,N,24,0,23-11-2025,Verified
CUST00983,Rita Kapoor,9211340208,rita.kapoor494@rediffmail.com,37,Female,Kolkata,Salaried - Government,Salaried,1458933,1,Y,N,N,N,577,289066,13765.07,Personal Loan,494410,0,94.6,6.5,Single,2,Rented,9.6,0,0,N,36,0,15-01-2026,Verified
CUST00984,Amit Sethi,9585244416,amit.sethi777@outlook.com,43,Male,Jaipur,Salaried - Private,Salaried,784637,1,N,N,Y,N,518,195821.32,16318.44,Car Loan,1212186,0,48.1,10,Married,2,Owned,1.7,602108,0,N,72,1342215,,Verified
CUST00985,Rahul Malhotra,9871770122,rahul.malhotra808@outlook.com,47,Female,Bengaluru,Salaried - Healthcare,Salaried,1458933,0,N,N,N,N,545,175119,11674.62,Home Loan,1736750,2,36.9,3.9,Married,1,Owned,10,247902,1,N,180,2020213,08-04-2026,Pending
CUST00986,Kabir Rathi,9798541955,kabir.rathi733@hotmail.com,25,Female,Kolkata,Salaried - It/Tech,Salaried,1458933,1,Y,N,N,N,407,,7564.32,Personal Loan,620012,2,51.7,12.7,Married,1,Rented,0.5,0,0,N,36,0,19-02-2026,Verified
CUST00987,Sneha Mehta,9651473196,sneha.mehta411@hotmail.com,35,Female,Indore,Salaried - Healthcare,Salaried,1458933,2,Y,N,Y,N,834,,8150.15,Credit Card,109839,5,54.7,8.2,Married,0,Company Provided,11.7,0,0,Y,24,0,23-11-2025,Verified
CUST00988,Manju Patel,9843758464,manju.patel861@rediffmail.com,39,Female,Delhi,Salaried - Healthcare,Salaried,1458933,3,Y,Y,Y,N,853,315430,7693.42,Credit Card,435587,2,87.2,3.3,Married,0,Rented,17,0,3,N,36,0,29-04-2026,Verified
CUST00989,Krishna Malhotra,,krishna.malhotra720@outlook.com,32,Female,Chennai,Freelancer,Self-Employed,2240991,1,N,N,N,Y,817,1336448.19,31820.19,Home Loan,,0,30.5,14.6,Divorced,0,Owned,6,0,0,N,240,7882562,17-02-2026,Verified
CUST00990,Kabir Reddy,9798333855,kabir.reddy133@hotmail.com,52,Male,Delhi,Salaried - It/Tech,Salaried,1458933,1,Y,N,N,N,362,952779.42,23238.52,Personal Loan,831675,1,83.4,2.7,Married,3,Owned,27.4,272413,0,N,24,0,11-02-2026,Verified
CUST00991,Nikhil Khanna,9540818891,nikhil.khanna534@rediffmail.com,65,Male,Bhopal,Business Owner,Self-Employed,462225,2,Y,Y,N,N,370,99753.27,2035.78,Home Loan,,3,32.1,13.1,Married,2,Rented,29.6,606542,0,Y,360,9025411,08-01-2026,Verified
CUST00992,Saanvi Joshi,9901130413,saanvi.joshi234@yahoo.com,32,Female,Bengaluru,Self Employed - Business,Self-Employed,1458933,1,Y,N,N,N,748,25911,479.84,Home Loan,,0,63.4,14.1,Married,2,Rented,10.6,0,0,N,360,3709333,09-12-2025,Verified
CUST00993,Krishna Tiwari,,krishna.tiwari231@yahoo.com,57,Male,Hyderabad,Self Employed - Professional,Self-Employed,2416255,1,Y,N,N,N,553,,10976.6,Credit Card,188017,4,57.1,15,Married,2,Company Provided,11.2,492776,2,N,36,0,17-04-2026,Verified
CUST00994,Rajesh Mishra,9583024678,rajesh.mishra503@yahoo.com,53,Female,Bengaluru,Salaried - Healthcare,Salaried,1897910,1,Y,N,N,N,895,760438,25347.95,Car Loan,,0,37.6,8.6,Divorced,0,Owned,26.9,621895,0,N,24,1522712,26-01-2026,Verified
CUST00995,Manju Sethi,9407331728,manju.sethi920@gmail.com,56,Male,Kanpur,Self Employed - Business,Self-Employed,1458933,2,Y,N,N,Y,363,911819.05,16885.54,Personal Loan,,2,42.5,4.8,Single,2,Rented,3,0,0,N,36,0,05-02-2026,Verified
CUST00996,Preeti Reddy,9143336417,preeti.reddy809@yahoo.com,51,Female,Jaipur,Business Owner,Self-Employed,1149267,1,Y,N,N,N,358,130019,2241.7,Car Loan,807452,0,94,11.8,Single,1,Company Provided,0.6,0,1,Y,60,885541,21-07-2026,Verified
CUST00997,Kiran Sharma,9718340557,kiran.sharma257@gmail.com,32,Male,Coimbatore,Salaried - Private,Salaried,1817068,0,N,N,N,N,896,103242.73,1811.28,Credit Card,168013,5,50.5,13.7,Married,3,Rented,10,454977,0,Y,12,0,23-10-2025,Verified
CUST00998,Manish Yadav,9883682170,manish.yadav239@outlook.com,53,Female,Chandigarh,Salaried - Government,Salaried,1147788,1,Y,N,N,N,772,294421,7747.91,Credit Card,,1,32.6,2.1,Single,0,Rented,18.7,0,1,N,18,0,15-09-2025,Verified
CUST00999,Radhika Bhatia,9427829893,radhika.bhatia574@gmail.com,31,Male,Coimbatore,Freelancer,Self-Employed,594589,0,N,N,N,N,492,,144.95,Credit Card,374471,1,61.1,7.8,Married,0,Owned,9.7,0,1,N,18,0,23-12-2025,Verified
CUST01000,Manju Bhatia,9772200292,manju.bhatia409@hotmail.com,24,Female,Bengaluru,Business Owner,Self-Employed,1458933,1,Y,N,N,N,394,,5538.74,Home Loan,3937412,0,82.2,0.6,Married,0,Owned,2.4,0,0,N,360,4890147,09-09-2025,Pending
