Customer ID,Full Name,Phone Number,Email ID,Age,Gender,City,Occupation,Employment Type,Annual Income,Existing Products Count,Has Credit Card,Has Personal Loan,Has Car Loan,Has Home Loan,Credit Score,Existing Outstanding Debt,Monthly EMI Outstanding,Requested Loan Type,Requested Amount,Missed Payments (12M),Credit Utilization (%),Years with Bank,Marital Status,Number of Dependents,Residence Type,Employment Tenure (Years),Co-Applicant Income,Existing Loans (Other Banks),Previous Default History,Requested Tenure (Months),Collateral Value,Application Date,KYC Status
CUST00001,  Rajesh Kumar  ,,rajesh.kumar760@outlook.com,36,MALE,Chennai,SALARIED - GOVERNMENT,Salaried,"664,647",2,0,Y,Yes,false,327,223817.91,3926.63,Home Loan,"₹3,349,189",0,31.4,13.1,Single,0,Owned,4.4,722621.0,0,NO,240,4561172.0,2026/07/01,Verified
CUST00002,Aditya Yadav,95933037,aditya.yadav550@gmail.com,45,MALE,Coimbatore,Salaried - IT/Tech,Salaried,"1,816,807",1,NO,no,1,no,596,"₹1,073,974",41306.71,Credit Card,219295,0,65.4,5.6,married,0,Owned,22.5,,1,NO,18,,,Verified
CUST00003,Vikram Khanna,,vikram.khanna705@rediffmail.com,35,Female,delhi,Self Employed - Professional,Self-Employed,434638,1,NO,false,YES,0,880,228541.6,7141.93,PERSONAL LOAN,"₹737,277",1,89.0,9.7,Married,0,Rented,7.7,,0,NO,36,,16 Dec 2025,Pending
CUST00004,Krishna Desai,09629908599,krishna.desai94 at gmail.com,28,Male,Calcutta,Salaried - Education,Salaried,566454,1,yes,no,no,N,866,"292,555",24379.6,Credit Card,,4,76.3,11.6,Married,1,Owned,0.3,,1,true,18,,2026/05/12,Verified
CUST00005,Usha Mishra,+91-9420452650,USHA.MISHRA862@REDIFFMAIL.COM,59,M,Chennai,Salaried - Healthcare,Salaried,"977,585",2,1,0,NO,Yes,631,"286,592",15083.8,Car Loan,-944903,0,27.9,8.6,Married,2,Rented,29.3,,0,false,72,1023354.0,2026-05-23,Verified
CUST00006,Saanvi Reddy,,,40,FEMALE,KANPUR,Business Owner,Self-Employed,,4,YES,1,Y,Y,867,N/A,13121.16,credit card,"₹57,220",2,10.6,1.2,Married,1,Rented,5.5,,0,no,36,,2025/12/28,Verified
CUST00007,Preeti Malhotra,9304451095,"preeti.malhotra97@gmail,com",63,female,Kanpur,Salaried - Education,Salaried,2024287,1,1,NO,false,N,400,"₹73,618",1269.28,Car Loan,,0,23.1,6.8,Married,1,Owned,27.7,,2,0,24,624628.0,05/29/2026,Verified
CUST00008,Sai Khanna,09909134796, sai.khanna870@yahoo.com ,31,Female,Chandigarh,BUSINESS OWNER,Self-Employed,"₹1,196,521",2,NO,No,true,1,699,"190,393",4643.72,Car Loan,1187110,2,74.4,11.8,Single,1,Owned,2.4,701803.0,0,No,24,1385162.0,10-05-2026,Verified
CUST00009,Divya Patel,9161073976,divya.patel984@rediffmail.com,26,Male,BENGALURU,Salaried - Government,Salaried,"1,286,516",1,Yes,no,false,NO,340,478106.53,12581.75,Car Loan,"846,865",0,73.0,3.7,Married,2,OWNED,1.8,,0,No,72,1057920.0,02-10-2025,Verified
CUST00010,Sneha Nair,09242224154,,25,  Male  ,Kanpur,Salaried - IT/Tech,Salaried,961638,1,Y,0,false,No,841,4513.8,96.04,Car Loan,"₹517,236",5,17.8,1.9,Married,2,Owned,2.5,,0,No,48,595381.0,2026-01-01,Verified
CUST00011,Rekha Verma,9199104722,rekha.verma650@hotmail.com,38,F,Mumbai,Salaried - Healthcare,Salaried,,1,0,Y,no,No,737,285623.98,15032.84,CREDIT CARD,N/A,2,19.2,0.7,MARRIED,2,Owned,1.0,,3,1,12,,2026/02/25,Verified
CUST00012,Rahul Pandey,, rahul.pandey363@rediffmail.com ,47,F,AHMEDABAD,Self Employed - Business,Self-Employed,N/A,1,No,true,NO,no,721,501851.51,8505.96,Personal Loan,"₹329,766",0,71.6,5.9,Married,1,Owned,23.9,765402.0,2,NO,24,,2026-03-18,Verified
CUST00013,Usha Gupta,+91-9930353157, usha.gupta286@outlook.com ,62,female,Coimbatore,Salaried - Healthcare,Salaried,415765,2,true,false,true,NO,571,9543.6,190.87,Home Loan,"₹4,399,833",2,34.8,9.2,Married,1,Rented,7.9,,0,yes,360,5815322.0,04-08-2026,Verified
CUST00014,saanvi gupta,98132 19781,saanvi.gupta943@outlook.com,60,female,Hyderabad,Salaried - IT/Tech,Salaried,"₹2,427,025",1,1,0,NO,0,430,,5173.34,Home Loan,"₹7,181,754",2,21.5,8.6,Married,3,owned,6.5,,1,No,300,9052888.0,12/13/2025,verified
CUST00015,Kiran Sethi,99547 25078,KIRAN.SETHI754@YAHOO.COM,63,M,Surat,Freelancer,Self-Employed,,2,Y,NO,Y,false,503,"₹150,821",10772.93,Personal Loan,"₹548,216",1,78.0,6.9,Single,2,RENTED,11.7,,0,0,12,,2026/03/31,Verified
CUST00016,Preeti Tiwari,9656152900,preeti.tiwari476@gmail.com,56,Male,Hyderabad,Business Owner,Self-Employed,"₹859,264",0,no,0,false,No,753,52643.01,907.64,Home Loan,,0,20.1,13.0,  Married  ,2,Rented,8.5,,0,0,300,7128348.0,2026/01/19,Verified
CUST00017,Diya Mehta,9679984033,diya.mehta83@yahoo.com,30,male,Nagpur,Self Employed - Business,Self-Employed,1197383,1,true,false,false,No,511,"₹598,374",16621.5,CREDIT CARD,,4,59.7,7.3,Single,1,Owned,8.1,,0,No,18,,02-05-2026,Verified
CUST00018,saanvi joshi,91311 65166,saanvi.joshi399@outlook.com,63,  Female  ,KOLKATA,Business Owner,Self-Employed,,0,NO,No,NO,No,,"₹7,012",179.8,Personal Loan,"958,959",1,9.8,5.8,Married,1,Rented,11.6,,2,N,12,,23-04-2026,Verified
CUST00019,Shreya Verma,9475767056,shreya.verma230@gmail.com,62,male,Mumbai,Self Employed - Professional,Self-Employed,1136179,1,false,no,Yes,NO,417,-384462.24,15378.49,Home Loan,7367537,0,40.0,9.2,Divorced,2,Rented,5.2,584014.0,2,0,300,9203259.0,05-12-2025,Verified
CUST00020,Deepak Saxena,9773496394,DEEPAK.SAXENA249@GMAIL.COM,65,Female,Hyderabad,SALARIED - PRIVATE,Salaried,"₹1,756,278",2,Y,no,yes,0,312,,20819.87,Credit Card,"₹247,291",6,65.4,12.5,Single,1,Rented,29.0,756149.0,0,N,36,,,Verified
CUST00021,Rekha Rao,9991990632,rekha.rao958 at gmail.com,38,F,Ahmedabad,Business Owner,Self-Employed,1889596,1,yes,no,N,no,663,"₹904,548",27410.56,Car Loan,,1,54.1,3.0,Married,1,Rented,4.3,,1,false,24,939712.0,,Verified
CUST00022,Rahul Iyer,09812921644,rahul.iyer596@outlook.com,,F,Indore,Freelancer,Self-Employed,"1,687,439",1,Y,0,No,NO,497,319480.74,5414.93,personal loan,250845,0,51.0,10.9,Divorced,2,Owned,3.3,320612.0,0,NO,60,,10/29/2025,Verified
CUST00023,Vihaan Bhatt,09413679331,vihaan.bhatt715@yahoo.com,61,F,Hyderabad,Salaried - Private,Salaried,"₹1,492,605",3,yes,no,Y,Yes,,"102,172",6385.76,Home Loan,"₹5,625,069",0,64.8,1.0,married,2,Owned,29.8,723333.0,1,NO,180,7559662.0,08-03-2026,Verified
CUST00024,Tanya Iyer,97319 24051,tanya.iyer440@outlook.com,57,Male,Hyderabad,Self Employed - Professional,Self-Employed,"₹1,185,103",3,yes,YES,Y,NO,460,1902.6,47.56,Home Loan,3943260,0,32.4,4.4,Single,0,Owned,8.2,,1,0,180,4953857.0,05/31/2026,Verified
CUST00025,Ishaan Khanna,,ishaan.khanna847@yahoo.com,25,F,Kolkata,Salaried - IT/Tech,Salaried,1510520,1,true,NO,no,N,578,N/A,10548.46,Home Loan,"2,174,795",1,89.5,11.1,Single,0,Owned,2.8,,1,false,240,2814319.0,2025-11-23,Verified
CUST00026,Suresh Kapoor,9398668350,suresh.kapoor186@rediffmail.com,48,female,Bangalore,Business Owner,Self-Employed,"₹1,759,454",3,yes,no,Yes,1,721,,24409.74,Home Loan,,1,48.2,4.9,Married,4,Owned,14.0,,1,0,300,9168240.0,05/18/2026,Verified
CUST00027,Anil Joshi,9771527524,anil.joshi453 at gmail.com,34,F,Coimbatore,Self Employed - Business,Self-Employed,-1508081,2,Yes,N,YES,No,545,-642246.0,20717.61,Credit Card,"₹309,538",0,26.3,12.7,Married,3,Rented,2.3,,0,No,36,,30-04-2026,Pending
CUST00028,Rahul Kapoor,+91-9691916368,,33,MALE,Banglore,Salaried - IT/Tech,Salaried,"2,040,394",2,true,N,false,true,605,1025268.51,20923.85,Home Loan,N/A,0,51.0,5.1,Single,1,Company Provided,10.5,,0,N,300,3188454.0,25 Apr 2026,Verified
CUST00029,Preeti Chopra,95145 48900,PREETI.CHOPRA680@YAHOO.COM,52,Male,CHENNAI,Freelancer,Self-Employed,,0,NO,no,NO,NO,767,2597.56,123.69,Home Loan,"₹6,992,703",6,12.1,11.8,Married,2,Owned,2.7,655768.0,0,true,300,9566687.0,13 Sep 2025,VERIFIED
CUST00030,Rahul Mishra,, rahul.mishra944@outlook.com ,35,M,Indore,Salaried - Government,Salaried,721557,2,Yes,N,NO,true,357,,3628.83,Home Loan,"₹2,721,127",0,44.1,10.3,Married,0,Rented,5.5,,0,no,180,3443008.0,01/03/2026,Verified
CUST00031,  Mahesh Sharma  ,9963968184,,64,MALE,bengaluru ,  Business Owner  ,Self-Employed,"1,749,407",1,false,Y,No,no,767,887268.36,36969.51,Home Loan,,0,41.2,5.5,MARRIED,2,Owned,25.0,,0,false,120,7650724.0,2026-05-07,Verified
CUST00032,lata iyer,99329 45529,lata.iyer819@yahoo.com,59,female,Ahmedabad,Self Employed - Professional,Self-Employed,1351204,0,No,no,NO,NO,399,"122,068",2303.17,credit card,"₹181,969",3,8.2,5.6,Married,3,Owned,12.6,739885.0,2,NO,24,,,Verified
CUST00033,Geeta Joshi,+91-9965960427,geeta.joshi303@outlook.com,28,female,bengaluru ,Self Employed - Business,Self-Employed,"₹1,246,296",0,NO,NO,0,N,870,45586.4,1232.06,Credit Card,"₹158,652",1,48.2,10.2,Single,2,Rented,6.6,325366.0,0,true,24,,2026-07-04,Verified
CUST00034,Arjun Mishra,,arjun.mishra476@outlook.com,62,Female,Hyderabad,Self Employed - Business,Self-Employed,"₹490,198",1,false,No,0,Yes,850,"₹39,901",973.2,Car Loan,1432865,0,75.5,2.5,MARRIED,0,Rented,12.4,,0,No,60,1631946.0,2025/12/24,Verified
CUST00035,Reyansh Pandey,,,24,F,Jaipur,Self Employed - Professional,Self-Employed,812374,1,no,No,Yes,No,321,-24653.2,747.07,Personal Loan,182040,3,24.5,12.5,Married,2,Rented,0.9,,1,N,36,,2025-11-08,Pending
CUST00036,Shreya Nair,9957397689,shreya.nair179@gmail.com,63,F,CHENNAI,Salaried - Private,Salaried,"₹1,802,577",2,No,1,0,Yes,353,,3607.77,Credit Card,,0,47.6,5.6,Married,1,Owned,18.6,,2,no,24,,2026-04-17,verified
CUST00037,Vivaan Verma,96143 02907,VIVAAN.VERMA868@HOTMAIL.COM,48,  Male  ,Chandigarh,Business Owner,Self-Employed,608242,2,N,false,1,true,899,"₹200,120",6253.75,Home Loan,,1,48.1,9.2,Married,2,Rented,17.7,,1,0,300,8933633.0,,Verified
CUST00038,neha chopra,09546665485,"neha.chopra748@gmail,com",41,female,Lucknow,Salaried - IT/Tech,Salaried,-1869932,1,No,false,0,Y,387,"₹104,600",5811.13,Car Loan,572871,1,60.7,8.5,Married,0,Owned,13.4,,2,N,48,670306.0,02/22/2026,Verified
CUST00039,Sneha Reddy,+91-9266140258,,35,Male,Kanpur,Freelancer,Self-Employed,"1,841,662",3,Y,yes,1,NO,874,,21115.12,  Credit Card  ,-339288,5,83.8,4.2,Married,2,Owned,5.0,802397.0,1,NO,18,,,Pending
CUST00040,Sai Yadav,+91-9669601448,sai.yadav221 at hotmail.com,47,M,lucknow,Self Employed - Business,Self-Employed,1852115,1,yes,NO,N,0,353,"₹172,891",2881.52,Credit Card,-373353,0,47.1,6.5,Single,1,Owned,13.5,233167.0,1,No,24,,18 Sep 2025,Verified
CUST00041,Simran Verma,,simran.verma210@outlook.com,34,MALE,Jaipur,Salaried - IT/Tech,Salaried,,2,1,false,N,true,845,,16084.43,Car Loan,N/A,0,75.5,6.7,Married,0,Owned,5.8,,1,no,60,475593.0,02/08/2026,Verified
CUST00042,Swati Kapoor,99933810,swati.kapoor707@outlook.com,26,FEMALE,Hyderabad,Self Employed - Professional,Self-Employed,2127359,0,no,N,N,No,647,"₹47,136",2142.56,Credit Card,"287,640",1,55.4,3.1,Single,1,COMPANY PROVIDED,3.3,227103.0,0,false,18,,07/27/2026,Verified
CUST00043,Sunil Mishra,9630554118,,58,Female,Lucknow,Salaried - Healthcare,Salaried,933161,1,YES,No,false,false,357,,12315.7,Car Loan,1268344,1,10.4,12.5,Married,3,Rented,18.6,,0,NO,84,1559017.0,2026-04-13,Verified
CUST00044,Nisha Mishra,93021 20588,nisha.mishra330@rediffmail.com,51,  Male  ,Delhi,Business Owner,Self-Employed,"₹734,118",1,no,No,NO,Y,476,,302.47,Home Loan,5186137,1,62.9,5.6,Single,1,Rented,20.5,623165.0,0,false,360,6843600.0,2026-01-18,Verified
CUST00045,Rekha Pandey,9747145068,rekha.pandey895@yahoo.com,42,male,Chennai,Salaried - Healthcare,Salaried,1601206,0,N,NO,0,NO,386,49570.44,1376.96,Car Loan,568002,2,83.8,11.1,Single,2,Rented,9.1,,0,false,36,635223.0,01-05-2026,Verified
CUST00046,KRISHNA SINGH,91828 55381,,53,MALE,Lucknow,Self Employed - Business,Self-Employed,"₹1,880,077",2,1,YES,0,No,469,-813527.74,58109.12,Home Loan,,2,27.6,6.8,Married,2,Owned,16.2,756468.0,0,No,240,6011944.0,2026/06/14,PENDING
CUST00047,Neha Chauhan,94025500,neha.chauhan797@hotmail.com,53,Female,KOLKATA,Self Employed - Professional,Self-Employed,"880,485",1,No,Y,N,N,405,"375,827",8351.71,Credit Card,,0,20.2,6.8,Married,3,  Owned  ,27.3,,2,Yes,36,,22-09-2025,Verified
CUST00048,Kavya Rao,9514642708,kavya.rao84@outlook.com,35,Male,lucknow,Salaried - Government,Salaried,1706309,1,no,Y,false,false,442,"₹776,890",18497.39,HOME LOAN,,0,12.5,4.0,Single,2,Rented,7.5,366076.0,0,false,300,8725363.0,2026-07-10,Verified
CUST00049,Ayaan Saxena,9636687537,ayaan.saxena612@rediffmail.com,22,Male,Chennai,  Salaried - IT/Tech  ,Salaried,,1,Yes,false,No,No,387,"₹659,703",18848.66,Credit Card,"₹295,806",1,79.7,7.7,Married,3,Owned,0.6,,1,false,12,,2026-02-18,Verified
CUST00050,Mahesh Mishra,92113082, mahesh.mishra791@rediffmail.com ,42,  Male  ,Delhi,Salaried - Healthcare,Salaried,-1719970,1,N,1,No,No,790,,32597.0,Credit Card,,3,48.5,4.5,Married,0,Owned,19.6,,3,N,24,,13-09-2025,Verified
CUST00051,Aryan Iyer,9483298103,aryan.iyer883@gmail.com,62,FEMALE,Jaipur,Salaried - Government,Salaried,1843584,1,yes,N,No,No,647,,25048.48,Home Loan,4581529,5,54.3,12.1,Single,0,Rented,24.7,,0,false,240,5619813.0,06/30/2026,VERIFIED
CUST00052,Rohan Tiwari,95766 42996, rohan.tiwari360@hotmail.com ,23,female,indore,Salaried - IT/Tech,Salaried,"540,577",1,YES,0,false,N,463,,14715.89,Home Loan,,0,27.4,9.7,Married,3,  Owned  ,0.6,,0,false,120,2317806.0,2026-05-24,Verified
CUST00053,Ananya Mishra,+91-9399240862,ananya.mishra256@gmail.com,,M,chandigarh,Freelancer,Self-Employed,1923142,1,NO,1,No,NO,519,1149690.96,38323.03,Home Loan,,0,86.0,6.9,Single,1,Owned,0.8,,0,no,120,4093240.0,2026-01-21,Verified
CUST00054,Rekha Patel,,rekha.patel727 at yahoo.com,44,male,Hyderabad,Self Employed - Professional,Self-Employed,882491,1,1,No,no,false,778,"425,535",9053.93,Personal Loan,691674,4,11.2,6.1,Single,1,Owned,9.6,,0,NO,12,,2026/04/13,Verified
CUST00055,Divya Shah,+91-9237798236, divya.shah900@rediffmail.com ,61,male,Chennai,Salaried - Education,Salaried,2409163,3,0,Yes,YES,YES,468,234122.88,4107.42,Personal Loan,412831,5,54.3,4.4,Married,0,Company Provided,8.5,,1,0,24,,2026/06/25,Pending
CUST00056,Ishaan Patel,, ishaan.patel640@rediffmail.com ,42,Male,Mumbai,Salaried - Government,Salaried,"₹490,680",0,N,false,N,NO,885,"₹20,441",393.1,credit card,281115,4,56.8,9.7,Married,0,Rented,8.7,,1,false,36,,04/30/2026,verified
CUST00057,Diya Bansal,9254263081,diya.bansal321@outlook.com,,F,Chennai,Salaried - Healthcare,Salaried,2459983,0,false,false,0,No,553,-34655.66,2310.38,Car Loan,"₹1,105,620",4,44.7,14.4,Single,3,company provided,15.9,269507.0,3,no,48,1270882.0,,Pending
CUST00058,Sneha Kapoor,,sneha.kapoor221@rediffmail.com,43,Male,New Delhi,Salaried - IT/Tech,Salaried,,0,NO,0,No,No,308,201265.79,5160.66,Personal Loan,"₹975,321",0,39.7,6.2,Married,0,Rented,8.2,439762.0,0,No,60,,,Verified
CUST00059,Krishna Kumar,95229 50895,krishna.kumar383@outlook.com,56,female,Chennai,Self Employed - Professional,Self-Employed,2435414,3,YES,true,Y,NO,785,"₹758,874",36136.86,personal loan,"393,897",5,35.3,6.0,Single,3,Rented,15.4,,0,NO,48,,03-09-2025,Verified
CUST00060,Ramesh Kumar,9547256709,,65,Male,Chandigarh,Salaried - IT/Tech,Salaried,,1,false,0,true,No,689,,2022.19,Personal Loan,83104,1,71.5,3.0,Married,1,Owned,6.4,,1,NO,12,,2026-08-22,Verified
CUST00061,Dhruv Bhatt,9449019278-XX,dhruv.bhatt679@hotmail.com,54,FEMALE,Lucknow,Self Employed - Business,Self-Employed,2227968,0,NO,No,false,NO,570,"135,923",5663.46,Personal Loan,,1,26.4,14.6,Married,1,Owned,21.2,411602.0,3,NO,36,,2026-01-20,Verified
CUST00062,Ramesh Bhatt,9507693523-XX,RAMESH.BHATT918@HOTMAIL.COM,43,F,Surat,Salaried - Private,Salaried,,1,No,Yes,no,NO,790,"₹193,411",4204.59,Car Loan,"1,478,637",2,18.0,9.3,Married,0,Rented,11.8,,0,N,84,1692272.0,09 Aug 2026,Verified
CUST00063,Aarav Bhatt,9269587940,aarav.bhatt417@hotmail.com,51,M,Surat,Salaried - Healthcare,Salaried,"₹1,497,118",1,No,no,yes,0,847,"663,541",47395.75,personal loan,"488,184",4,21.7,13.8,Divorced,1,Rented,28.1,,2,N,12,,25-01-2026,Verified
CUST00064,Reyansh Khanna,,reyansh.khanna292@hotmail.com,62,F,Chennai,Freelancer,Self-Employed,,1,1,N,false,false,563,"₹975,722",81310.14,Car Loan,"918,710",1,76.9,2.8,Single,3,Rented,15.6,651942.0,0,N,48,1136596.0,08/29/2025,Verified
CUST00065,Rahul Kapoor,+91-9909340042, rahul.kapoor274@outlook.com ,40,male,Jaipur,Salaried - Healthcare,Salaried,,2,YES,YES,NO,no,814,"715,107",12545.73,Car Loan,"546,238",1,94.4,5.6,Married,4,Rented,8.8,,0,N,60,656289.0,08/01/2026,Verified
CUST00066,Anil Rao,, anil.rao773@rediffmail.com ,26,Female,Kochi,SALARIED - HEALTHCARE,Salaried,627586,1,0,true,N,0,507,N/A,10269.13,Personal Loan,-394056,4,47.0,10.3,Single,1,Rented,2.4,248958.0,0,false,60,,19-04-2026,Verified
CUST00067,Manish Yadav,91233 75849,manish.yadav406@outlook.com,21,Male,Bengaluru,Salaried - Private,Salaried,N/A,2,YES,YES,No,no,370,,29261.72,Credit Card,N/A,0,78.1,11.5,Divorced,2,Owned,0.3,,0,0,36,,06-03-2026,Verified
CUST00068,Mahesh Bhatia,9679069250,mahesh.bhatia137@outlook.com,28,MALE,Coimbatore,Salaried - Education,Salaried,,3,false,yes,Yes,Yes,605,"231,724",3995.24,Home Loan,5962182,0,26.8,7.0,Married,0,Rented,5.4,645148.0,1,Y,120,7215233.0,29-09-2025,Verified
CUST00069,Aditya Kapoor,,aditya.kapoor689@gmail.com,36,M,Nagpur,Business Owner,Self-Employed,N/A,2,yes,no,false,YES,596,,3107.62,CAR LOAN,972483,0,88.2,14.8,Married,1,Owned,8.5,,1,no,84,1104196.0,05/06/2026,Verified
CUST00070,Isha Mishra,9820848547-XX,isha.mishra391 at rediffmail.com,41,FEMALE,Indore,Self Employed - Business,Self-Employed,"₹1,557,823",1,true,No,false,no,607,801538.48,38168.5,Home Loan,"₹1,983,384",1,96.9,8.4,Married,0,Owned,13.0,,2,NO,180,2306446.0,07-03-2026,Verified
CUST00071,Simran Verma,91781 51583,simran.verma193@rediffmail.com,63,Male,Chandigarh,Self Employed - Professional,Self-Employed,"₹1,696,553",2,true,no,1,No,420,"₹760,272",12671.2,home loan,"3,535,019",2,71.9,6.1,Married,1,Owned,14.1,,0,N,300,4477105.0,04/23/2026,Verified
CUST00072,Ananya Khanna,09318106480,ananya.khanna380@outlook.com,47,Male,Ahmedabad,Self Employed - Business,Self-Employed,"₹368,031",1,true,No,NO,0,456,"₹43,323",1666.26,Home Loan,6279740,3,52.4,9.9,Single,1,rented,25.1,,0,0,240,7487437.0,01-06-2026,Verified
CUST00073,Seema Sethi,+91-9682115008,seema.sethi658 at gmail.com,54,Male,Bengaluru,Salaried - Private,Salaried,326775,2,YES,0,1,NO,309,"42,883",1045.93,CAR LOAN,426773,1,68.3,9.3,Married,1,Owned,16.7,547063.0,0,Y,24,490978.0,18-08-2026,Verified
CUST00074,Preeti Khanna,92924863,preeti.khanna110 at gmail.com,54,M,Ahmedabad,Self Employed - Professional,Self-Employed,"₹1,358,718",1,N,yes,0,0,715,"₹374,189",13858.86,PERSONAL LOAN,,2,85.5,9.9,SINGLE,2,Owned,11.6,,0,false,24,,2025/10/07,Verified
CUST00075,Saanvi Mishra,9942217648-XX,saanvi.mishra340@rediffmail.com,27,male,Ahmedabad,Self Employed - Professional,Self-Employed,"₹2,294,392",1,yes,No,NO,No,856,"₹775,748",55410.54,personal loan,"₹941,737",0,96.3,8.9,Single,2,Owned,0.7,330354.0,2,N,60,,02/11/2026,Verified
CUST00076,Vinod Singh,+91-9948790854,vinod.singh706@gmail.com,53,FEMALE,Delhi,Salaried - Government,Salaried,,2,YES,YES,NO,no,706,"1,240,188",38755.87,Credit Card,"₹352,463",0,99.3,7.5,Married,3,Owned,20.5,,0,No,18,,2026-08-26,Verified
CUST00077,Vikram Singh,9508021882,"vikram.singh729@yahoo,com",45,female,Kanpur,SALARIED - GOVERNMENT,Salaried,683864,1,YES,No,no,N,435,,918.45,Home Loan,,1,43.8,0.6,Married,0,Rented,8.0,,0,No,120,8216672.0,2026/06/08,verified
CUST00078,rahul agarwal,09659531734,rahul.agarwal174 at hotmail.com,,male,Jaipur,Salaried - IT/Tech,Salaried,-1425779,2,true,Yes,0,no,795,,19129.88,Car Loan,817136,2,52.1,9.3,Married,0,Owned,4.1,,0,No,60,912698.0,2026-07-25,pending
CUST00079,KRISHNA IYER,9444311586,krishna.iyer618@yahoo.com,51,female,Kolkata,Salaried - Education,Salaried,"1,638,560",1,yes,No,NO,0,548,320390.49,11047.95,Home Loan,"₹4,561,972",0,58.6,9.0,Married,2,Rented,28.6,,1,N,240,6194339.0,2025-09-30,Verified
CUST00080,Kiran Rathi,95393 12437,kiran.rathi690@hotmail.com,29,M,Ahmedabad,Salaried - IT/Tech,Salaried,"₹946,523",1,false,no,Y,N,790,330664.41,7188.36,Home Loan,"₹6,060,426",0,97.0,10.6,Single,2,Company Provided,1.1,648520.0,0,N,360,8459761.0,07-08-2026,Verified
CUST00081,Anil Mehta,9954946593,anil.mehta441@gmail.com,,male,Jaipur,Self Employed - Professional,Self-Employed,2441931,0,no,0,N,NO,683,95512.27,1736.59,Personal Loan,"411,724",10,50.9,4.6,Single,0,Rented,0.3,,0,N,24,,05/19/2026,Verified
CUST00082,Pooja Kumar,9570477095,pooja.kumar740@hotmail.com,41,Male,Surat,Salaried - Private,Salaried,"₹782,702",2,yes,N,YES,N,549,,5155.78,personal loan,"397,067",1,96.1,3.6,Married,0,rented,8.8,610580.0,0,No,48,,2025/08/28,Verified
CUST00083,Dhruv Nair,9907803348,dhruv.nair721@gmail.com,57,male,Coimbatore,Self Employed - Business,Self-Employed,,1,Y,NO,NO,no,840,"₹1,063,038",33219.92,Home Loan,6628026,0,15.9,5.4,Married,0,Rented,24.1,,1,no,240,7817527.0,2026-01-29,  Verified  
CUST00084,KAVYA TIWARI,92517 82582,kavya.tiwari524 at hotmail.com,47,F,Nagpur,Salaried - Education,Salaried,"₹1,079,107",1,yes,no,no,false,477,359286.03,8355.49,Car Loan,,0,85.0,9.4,Single,4,Rented,5.3,,1,false,60,705307.0,26 Mar 2026,Verified
CUST00085,Tanya Joshi,+91-9279587066, tanya.joshi85@rediffmail.com ,22,M,Surat,Salaried - Private,Salaried,,2,1,1,NO,N,807,"479,191",25220.56,CREDIT CARD,,3,83.2,5.6,Single,0,Rented,0.7,,0,NO,18,,01/25/2026,Verified
CUST00086,Aditya Kapoor,93821 95698,aditya.kapoor357@gmail.com,49,Male,Ahmedabad,Self Employed - Professional,Self-Employed,"1,770,652",0,NO,N,No,NO,511,"144,048",9603.19,Car Loan,N/A,0,56.2,5.0,single,1,Owned,24.1,,1,No,60,1747332.0,01/14/2026,Verified
CUST00087,Krishna Tiwari,92424 75723,,41,M,Nagpur,Business Owner,Self-Employed,"896,311",1,false,Y,0,No,395,-216647.75,3672.0,Car Loan,"1,073,998",1,51.4,8.8,Single,3,OWNED,19.5,,1,0,72,1213127.0,2026-04-02,Verified
CUST00088,Anjali Nair,9446673808,anjali.nair849 at outlook.com,42,Male,Chandigarh,Salaried - Healthcare,Salaried,,2,1,0,N,yes,461,133191.48,11099.29,Home Loan,"₹3,197,168",10,91.4,13.3,Married,3,Rented,2.2,,0,false,180,3718136.0,2026/07/12,Verified
CUST00089,Deepak Chauhan,09351410032,deepak.chauhan440@gmail.com,27,male,Pune,Business Owner,Self-Employed,"₹626,898",3,Yes,yes,0,yes,651,,7880.68,Personal Loan,"₹550,905",0,41.4,11.0,Married,1,Rented,1.1,,1,NO,24,,09/30/2025,Verified
CUST00090,Aarav Bansal,97979538,aarav.bansal169@hotmail.com,,F,Chennai,Salaried - Education,Salaried,2155492,2,no,yes,yes,NO,693,-454639.36,11657.42,Car Loan,,0,66.2,3.9,SINGLE,2,Owned,20.7,785303.0,2,0,72,683362.0,2026/03/14,Verified
CUST00091,Vihaan Rathi,99523 12670,vihaan.rathi978@yahoo.com,52,female,Hyderabad,Self Employed - Professional,Self-Employed,,2,NO,YES,N,YES,669,,67113.7,Home Loan,6267920,0,56.9,2.8,Married,4,Owned,17.7,311807.0,2,yes,300,8001957.0,13 Jul 2026,Verified
CUST00092,Sunil Malhotra,9554810443-XX,sunil.malhotra719@hotmail.com,26,male,  Jaipur  ,Salaried - Government,Salaried,,2,Y,NO,false,true,634,375065.44,7212.8,Credit Card,,2,74.3,12.7,MARRIED,0,Owned,2.4,,0,0,18,,2025/10/26,Verified
CUST00093,Krishna Tiwari,09112187618,,43,M,Kolkata,Salaried - Healthcare,Salaried,"832,385",1,no,0,no,Y,330,167314.89,4290.13,Car Loan,,0,72.7,8.7,Married,1,Owned,11.1,,0,N,24,1718676.0,08/06/2026,Verified
CUST00094,Karan Yadav,96463 46564,karan.yadav3@gmail.com,21,male,delhi,Business Owner,Self-Employed,,2,1,Yes,NO,N,866,880195.94,15442.03,Home Loan,N/A,0,44.5,10.9,Married,0,Owned,0.3,,2,N,360,4720997.0,03/19/2026,Verified
CUST00095,Neha Bhatia,+91-9403124688, neha.bhatia793@outlook.com ,41,Male,Coimbatore,Business Owner,Self-Employed,333425,2,YES,yes,0,NO,548,"92,811",1894.1,Home Loan,"7,981,149",3,74.6,8.3,SINGLE,0,Company Provided,0.8,,1,NO,120,11075820.0,2025/08/26,Verified
CUST00096,MEERA BHATIA,09892510222,meera.bhatia745@outlook.com,27,male,Kochi,Self Employed - Professional,Self-Employed,"2,060,835",2,Yes,Yes,NO,NO,395,"54,283",2087.8,Home Loan,N/A,4,48.6,11.3,Married,2,Rented,2.5,,0,No,180,8922791.0,01/06/2026,Verified
CUST00097,Rita Rathi,95219297,rita.rathi718 at outlook.com,41,F,Jaipur,Self Employed - Professional,Self-Employed,,2,0,Y,0,YES,408,60482.86,1475.19,Car Loan,,0,39.0,11.6,Married,1,Rented,2.1,,0,No,72,1219440.0,02/09/2026,Verified
CUST00098,Sanjay Rao,+91-9481975879,sanjay.rao406 at rediffmail.com,24,  Female  ,Jaipur,Self Employed - Business,Self-Employed,"₹430,367",0,no,no,false,false,396,,994.24,Credit Card,,0,79.2,3.5,Married,1,Rented,2.8,589589.0,2,NO,12,,2025-12-05,Verified
CUST00099,Tanya Rathi,+91-9238288872,tanya.rathi95@outlook.com,28,Male,bhopal,Salaried - Private,Salaried,N/A,0,no,No,NO,No,691,,2984.15,Car Loan,-750292,4,31.1,6.8,Married,2,Rented,4.6,,2,0,24,829789.0,2025/11/04,Verified
CUST00100,Suresh Sethi,9955984774,suresh.sethi539@yahoo.com,61,Male,Nagpur,Salaried - Healthcare,Salaried,2311942,1,true,N,N,NO,697,375138.97,28856.84,Car Loan,,0,82.0,4.4,Single,1,Owned,17.6,269719.0,0,false,72,921248.0,23 Sep 2025,Verified
CUST00101,Karan Agarwal,9956191734,karan.agarwal398@outlook.com,32,male,Ahmedabad,Salaried - Healthcare,Salaried,-1804845,1,No,yes,false,0,877,153883.57,6411.82,Home Loan,,0,51.6,1.5,Married,0,Rented,0.3,,0,0,180,8343941.0,02/07/2026,Verified
CUST00102,Ishaan Agarwal,,ishaan.agarwal940@yahoo.com,28,FEMALE,BENGALURU,Salaried - Healthcare,Salaried,"1,959,248",0,false,No,N,0,747,,3607.94,Car Loan,665329,2,58.4,13.4,Single,1,Rented,5.8,,1,No,36,795578.0,08/20/2026,Pending
CUST00103,Priya Bhatia,9927672827,,23,M,Lucknow,Self Employed - Professional,Self-Employed,"₹736,669",1,No,Y,N,NO,627,,4365.09,Car Loan,1236650,0,24.9,10.5,Married,2,Rented,0.4,,0,0,60,1420436.0,03/07/2026,Verified
CUST00104,Meera Kumar,+91-9989924715,meera.kumar491@rediffmail.com,,Male,KOLKATA,Business Owner,Self-Employed,"609,159",2,0,YES,Y,NO,407,-27119.91,1232.72,Home Loan,2849764,2,57.0,13.5,Married,2,Rented,14.6,856832.0,0,Yes,180,3315384.0,11-02-2026,Verified
CUST00105,Aryan Malhotra,+91-9848609261,aryan.malhotra568@rediffmail.com,37,F,Surat,Self Employed - Professional,Self-Employed,702300,2,YES,no,No,true,669,"₹1,608",94.58,Car Loan,N/A,0,7.4,2.7,Married,0,Rented,5.1,,0,No,24,1540512.0,12-03-2026,Verified
CUST00106,Manju Chopra,9496642020,manju.chopra192@hotmail.com,23,FEMALE,Bhopal,Business Owner,Self-Employed,,3,Yes,Yes,Yes,no,399,"72,240",2124.71,Home Loan,7845620,1,57.6,12.6,Single,1,Rented,1.8,,2,NO,120,9796834.0,26-08-2026,Verified
CUST00107,Nisha Sethi,96549 28450,nisha.sethi820@rediffmail.com,64,male,Hyderabad,Business Owner,Self-Employed,1025106,2,false,Yes,yes,NO,,260402.49,4734.59,Home Loan,N/A,10,64.6,12.5,Married,3,Company Provided,2.3,,0,0,240,4087842.0,2025/09/01,Verified
CUST00108,Swati Agarwal,96610966,SWATI.AGARWAL801@HOTMAIL.COM,28,Female,Chennai,Self Employed - Business,Self-Employed,720286,1,no,false,true,No,848,"₹380,370",10009.73,Car Loan,,2,59.3,7.2,Married,1,Rented,4.9,,0,no,84,1210889.0,26 Apr 2026,  Pending  
CUST00109,Lata Shah,9121724902,lata.shah346 at outlook.com,40,FEMALE,Chandigarh,Salaried - Government,Salaried,"₹1,256,122",1,YES,false,N,No,575,"₹549,277",10985.53,Credit Card,N/A,0,91.8,6.2,Married,2,Owned,1.4,,0,N,36,,,Verified
CUST00110,Divya Sethi,09710607239,divya.sethi30@yahoo.com,33,Male,Delhi,Self Employed - Professional,Self-Employed,"438,710",1,Yes,0,no,N,775,132962.4,2556.97,CREDIT CARD,"₹377,131",0,40.4,9.0,  Married  ,3,Rented,4.4,820869.0,1,NO,24,,09-09-2025,Verified
CUST00111,Rohan Bhatia,9714457408, rohan.bhatia799@yahoo.com ,35,M,Pune,Salaried - IT/Tech,Salaried,2017597,1,YES,N,No,NO,785,"1,103,442",20819.67,Personal Loan,"680,343",3,26.3,9.2,Single,2,Rented,4.1,,2,NO,24,,2026/04/21,Verified
CUST00112,Divya Saxena,,,27,male,kochi,Salaried - Healthcare,Salaried,1485632,3,Yes,Yes,1,NO,632,-767915.69,27425.56,Car Loan,N/A,0,77.7,13.5,Single,3,Rented,4.1,,1,NO,48,765831.0,2026-03-28,verified
CUST00113,Vinod Verma,97260 16935,vinod.verma726@rediffmail.com,33,Female,AHMEDABAD,Freelancer,Self-Employed,2295378,0,no,No,0,0,871,"₹41,578",2309.86,Home Loan,2573273,2,73.9,8.5,Single,3,RENTED,8.0,317496.0,2,NO,240,3198374.0,,Verified
CUST00114,Rekha Kumar,9605234798,rekha.kumar55@rediffmail.com,58,male,Chandigarh,Self Employed - Professional,Self-Employed,2399154,1,Yes,NO,no,NO,454,197736.25,8239.01,Car Loan,N/A,8,89.8,14.8,Married,3,Owned,2.7,889980.0,0,0,60,1279400.0,2025-11-20,VERIFIED
CUST00115,Rohan Joshi,,,29,F,Indore,Salaried - Education,Salaried,"₹2,099,463",1,NO,0,true,No,682,N/A,37399.39,Personal Loan,,2,64.5,3.9,Single,1,Owned,3.3,,0,no,36,,2026/01/21,Verified
CUST00116,Divya Bansal,96627670, divya.bansal346@hotmail.com ,64,M,Lucknow,Business Owner,Self-Employed,,1,NO,true,NO,NO,319,N/A,4269.39,Personal Loan,"₹271,449",2,61.0,2.7,Married,2,Owned,26.3,551050.0,0,Y,12,,2026/07/26,Verified
CUST00117,Vihaan Tiwari,92243 28383,vihaan.tiwari427 at hotmail.com,45,Male,Coimbatore,Salaried - IT/Tech,Salaried,"2,289,762",2,No,true,NO,Yes,730,"₹909,033",16833.94,Car Loan,"₹587,652",0,90.4,7.8,Single,1,Rented,12.1,,1,false,36,659101.0,23-03-2026,Verified
CUST00118,Aditya Bhatt,,aditya.bhatt933 at yahoo.com,65,M,Lucknow,Self Employed - Professional,Self-Employed,311484,3,true,YES,Y,No,805,27873.67,1639.63,credit card,N/A,2,91.0,9.7,Married,4,Owned,1.8,,2,no,24,,2026-08-07,Verified
CUST00119,Vinod Kumar,92020 03827,vinod.kumar872@gmail.com,21,Male,kolkata,Salaried - Healthcare,Salaried,,0,N,No,No,No,681,146659.18,6376.49,Credit Card,"₹230,122",0,48.4,12.6,Single,1,Owned,0.3,,0,0,12,,15-11-2025,Verified
CUST00120,Seema Agarwal,9618268171,seema.agarwal822@rediffmail.com,64,Female,Kolkata,Salaried - Education,Salaried,"₹1,804,072",0,0,0,NO,No,433,N/A,2026.77,Credit Card,485354,0,9.4,4.1,Married,2,Rented,23.1,,1,yes,24,,2026-05-18,VERIFIED
CUST00121,DEEPAK BANSAL,9202265468,deepak.bansal444@yahoo.com,51,  Female  ,Nagpur,Self Employed - Business,Self-Employed,,1,true,No,no,no,807,275882.62,17242.66,Home Loan,"₹4,189,671",0,97.2,0.9,Married,2,Owned,7.3,,2,N,300,5286389.0,25-10-2025,Pending
CUST00122,Vinod Mishra,9119079456,vinod.mishra106@hotmail.com,47,Male,  Coimbatore  ,Freelancer,Self-Employed,"₹300,711",0,NO,false,no,No,820,"₹16,910",319.06,Home Loan,-4359292,0,10.2,3.5,Married,2,Rented,12.5,,1,No,180,5015580.0,2026-02-23,Verified
CUST00123,Preeti Iyer,09688078280,preeti.iyer535@outlook.com,65,Male,DELHI,Self Employed - Business,Self-Employed,2365368,2,1,no,No,1,500,266165.49,7193.66,Personal Loan,529247,3,23.1,5.2,Single,0,Rented,20.3,818816.0,0,no,60,,2025-11-02,Pending
CUST00124,Aarav Desai,9890503688,aarav.desai50@rediffmail.com,,M,kochi,Self Employed - Business,Self-Employed,"1,028,342",1,false,true,false,no,629,311038.57,8639.96,HOME LOAN,6608609,5,77.4,4.2,Divorced,4,  Rented  ,3.9,,1,No,240,8992788.0,2026/06/02,Verified
CUST00125,Sanjay Yadav,,SANJAY.YADAV648@YAHOO.COM,33,MALE,Surat,Salaried - Healthcare,Salaried,-856465,0,0,0,N,0,630,"60,839",1013.99,Car Loan,"₹1,479,187",1,59.2,10.1,Married,2,Rented,3.6,,2,No,24,1665822.0,,Verified
CUST00126,Aryan Nair,+91-9905505027, aryan.nair805@yahoo.com ,39,M,CHENNAI,salaried - private,Salaried,"₹1,537,909",1,YES,false,no,false,875,"₹798,028",13525.91,Home Loan,"3,493,095",1,80.7,10.5,Single,0,Owned,7.7,,1,yes,120,4028381.0,2026-01-01,Verified
CUST00127,Usha Chauhan,9575736188,usha.chauhan850@yahoo.com,61,F,Coimbatore,Self Employed - Professional,Self-Employed,,2,true,Y,no,false,477,490263.32,25803.33,Home Loan,-1840864,0,57.9,2.1,Married,1,Owned,21.4,265278.0,0,no,360,2505020.0,,Verified
CUST00128,Nisha Bhatt,94844 91474,nisha.bhatt75@outlook.com,54,MALE,Kolkata,Freelancer,Self-Employed,-585952,1,NO,Y,false,0,657,77766.87,3110.67,Car Loan,"₹994,296",0,25.8,11.3,Married,4,Rented,29.4,651704.0,0,YES,72,1226684.0,2025/12/28,Pending
CUST00129,Ramesh Sethi,+91-9444603491,ramesh.sethi391 at gmail.com,45,  Female  ,Coimbatore,Salaried - IT/Tech,Salaried,"403,623",0,false,false,N,NO,756,19648.56,654.95,Personal Loan,,1,95.1,2.7,Divorced,2,Owned,1.9,,1,N,48,,10/18/2025,Verified
CUST00130,Sunita Tiwari,9896045379,sunita.tiwari794 at hotmail.com,62,male,Chennai,Salaried - Private,Salaried,,3,No,YES,yes,1,557,-745420.8,15529.6,Personal Loan,321212,0,47.9,6.2,Married,1,Owned,0.5,,0,N,12,,2026/08/19,VERIFIED
CUST00131,Isha Khanna,96399 17068,isha.khanna109@outlook.com,64,FEMALE,Bengaluru,Salaried - IT/Tech,Salaried,"₹2,135,746",3,Y,false,yes,yes,525,174765.7,4723.4,Car Loan,"602,148",0,89.3,14.5,Single,2,Company Provided,0.6,,0,NO,72,704110.0,05/28/2026,Verified
CUST00132,Sai Iyer,9325542573,,34,Female,Kochi,Self Employed - Business,Self-Employed,"₹975,091",2,yes,no,false,Y,880,N/A,8310.22,Home Loan,6907921,1,32.6,1.2,Married,2,Rented,4.5,641605.0,0,No,180,8492919.0,2026-04-13,Verified
CUST00133,Mahesh Iyer,98445949,mahesh.iyer599@yahoo.com,57,Female,Lucknow,Salaried - Education,Salaried,,3,Yes,Y,1,N,746,,4777.83,Personal Loan,N/A,2,88.4,7.1,Married,1,Rented,5.5,,2,no,24,,2026-05-28,Verified
CUST00134,ashok sethi,09772826911,,22,F,Nagpur,Self Employed - Professional,Self-Employed,"₹453,747",0,NO,N,NO,no,452,16598.91,638.42,Car Loan,"580,769",1,53.5,6.1,Married,2,rented,0.9,,0,no,60,628302.0,2026-06-11,Pending
CUST00135,Mahesh Bhatia,,mahesh.bhatia754@hotmail.com,43,F,Ahmedabad,Business Owner,Self-Employed,"1,272,029",2,true,0,true,N,669,,7224.38,Credit Card,40921,8,35.8,10.6,MARRIED,3,Rented,6.0,,0,No,24,,,Verified
CUST00136,Sunita Gupta,9654762561-XX,,35,female,Kanpur,Salaried - Healthcare,Salaried,,1,0,no,Yes,N,750,N/A,14544.61,Car Loan,"743,583",0,19.9,9.1,Single,2,Owned,4.8,656422.0,0,NO,84,904697.0,2025-09-06,Verified
CUST00137,KRISHNA AGARWAL,+91-9736028462,krishna.agarwal165@yahoo.com,61,  Male  ,Chennai,Salaried - Private,Salaried,"997,686",2,yes,Yes,N,false,877,,6580.83,Car Loan,479827,0,62.6,7.2,Married,0,Owned,4.5,,1,false,72,529203.0,2026/08/12,Verified
CUST00138,Neha Bansal,,"neha.bansal71@yahoo,com",45,FEMALE,Chennai,Salaried - Government,Salaried,"₹369,468",1,1,false,N,No,453,134230.17,5836.09,Home Loan,-6656881,1,88.4,8.1,Single,0,Rented,21.7,,0,true,300,8524210.0,2026-03-03,Verified
CUST00139,Deepak Desai,9560588284,deepak.desai235@hotmail.com,45,female,Hyderabad,Salaried - Education,Salaried,,2,Yes,no,NO,Yes,856,"₹211,241",8801.7,Credit Card,,2,5.7,7.9,MARRIED,1,Owned,19.4,,0,NO,24,,06-01-2026,Verified
CUST00140,  Saanvi Agarwal  ,,saanvi.agarwal627@outlook.com,64,FEMALE,Pune,Salaried - Education,Salaried,N/A,1,yes,N,N,N,891,,8422.65,Home Loan,,0,87.1,2.0,Married,2,Company Provided,3.3,,1,NO,360,10160008.0,,Verified
CUST00141,Meera Mishra,,,30,M,Indore,Salaried - Government,Salaried,,1,yes,NO,0,0,710,"209,524",4656.09,Car Loan,"420,508",5,82.9,9.7,Married,0,Rented,7.3,175207.0,1,No,36,493272.0,08/06/2026,Verified
CUST00142,RAHUL MISHRA,9100308454,rahul.mishra162@gmail.com,38,  Female  ,Kanpur,Salaried - Education,Salaried,2000584,1,N,No,No,YES,392,"659,704",11374.2,Car Loan,,6,31.3,9.2,Married,3,Rented,4.7,,0,No,48,1150089.0,10/24/2025,Verified
CUST00143,Amit Sethi,9677569362,amit.sethi833 at rediffmail.com,37,M,nagpur,Business Owner,Self-Employed,,0,no,0,No,N,900,113818.19,2709.96,Credit Card,,0,65.2,14.9,Single,0,  Owned  ,15.3,,0,No,18,,20-01-2026,Verified
CUST00144,Ramesh Yadav,,ramesh.yadav351@gmail.com,56,F,Chandigarh,Salaried - Healthcare,Salaried,,2,1,false,Y,No,494,,22240.96,Personal Loan,"821,153",0,30.2,3.6,Single,3,Owned,23.4,208866.0,3,0,12,,30-05-2026,Pending
CUST00145,Rekha Joshi,9498569245,rekha.joshi636@outlook.com,52,F,Chandigarh,Self Employed - Business,Self-Employed,2443849,3,1,YES,false,1,733,701365.22,15247.07,Credit Card,283441,0,86.7,11.7,Married,0,Rented,9.7,655577.0,0,No,24,,07/05/2026,Verified
CUST00146,Kabir Bhatt,93822 32003,kabir.bhatt243@outlook.com,51,Female,Kanpur,Self Employed - Business,Self-Employed,"₹2,391,993",1,yes,no,N,No,710,401323.13,17448.83,Personal Loan,N/A,2,82.3,10.9,Single,2,Rented,6.1,,1,N,12,,11/24/2025,Verified
CUST00147,Krishna Sethi,,"krishna.sethi530@rediffmail,com",41,female,Surat,Salaried - IT/Tech,Salaried,,2,YES,N,YES,No,787,"251,745",13985.85,Home Loan,7746100,0,39.3,8.5,Single,1,Owned,2.7,,3,No,360,10166496.0,05/28/2026,Verified
CUST00148,Sunil Iyer,9481295430,sunil.iyer333@rediffmail.com,52,Female,Bengaluru,Salaried - Education,Salaried,1501766,1,Yes,no,0,N,,,7452.58,Home Loan,"2,098,477",0,37.6,4.8,Single,2,Rented,12.0,,1,YES,360,2686541.0,13 Apr 2026,Verified
CUST00149,Kabir Bhatia,91248 04609,KABIR.BHATIA129@YAHOO.COM,63,FEMALE,Bengaluru,Self Employed - Professional,Self-Employed,"₹1,000,073",2,true,true,false,no,355,15820.1,427.57,Credit Card,"74,488",0,19.8,9.9,Single,1,Owned,8.7,,0,false,12,,12-09-2025,Verified
CUST00150,Usha Khanna,9449182252,usha.khanna885 at hotmail.com,50,F,coimbatore,Business Owner,Self-Employed,N/A,1,N,no,Yes,false,877,226200.06,4350.0,Car Loan,"₹1,028,064",1,26.6,1.5,Married,1,  Owned  ,0.6,,1,no,48,1175940.0,30 Aug 2025,Verified
CUST00151,Anjali Chauhan,96122468,anjali.chauhan307@gmail.com,48,Female,Ahmedabad,Salaried - Private,Salaried,"₹1,867,176",1,Yes,No,0,N,699,928091.25,35695.82,Car Loan,"₹466,114",0,27.8,11.5,single,3,Rented,7.9,,2,NO,24,506424.0,2026-01-21,Verified
CUST00152,Neha Bansal,95861 55117, neha.bansal279@rediffmail.com ,52,F,Lucknow,Salaried - Private,Salaried,"938,160",3,Y,No,1,yes,575,"70,384",1759.6,Credit Card,142059,0,6.4,3.4,married,2,Rented,11.3,,0,false,18,,2025/09/23,Verified
CUST00153,Priya Gupta,+91-9683247918,priya.gupta482@yahoo.com,33,Female,Nagpur,Salaried - Private,Salaried,N/A,0,NO,0,NO,NO,553,59860.95,4275.78,Personal Loan,,2,13.9,10.1,Married,1,Company Provided,11.3,696178.0,1,false,12,,02-01-2026,Verified
CUST00154,Manish Reddy,9487005172, manish.reddy909@gmail.com ,63,Male,Hyderabad,Self Employed - Professional,Self-Employed,2121005,3,YES,Yes,false,Yes,548,"11,364",811.73,Home Loan,7274772,1,40.3,1.5,married,0,rented,27.9,,1,0,180,9641488.0,19-10-2025,Verified
CUST00155,KARAN MEHTA,9699524216,KARAN.MEHTA808@OUTLOOK.COM,49,F,Mumbai,Salaried - Education,Salaried,"₹1,802,263",2,N,true,true,no,872,,5690.93,Home Loan,3091955,1,56.6,5.0,Married,3,Rented,24.1,548353.0,0,N,360,3839522.0,2025-08-26,Verified
CUST00156,Sneha Chopra,,,60,female,Ahmedabad,Salaried - Healthcare,Salaried,,0,NO,No,N,no,809,,2062.65,Car Loan,,0,35.6,1.6,Single,0,Company Provided,5.6,230291.0,0,N,84,1188704.0,28-07-2026,Verified
CUST00157,Swati Tiwari,9733830783,SWATI.TIWARI263@GMAIL.COM,44,male,Banglore,Salaried - Private,Salaried,N/A,0,false,N,No,No,362,"42,427",719.11,Home Loan,,3,10.5,9.3,Married,2,Rented,2.1,539614.0,0,0,300,5503056.0,22-05-2026,Verified
CUST00158,Nisha Mishra,+91-9292090149,nisha.mishra572@rediffmail.com,47,Male,kanpur,Business Owner,Self-Employed,"2,091,282",2,false,true,1,no,645,N/A,17935.89,HOME LOAN,4455508,4,57.3,15.0,Single,1,Rented,21.5,330542.0,0,false,360,6155448.0,,Verified
CUST00159,Tanya Kapoor,95263727,,39,male,Kochi,Self Employed - Business,Self-Employed,"1,566,015",2,true,false,true,false,582,N/A,19627.41,Personal Loan,N/A,0,38.8,2.2,Married,2,Owned,14.7,449849.0,2,N,36,,30-04-2026,Verified
CUST00160,Geeta Sethi,9840447097,geeta.sethi720@rediffmail.com,27,female,Delhi,salaried - education,Salaried,"₹629,158",0,No,N,0,0,744,"₹26,206",1379.25,Personal Loan,-833997,2,62.2,0.4,Single,1,Owned,0.5,,0,NO,24,,2025-11-12,Verified
CUST00161,ASHOK CHOPRA,95784767,"ashok.chopra771@rediffmail,com",57,Male,Ahmedabad,Salaried - Education,Salaried,1515438,1,no,Y,No,0,350,,17800.52,Credit Card,-228942,1,78.5,2.1,Married,2,Rented,19.7,611998.0,1,false,12,,2026-01-09,VERIFIED
CUST00162,Ananya Pandey,9718494872,ananya.pandey92@gmail.com,63,M,Indore,Salaried - Healthcare,Salaried,1760909,1,1,false,false,N,473,,20460.77,Home Loan,6727630,0,9.3,12.3,Married,1,Rented,25.6,190904.0,3,yes,240,7759873.0,16 Aug 2026,Verified
CUST00163,Manish Kapoor,96059 36741,manish.kapoor24@outlook.com,34,MALE,Pune,Freelancer,Self-Employed,-2494736,0,false,false,N,No,318,93953.42,1739.88,Credit Card,,0,32.0,11.9,SINGLE,0,Rented,0.4,,0,No,24,,2025-10-20,  Verified  
CUST00164,Usha Sethi,9797299908,usha.sethi396 at yahoo.com,45,F,Lucknow,Business Owner,Self-Employed,,1,1,NO,N,0,322,15961.03,354.69,Car Loan,,1,75.7,0.5,Single,1,Owned,23.9,,0,N,48,1225179.0,2025/09/10,Pending
CUST00165,Vikram Rao,92628954,vikram.rao350 at hotmail.com,63,M,Bengaluru,Salaried - Education,Salaried,"2,484,048",0,no,No,N,false,546,"₹142,311",3648.99,Car Loan,,0,17.5,9.9,Married,2,Owned,4.4,,2,YES,60,1237345.0,08 Nov 2025,VERIFIED
CUST00166,Nisha Khanna,9269702658,nisha.khanna326@gmail.com,56,F,Calcutta,SALARIED - HEALTHCARE,Salaried,,0,false,0,No,0,721,27615.78,468.06,Car Loan,N/A,3,15.1,2.9,Single,2,Owned,17.1,324137.0,1,N,84,746103.0,2025-11-02,Verified
CUST00167,Simran Joshi,9864524716,simran.joshi666@outlook.com,32,Female,Chandigarh,Business Owner,Self-Employed,"₹876,770",2,YES,YES,N,NO,576,,19225.5,Personal Loan,844586,0,21.8,14.3,Married,2,Rented,9.6,,0,0,60,,2026-03-08,Verified
CUST00168,Priya Bansal,98972 18787,priya.bansal586@rediffmail.com,55,F,Kochi,Salaried - Government,Salaried,"₹2,194,187",1,YES,N,0,No,850,520826.97,8827.58,Credit Card,-312395,0,77.7,14.4,Married,1,Rented,23.3,274865.0,0,yes,18,,20-04-2026,Verified
CUST00169,Tanya Gupta,,tanya.gupta513 at gmail.com,32,male,Nagpur,Salaried - Education,Salaried,1656693,2,Y,true,NO,no,506,877267.1,51603.95,Car Loan,"979,634",2,91.2,12.0,Single,0,Owned,5.1,,0,false,72,1148537.0,11/15/2025,Verified
CUST00170,Meera Verma,,,57,M,Kolkata,self employed - business,Self-Employed,,1,false,Y,0,N,756,,7911.74,Credit Card,491094,0,24.3,9.4,Married,1,Rented,16.4,812027.0,0,NO,36,,2026-04-15,Verified
CUST00171,Sai Bansal,09744354734, sai.bansal7@yahoo.com ,56,Female,Coimbatore,Self Employed - Professional,Self-Employed,"₹505,180",3,Yes,Y,No,YES,333,"₹202,172",4043.44,CAR LOAN,994390,5,9.7,6.4,Married,2,Rented,20.8,,1,0,60,1193136.0,02/26/2026,Pending
CUST00172,Sai Chauhan,,SAI.CHAUHAN331@OUTLOOK.COM,45,MALE,Indore,Freelancer,Self-Employed,572318,2,YES,YES,0,false,839,"₹142,081",5683.23,Personal Loan,"₹691,784",0,59.3,14.7,Married,0,Rented,14.6,,1,No,36,,2026-01-05,Verified
CUST00173,Swati Shah,+91-9239278422,swati.shah630@rediffmail.com,52,M,Chandigarh,Self Employed - Business,Self-Employed,,2,N,false,yes,YES,420,,22586.09,Home Loan,,0,38.2,12.1,Married,2,Rented,7.9,375213.0,0,N,120,6571917.0,2026/02/16,Verified
CUST00174,Nisha Bansal,91312 64549,,33,FEMALE,lucknow,Business Owner,Self-Employed,"2,290,199",0,No,0,0,no,849,205185.48,5004.52,Home Loan,"₹7,729,251",0,54.5,8.6,Single,2,Owned,7.1,837140.0,1,No,180,9430575.0,10-09-2025,Verified
CUST00175,Meera Mishra,9673671448,,57,FEMALE,Kolkata,Salaried - Government,Salaried,"1,593,025",1,NO,No,1,N,808,838296.33,23951.32,Home Loan,-4038633,0,33.7,1.9,Single,2,Company Provided,13.5,511997.0,0,no,300,5383943.0,21 May 2026,verified
CUST00176,Ananya Singh,9926224353,,54,MALE,Pune,Salaried - Private,Salaried,2226730,2,yes,No,Y,NO,345,,18358.56,Credit Card,194739,1,9.4,7.9,Single,1,Rented,9.6,,0,no,24,,25-05-2026,Verified
CUST00177,Tanya Pandey,9226326628,tanya.pandey280@yahoo.com,31,F,Hyderabad,Salaried - Private,Salaried,2456126,1,Yes,NO,no,NO,590,846012.02,38455.09,Credit Card,"183,251",1,37.2,6.8,Married,1,Rented,1.3,469849.0,0,N,36,,2026/07/07,Verified
CUST00178,Diya Saxena,93127 58864,DIYA.SAXENA731@REDIFFMAIL.COM,26,F,Chennai,Salaried - Government,Salaried,"₹2,264,091",1,yes,No,No,0,781,"₹314,746",12105.62,Personal Loan,,4,29.5,5.6,Married,3,Owned,4.3,515630.0,0,no,48,,04/19/2026,Verified
CUST00179,Nikhil Chauhan,9474322976,nikhil.chauhan619@rediffmail.com,29,Male,Nagpur,Salaried - Government,Salaried,,1,No,Yes,no,N,723,238593.81,8836.81,Personal Loan,-555806,0,37.4,12.2,Married,2,OWNED,6.4,,0,false,12,,2026/08/25,Verified
CUST00180,Anjali Kumar,9735830320,anjali.kumar611@hotmail.com,41,male,Bhopal,Self Employed - Business,Self-Employed,"1,591,995",2,0,YES,true,N,688,,5900.74,Credit Card,"₹67,465",0,18.2,8.8,Single,3,Rented,13.3,,0,no,36,,2025/12/04,Verified
CUST00181,Manju Mehta,+91-9421838360,"manju.mehta584@outlook,com",48,F,Bengaluru,Salaried - Private,Salaried,2440872,2,Yes,YES,false,false,862,-1417511.3,118125.94,Car Loan,,4,87.2,3.7,Single,1,Owned,10.5,,0,NO,60,571300.0,06-06-2026,Verified
CUST00182,Rita Shah,95480 03203,rita.shah158@outlook.com,63,male,Chennai,Salaried - Private,Salaried,600924,1,false,Y,false,false,439,"₹30,526",575.96,Home Loan,"₹5,325,445",4,71.1,14.0,Single,1,Owned,24.7,,0,No,120,6893707.0,,Verified
CUST00183,Vikram Malhotra,9686441554,vikram.malhotra591@outlook.com,23,male,Chandigarh,Salaried - Healthcare,Salaried,,1,0,no,true,0,839,,7619.25,CAR LOAN,1275042,1,54.7,9.2,MARRIED,2,Rented,1.4,,0,false,72,1352252.0,2026-02-17,Verified
CUST00184,Aarav Joshi,95875 16124,aarav.joshi525@hotmail.com,57,M,indore,Salaried - Healthcare,Salaried,,2,Y,YES,No,NO,877,-239980.17,4615.0,Home Loan,"₹6,349,798",0,9.9,14.9,Single,2,Owned,2.8,,2,NO,180,8279816.0,2026/01/13,Verified
CUST00185,aarav yadav,,aarav.yadav619@yahoo.com,58,Male,Bhopal,SALARIED - HEALTHCARE,Salaried,1035678,1,yes,no,No,0,333,-213048.08,12532.24,Personal Loan,,5,19.6,7.5,Divorced,2,Owned,13.4,,0,N,36,,2025-09-22,Verified
CUST00186,Anil Saxena,+91-9224548001,anil.saxena54@yahoo.com,50,female,CHANDIGARH,Salaried - IT/Tech,Salaried,,0,No,No,NO,false,699,,5192.47,home loan,"₹1,599,514",0,80.7,5.9,Married,2,Company Provided,3.1,,0,false,360,2206546.0,2026-01-12,Verified
CUST00187,Vikram Rathi,9205523897,vikram.rathi262@rediffmail.com,46,F,AHMEDABAD,Self Employed - Professional,Self-Employed,,2,Y,0,true,0,308,1237972.15,103164.35,Home Loan,"₹2,319,556",1,70.1,5.4,Single,1,Owned,15.6,595604.0,2,no,360,3037507.0,2026/08/23,Pending
CUST00188,Sai Bhatia,97492 76419,sai.bhatia134@hotmail.com,63,male,Hyderabad,Self Employed - Business,Self-Employed,N/A,2,Y,no,Y,false,583,,11231.82,Car Loan,839673,0,12.0,11.7,Married,1,Owned,28.7,480431.0,0,Y,72,947594.0,07/22/2026,Verified
CUST00189,Ishaan Bhatt,,ishaan.bhatt442@yahoo.com,60,F,Bhopal,Salaried - IT/Tech,Salaried,"733,217",2,true,Y,NO,No,319,N/A,18781.09,Credit Card,"₹39,836",2,30.3,10.6,Single,2,Rented,28.2,,0,false,12,,05/29/2026,VERIFIED
CUST00190,Meera Tiwari,+91-9978295746,meera.tiwari799@hotmail.com,28,F,Lucknow,Salaried - IT/Tech,Salaried,1980300,1,Yes,false,No,no,648,95597.14,2331.64,Car Loan,"₹725,974",0,8.7,5.9,Married,2,Rented,4.5,,0,false,84,789782.0,13-09-2025,Verified
CUST00191,Ashok Agarwal,93560714,,25,female,chandigarh,Freelancer,Self-Employed,N/A,1,N,YES,No,NO,343,"₹531,507",21260.27,Home Loan,"₹7,188,129",4,56.0,11.2,Married,0,Rented,2.1,830384.0,1,N,180,8292163.0,2026-07-15,Verified
CUST00192,Manish Saxena,+91-9952225776,manish.saxena100 at hotmail.com,60,Male,Bengaluru,Salaried - Government,Salaried,"778,904",2,YES,no,yes,NO,736,"157,655",2672.11,Home Loan,4219879,0,70.0,8.3,Married,4,Owned,1.7,197416.0,0,NO,180,5587432.0,2026-06-05,Verified
CUST00193,Rahul Khanna,9724902501,rahul.khanna42@yahoo.com,27,FEMALE,Kolkata,Salaried - Private,Salaried,"₹2,342,489",2,YES,YES,No,N,590,"₹584,998",13928.51,Personal Loan,"₹266,174",0,30.7,6.9,MARRIED,0,Rented,3.7,,1,No,36,,2026-02-20,Verified
CUST00194,Kritika Rao,93060 54135,kritika.rao121@rediffmail.com,27,Female,Coimbatore,Freelancer,Self-Employed,"₹1,219,710",3,Y,0,1,1,415,"582,982",10599.67,Home Loan,"₹5,673,456",0,68.7,0.8,Single,1,Owned,2.2,,1,false,120,7836264.0,24 Nov 2025,Verified
CUST00195,Vivaan Joshi,9652873657,vivaan.joshi119@gmail.com,36,Female,Lucknow,Salaried - Education,Salaried,"₹1,133,623",2,false,0,Y,Yes,533,66700.65,1130.52,Home Loan,,0,26.0,7.2,Married,3,owned,13.9,,0,NO,180,4155992.0,01/11/2026,Verified
CUST00196,Krishna Verma,9843255395,krishna.verma583@gmail.com,38,  Male  ,Hyderabad,Business Owner,Self-Employed,,2,true,0,Y,0,460,1053296.23,20255.7,Personal Loan,,8,86.2,1.5,Single,1,Company Provided,10.2,,0,false,24,,2025-12-30,Verified
CUST00197,Radhika Rao,+91-9735409949,RADHIKA.RAO969@YAHOO.COM,57,F,Indore,Salaried - Private,Salaried,"468,018",0,no,N,N,N,703,22430.67,400.55,Credit Card,257209,1,12.9,11.3,Single,1,Owned,10.9,899214.0,0,No,18,,08/21/2026,Verified
CUST00198,Nisha Yadav,9726700279,nisha.yadav25@hotmail.com,50,MALE,Nagpur,Self Employed - Business,Self-Employed,"1,853,656",1,N,no,Y,N,694,N/A,30111.27,Credit Card,"₹175,498",0,30.6,14.2,Married,2,Rented,2.6,,1,0,24,,09/21/2025,Verified
CUST00199,Kavya Kapoor,9764789481-XX,kavya.kapoor42@outlook.com,44,F,Coimbatore,Salaried - Government,Salaried,N/A,1,Y,0,NO,No,894,605589.28,10814.09,Personal Loan,N/A,2,26.4,5.4,Married,2,Owned,1.7,514670.0,0,0,60,,08-08-2026,Verified
CUST00200,Lata Iyer,95853 08092, lata.iyer636@outlook.com ,64,F,Pune,Business Owner,Self-Employed,"₹666,199",1,Yes,no,0,0,,65860.25,3466.33,Personal Loan,"₹570,438",0,24.4,14.3,Married,1,Rented,28.0,,0,no,12,,2026-01-22,Verified
CUST00201,Vivaan Bhatia,99611 29245, vivaan.bhatia238@rediffmail.com ,62,FEMALE,Indore,Salaried - Healthcare,Salaried,"₹1,668,628",1,Yes,0,0,no,768,"₹304,440",15222.01,Car Loan,660158,3,26.5,5.7,Married,3,Owned,8.7,,1,no,72,730827.0,2025/11/23,Verified
CUST00202,Deepak Sethi,98154 94270,deepak.sethi814@yahoo.com,31,Male,Hyderabad,Salaried - Private,Salaried,"₹1,628,025",0,NO,no,N,NO,335,-108353.74,3186.87,Personal Loan,"₹441,029",0,97.7,8.1,Married,0,Company Provided,7.8,,2,no,60,,12-05-2026,Verified
CUST00203,Sanjay Iyer,9608857707,,57,M,Bhopal,Salaried - Healthcare,Salaried,N/A,1,N,No,yes,No,615,"11,472",224.94,Personal Loan,"517,636",0,36.0,9.2,Married,2,Rented,23.1,212692.0,2,No,12,,2026/05/15,Verified
CUST00204,Anjali Mehta,09747650867,,24,M,Nagpur,Self Employed - Business,Self-Employed,"₹2,093,654",1,Yes,NO,N,no,756,"1,098,291",64605.36,Personal Loan,"813,209",4,75.4,6.4,Married,0,Rented,2.7,,0,No,60,,09-10-2025,Verified
CUST00205,manish joshi,,manish.joshi344@gmail.com,58,M,Bengaluru,Salaried - Private,Salaried,"2,017,402",2,No,Y,1,0,881,,45708.91,Personal Loan,245041,3,32.5,7.5,Single,1,Rented,15.0,,0,0,24,,2026-01-07,Verified
CUST00206,Rajesh Saxena,9783501986,rajesh.saxena484@gmail.com,62,F,Indore,Self Employed - Business,Self-Employed,"₹2,363,121",1,no,No,YES,No,804,1409837.45,88114.84,Car Loan,1307651,1,87.5,9.5,Married,2,Owned,15.5,,2,0,24,1411253.0,04/19/2026,Verified
CUST00207,Krishna Shah,9275351550,krishna.shah55 at outlook.com,44,female,Kanpur,Salaried - Private,Salaried,N/A,2,YES,0,1,no,487,,13908.89,Personal Loan,,0,35.0,12.7,Single,1,Rented,8.5,,0,0,24,,2026-05-18,Verified
CUST00208,Sunil Joshi,9542375728-XX,SUNIL.JOSHI349@YAHOO.COM,27,Male,chennai,Freelancer,Self-Employed,1227417,0,0,0,no,0,838,-103848.04,1821.9,Credit Card,-238809,1,12.3,12.3,Single,1,Owned,2.4,,2,false,24,,2025/11/22,Verified
CUST00209,Vivaan Yadav,+91-9974642290,vivaan.yadav122@yahoo.com,29,M,Ahmedabad,Salaried - IT/Tech,Salaried,,1,Y,N,No,no,414,38513.07,916.98,home loan,1856657,0,8.1,10.0,Married,1,Company Provided,0.6,157704.0,0,false,360,2230495.0,2025-12-06,VERIFIED
CUST00210,Isha Sharma,9197473548,ISHA.SHARMA150@OUTLOOK.COM,58,M,Kanpur,Self Employed - Business,Self-Employed,N/A,1,N,false,no,1,892,1098985.31,24421.9,Personal Loan,"800,582",0,31.8,13.5,Married,4,Owned,6.7,,1,N,60,,,Verified
CUST00211,Reyansh Patel,+91-9996297562,reyansh.patel364 at hotmail.com,48,Male,Kochi,Self Employed - Professional,Self-Employed,"2,009,505",3,YES,0,YES,Y,439,597806.86,17080.2,Car Loan,,2,12.8,7.5,Married,1,Rented,18.6,,0,N,60,1597251.0,2025-09-30,  Verified  
CUST00212,Preeti Joshi,9829211472-XX,preeti.joshi377@yahoo.com,21,female,HYDERABAD,Salaried - Education,Salaried,2137349,2,YES,no,true,No,404,950819.57,43219.07,Credit Card,"₹210,688",8,37.2,9.0,Divorced,0,Rented,0.3,,0,false,24,,07/21/2026,Pending
CUST00213,Isha Joshi,9815838988-XX,isha.joshi618@hotmail.com,,FEMALE,Chennai,Business Owner,Self-Employed,753138,2,true,0,true,false,,,3000.6,Credit Card,281166,2,97.3,5.9,Single,0,Rented,3.2,713707.0,1,N,18,,2026/01/23,Verified
CUST00214,Anjali Desai,,anjali.desai556@outlook.com,55,M,Delhi,Salaried - Education,Salaried,799684,1,true,no,no,false,333,N/A,1571.55,Car Loan,"644,235",1,17.8,10.8,Married,0,Rented,19.9,,1,0,36,741732.0,14-03-2026,Verified
CUST00215,Radhika Chopra,97624339, radhika.chopra693@outlook.com ,39,Female,Delhi,Salaried - Private,Salaried,"₹489,240",1,Yes,No,No,No,649,N/A,2864.49,Car Loan,,0,10.4,3.8,Married,1,Owned,12.5,,0,0,72,1170371.0,2026/04/18,Verified
CUST00216,Saanvi Agarwal,9652719151,SAANVI.AGARWAL924@HOTMAIL.COM,38,M,Chandigarh,salaried - private,Salaried,"₹1,627,557",1,YES,no,N,No,402,674652.29,26986.09,Car Loan,"₹1,341,721",1,77.7,5.2,Single,1,Owned,8.6,,1,NO,72,1466254.0,08-01-2026,Verified
CUST00217,Nisha Chopra,+91-9963935915, nisha.chopra232@rediffmail.com ,26,male,Lucknow,Salaried - IT/Tech,Salaried,582149,0,false,0,no,No,378,"37,929",1223.52,Car Loan,1207879,2,34.8,6.3,Married,2,Rented,2.9,,1,N,36,1407624.0,12/13/2025,VERIFIED
CUST00218,Geeta Yadav,,geeta.yadav275@rediffmail.com,60,F,New Delhi,FREELANCER,Self-Employed,"₹1,141,578",3,Yes,yes,Y,0,607,578178.66,15215.23,Car Loan,"₹435,114",1,85.4,4.2,Married,0,Rented,7.3,262472.0,0,no,48,497262.0,2026/06/08,Pending
CUST00219,Saanvi Mishra,09139732456,saanvi.mishra207 at yahoo.com,38,M,Mumbai,Salaried - IT/Tech,Salaried,"1,465,060",1,no,YES,N,0,797,"687,612",45840.77,credit card,,1,87.4,13.5,Married,1,Rented,1.8,,1,0,12,,2026-06-14,Verified
CUST00220,Rita Kumar,+91-9660447662,rita.kumar681 at rediffmail.com,54,F,Chandigarh,Salaried - Government,Salaried,"1,298,566",0,NO,No,no,no,699,,1773.62,Personal Loan,"493,410",0,15.1,3.4,Married,1,Rented,2.0,,1,false,60,,2026-03-30,Verified
CUST00221,Rahul Nair,99421 06991,rahul.nair960@yahoo.com,44,FEMALE,kanpur,Salaried - IT/Tech,Salaried,388391,1,0,no,true,0,355,"₹160,953",2980.61,Personal Loan,315271,1,34.4,14.4,married,3,Owned,20.0,,0,Yes,48,,03 Jan 2026,Verified
CUST00222,Rita Saxena,99124 66001,"rita.saxena242@outlook,com",,  Male  ,bhopal,Salaried - Healthcare,Salaried,2004098,2,0,1,yes,0,803,"566,468",14907.05,Car Loan,1185765,4,82.9,12.4,Single,2,Owned,7.9,,1,No,24,1425758.0,,Verified
CUST00223,Rajesh Kapoor,9949350526,rajesh.kapoor657@yahoo.com,21,F,Pune,Salaried - IT/Tech,Salaried,-1615844,2,false,Y,YES,0,433,"₹821,134",14929.7,Home Loan,"4,179,314",1,88.0,2.2,Married,2,Owned,0.3,213299.0,0,No,300,5793320.0,06/14/2026,Verified
CUST00224,VIVAAN KHANNA,96997 17002,vivaan.khanna663@rediffmail.com,61,M,BENGALURU,Business Owner,Self-Employed,"₹1,131,588",2,Yes,NO,Yes,false,566,,2895.27,Personal Loan,644797,0,73.3,6.6,Single,1,Rented,3.8,,0,No,36,,2026-01-20,Verified
CUST00225,Meera Singh,95631140,MEERA.SINGH877@YAHOO.COM,59,MALE,Surat,self employed - professional,Self-Employed,"₹2,054,607",2,Y,false,YES,N,541,"₹761,454",28202.0,Car Loan,-1260839,0,49.5,13.1,Divorced,1,Owned,11.7,,1,0,72,1338696.0,02/12/2026,Pending
CUST00226,Pooja Khanna,09480428530,pooja.khanna621@rediffmail.com,23,Male,Jaipur,freelancer,Self-Employed,"₹1,897,768",1,yes,NO,no,NO,,"₹46,827",2035.97,Car Loan,"₹656,235",1,93.4,13.2,Married,1,Rented,0.5,183122.0,0,NO,48,787196.0,2026/04/03,Verified
CUST00227,Manju Nair,,"manju.nair850@outlook,com",54,female,Indore,Self Employed - Business,Self-Employed,-1623482,0,0,no,0,no,750,8640.53,411.45,Credit Card,140513,0,49.7,2.6,Married,0,Rented,15.0,,3,N,36,,05/05/2026,Verified
CUST00228,Ashok Bhatia,92589 71462,"ashok.bhatia127@outlook,com",26,MALE,surat,Self Employed - Business,Self-Employed,,0,0,no,N,NO,517,"58,698",4891.49,Personal Loan,"₹486,646",5,28.4,7.6,Married,1,Owned,4.9,430169.0,2,0,36,,2025/11/12,Verified
CUST00229,Neha Saxena,9859894230, neha.saxena676@hotmail.com ,50,FEMALE,Mumbai,Salaried - Healthcare,Salaried,483907,0,NO,No,no,N,882,-6257.89,417.19,Car Loan,"977,738",3,75.7,8.3,Single,0,Owned,7.2,,0,false,36,1058488.0,2026/03/20,Verified
CUST00230,Anil Mishra,,anil.mishra124@outlook.com,52,M,Surat,Self Employed - Business,Self-Employed,"1,805,940",0,N,false,No,false,697,86042.15,1792.54,Home Loan,2256839,2,82.0,9.3,Married,1,Owned,10.4,,0,NO,180,3120457.0,05/22/2026,Verified
CUST00231,Divya Gupta,94121399,divya.gupta480@hotmail.com,26,F,Surat,Self Employed - Business,Self-Employed,"₹835,989",1,no,false,YES,0,882,23940.19,1496.26,Credit Card,"289,177",0,45.4,1.6,Single,2,Owned,1.5,527583.0,0,N,18,,27 Nov 2025,Verified
CUST00232,Aditya Gupta,95469 46709,aditya.gupta898@outlook.com,41,M,Bhopal,Salaried - IT/Tech,Salaried,"1,731,660",1,No,No,YES,false,565,,50311.41,Home Loan,,0,42.5,0.4,Single,1,OWNED,13.3,,1,NO,360,7419601.0,05 Aug 2026,Pending
CUST00233,RAMESH CHOPRA,+91-9963976413, ramesh.chopra310@gmail.com ,29,F,Mumbai,Self Employed - Professional,Self-Employed,-769395,2,no,0,1,Yes,792,"299,428",5649.59,Personal Loan,506957,3,86.5,8.2,Married,2,Owned,3.5,826812.0,1,No,48,,04/24/2026,Verified
CUST00234,Tanya Agarwal,09360521605, tanya.agarwal207@outlook.com ,57,female,New Delhi,Salaried - Healthcare,Salaried,-333027,1,true,false,NO,no,807,"₹147,280",2945.6,Car Loan,-377630,1,51.2,8.9,Single,2,Rented,14.8,,0,No,48,438297.0,2026/01/10,Verified
CUST00235,Riya Sethi,+91-9608242781, riya.sethi120@hotmail.com ,60,Female,Bhopal,Salaried - Education,Salaried,"₹387,270",1,1,0,No,NO,819,,928.19,Car Loan,"₹1,282,447",0,32.9,10.7,Divorced,3,Rented,22.1,,1,0,72,1399716.0,2026/08/14,Verified
CUST00236,Mahesh Joshi,9238616374,mahesh.joshi178@yahoo.com,31,FEMALE,Hyderabad,Salaried - Education,Salaried,2370833,4,Yes,yes,Yes,1,567,"₹507,895",23086.13,Personal Loan,"918,167",4,52.8,12.1,Married,0,Owned,5.8,,3,No,12,,07-06-2026,Verified
CUST00237,Ishaan Bhatia,9841027438-XX,,59,MALE,Delhi,Business Owner,Self-Employed,2217365,0,NO,false,false,0,404,N/A,13044.6,Credit Card,"₹107,580",1,87.7,13.7,Married,1,Owned,15.3,,0,false,24,,11/04/2025,Verified
CUST00238,Aryan Kapoor,+91-9546407987,aryan.kapoor788 at gmail.com,36,M,LUCKNOW,Salaried - IT/Tech,Salaried,"₹2,418,218",2,Yes,true,no,N,551,219977.38,3666.29,Home Loan,"3,414,129",0,45.7,13.8,Single,4,RENTED,10.3,,0,NO,360,4731678.0,08-10-2025,Verified
CUST00239,Priya Chauhan,92764 42282,priya.chauhan445@gmail.com,46,male,Chennai,Salaried - Private,Salaried,"2,480,108",0,No,no,no,No,611,N/A,5592.26,Car Loan,N/A,3,90.5,9.2,Married,1,Rented,22.2,,1,N,48,388603.0,24-07-2026,Verified
CUST00240,Aryan Sethi,, aryan.sethi87@gmail.com ,55,F,Nagpur,Self Employed - Business,Self-Employed,2483008,2,No,Yes,true,no,833,-507589.72,9761.34,personal loan,"₹74,559",0,80.7,9.0,Married,2,Rented,29.6,194959.0,0,No,36,,28-10-2025,VERIFIED
CUST00241,Suresh Kumar,9581827565,suresh.kumar306@rediffmail.com,21,FEMALE,Lucknow,Self Employed - Professional,Self-Employed,N/A,2,true,1,false,no,443,,12199.09,Personal Loan,"160,338",0,60.3,12.4,Married,0,Rented,0.3,,0,no,24,,2026-04-26,Verified
CUST00242,arjun shah,9826732562,arjun.shah539 at hotmail.com,58,Female,Jaipur,Business Owner,Self-Employed,2075961,0,NO,NO,No,0,726,"171,020",8143.82,Personal Loan,558312,2,17.3,10.6,Single,0,Owned,14.4,,3,no,12,,30-06-2026,Verified
CUST00243,Ayaan Kumar,94968 39906,ayaan.kumar586@outlook.com,23,male,Hyderabad,Salaried - Healthcare,Salaried,1578946,0,NO,No,no,N,,,3256.75,Credit Card,,0,31.9,2.9,SINGLE,0,Rented,0.4,510882.0,0,No,24,,03/07/2026,Verified
CUST00244,Ashok Saxena,9750375849-XX, ashok.saxena136@yahoo.com ,53,Female,Bhopal,BUSINESS OWNER,Self-Employed,"924,878",0,0,false,No,0,719,35814.52,967.96,Car Loan,"₹1,434,547",0,68.7,6.8,Married,0,owned,1.0,,1,NO,84,1541788.0,06/08/2026,Verified
CUST00245,Swati Bhatt,09719393966,swati.bhatt776@gmail.com,57,male,Chandigarh,Freelancer,Self-Employed,"378,282",3,1,NO,1,1,510,55672.52,976.71,Home Loan,"₹2,210,078",3,62.7,6.1,Married,3,Owned,13.3,,2,No,240,2591883.0,15-10-2025,Verified
CUST00246,Nikhil Singh,92961392,nikhil.singh262 at gmail.com,30,F,Indore,Self Employed - Business,Self-Employed,547102,2,N,NO,true,Y,699,-32413.89,1543.52,Home Loan,"4,219,735",0,94.4,13.5,Married,0,Rented,2.4,,0,yes,240,4916658.0,04/20/2026,Verified
CUST00247,Arjun Joshi,+91-9131038055,arjun.joshi418@yahoo.com,22,Female,Coimbatore,Salaried - Government,Salaried,1333124,1,0,no,Y,N,756,67116.15,1290.7,Personal Loan,870910,6,40.5,14.8,Single,2,Owned,0.9,,0,NO,60,,2026-01-21,Verified
CUST00248,Rohan Sharma,09164612445,rohan.sharma956@hotmail.com,38,Female,  Nagpur  ,Salaried - Healthcare,Salaried,"1,192,355",1,No,false,1,No,876,50032.57,2943.09,Home Loan,"₹7,358,849",0,18.3,8.4,MARRIED,1,Rented,16.3,661576.0,0,no,300,8964942.0,07/31/2026,Pending
CUST00249,Diya Reddy,95937057,diya.reddy983@rediffmail.com,42,MALE,Chennai,Salaried - Private,Salaried,-2298707,3,Y,Yes,yes,NO,800,,22861.1,Credit Card,,4,66.9,8.2,Single,3,Owned,2.9,,0,0,36,,24-11-2025,Verified
CUST00250,Preeti Tiwari,+91-9109053121,preeti.tiwari128@hotmail.com,44,Male,  Bhopal  ,Salaried - Private,Salaried,1229125,0,false,NO,0,no,496,11058.01,216.82,Car Loan,"₹763,780",0,51.9,5.6,Married,3,Rented,5.0,765843.0,0,N,72,878397.0,21-11-2025,Verified
CUST00251,Mahesh Yadav,9707423317, mahesh.yadav689@rediffmail.com ,57,F,Bengaluru,Self Employed - Business,Self-Employed,N/A,1,Y,No,false,false,580,65939.68,1198.9,Credit Card,"₹383,324",2,63.4,10.3,Single,0,Owned,20.3,,2,NO,36,,2026-01-13,Verified
CUST00252,Divya Kapoor,9632119301,divya.kapoor371@rediffmail.com,23,M,Delhi,SALARIED - IT/TECH,Salaried,,1,Y,0,no,No,885,-999188.96,16935.41,Personal Loan,,0,12.1,3.9,Married,1,RENTED,0.5,,2,no,36,,01/01/2026,Verified
CUST00253,Pooja Rao,,"pooja.rao853@gmail,com",42,F,Bengaluru,Business Owner,Self-Employed,701272,2,false,NO,yes,1,334,"158,794",2835.61,Credit Card,,0,92.3,6.7,Married,2,Owned,14.3,,0,no,12,,2026-07-08,Verified
CUST00254,Karan Bhatia,9743789670-XX,KARAN.BHATIA807@REDIFFMAIL.COM,21,Female,Nagpur,Business Owner,Self-Employed,2095605,0,No,NO,0,no,326,"₹95,157",2883.53,Personal Loan,N/A,0,61.5,1.2,Single,0,Rented,0.3,,0,0,60,,04/10/2026,Verified
CUST00255,Krishna Rathi,91473 20653,krishna.rathi62@yahoo.com,40,Female,Kochi,salaried - healthcare,Salaried,-1605218,1,No,NO,true,false,651,280332.65,23361.05,Personal Loan,110101,0,82.8,8.5,Married,1,Company Provided,12.3,201303.0,0,No,48,,,Verified
CUST00256,rekha agarwal,9707841924,rekha.agarwal987@outlook.com,60,FEMALE,Indore,Salaried - Healthcare,Salaried,"980,651",1,1,NO,NO,N,303,375844.53,6711.51,PERSONAL LOAN,539199,1,27.7,11.1,Divorced,1,Rented,6.4,892409.0,0,false,12,,06-06-2026,Verified
CUST00257,Nikhil Kapoor,9308739111,nikhil.kapoor647 at rediffmail.com,44,Male,Mumbai,Self Employed - Professional,Self-Employed,1129738,3,Yes,Y,N,YES,867,166725.1,6946.88,Credit Card,-112315,3,91.5,0.5,Single,1,Rented,2.8,,0,NO,24,,2026-07-30,VERIFIED
CUST00258,Divya Rathi,,divya.rathi903@hotmail.com,25,F,Chennai,Self Employed - Business,Self-Employed,"₹1,095,412",1,true,N,false,N,550,"₹605,334",10088.89,personal loan,945940,1,80.0,5.0,Married,2,Rented,3.5,,2,0,12,,23-04-2026,verified
CUST00259,Swati Gupta,9279780397-XX,swati.gupta521@hotmail.com,62,M,Chandigarh,Freelancer,Self-Employed,"2,247,278",1,Y,no,NO,No,806,638799.77,13036.73,Home Loan,6852817,5,60.5,0.7,Married,0,Rented,12.1,816532.0,1,Yes,240,8316800.0,2025-10-08,verified
CUST00260,Sai Iyer,9577283948-XX,,35,male,Bhopal,Freelancer,Self-Employed,,1,yes,no,NO,no,624,,21558.3,Personal Loan,513143,0,66.3,5.5,Married,3,Rented,9.1,,2,N,12,,2026/02/26,Verified
CUST00261,Aryan Mehta,9311147379-XX, aryan.mehta692@outlook.com ,37,FEMALE,Jaipur,Self Employed - Professional,Self-Employed,"₹878,248",0,no,no,NO,0,308,67631.78,2254.39,Car Loan,-1146853,5,83.1,11.4,Married,2,Company Provided,15.2,,0,N,36,1313018.0,05/17/2026,Verified
CUST00262,Kritika Chauhan,9603303948,,42,male,Lucknow,Self Employed - Professional,Self-Employed,2098488,1,NO,no,Yes,no,871,-37903.82,1895.19,Personal Loan,"370,415",5,5.9,12.2,Single,1,Owned,14.5,,1,No,36,,22-06-2026,Verified
CUST00263,Kiran Verma,9249394788,kiran.verma158@outlook.com,57,female,Nagpur,Self Employed - Professional,Self-Employed,"1,938,446",1,YES,no,NO,no,762,,23974.32,Credit Card,"109,875",0,57.5,0.7,Single,1,Owned,2.4,,0,N,12,,04/15/2026,Verified
CUST00264,DIVYA SHARMA,9284496457-XX,divya.sharma335@hotmail.com,46,male,Hyderabad,Self Employed - Business,Self-Employed,2054952,2,true,YES,NO,N,433,"₹1,073,239",34620.6,Home Loan,,2,20.1,8.7,married,0,Rented,11.6,893314.0,0,no,360,10075858.0,22 May 2026,Verified
CUST00265,Nisha Sethi,9627162809,nisha.sethi472 at hotmail.com,57,M,bengaluru ,Salaried - IT/Tech,Salaried,2213888,1,1,N,No,NO,479,-551328.19,23970.79,Home Loan,-5340540,0,67.6,10.5,married,2,Owned,26.6,811917.0,0,NO,120,7073604.0,15-12-2025,Verified
CUST00266,Riya Chauhan,9693590140, riya.chauhan125@outlook.com ,25,male,Kochi,Salaried - Healthcare,Salaried,N/A,2,true,yes,N,N,374,774332.03,14078.76,Home Loan,4697364,0,42.9,3.1,Married,1,Rented,0.8,,0,no,120,6046011.0,12/28/2025,Verified
CUST00267,tanya singh,9605504475-XX,tanya.singh841@outlook.com,31,MALE,Mumbai,Salaried - Government,Salaried,"1,043,384",2,true,0,false,Yes,311,"424,062",20193.45,Home Loan,4503851,0,72.9,13.4,Married,1,Owned,6.5,,1,N,120,5619250.0,30-01-2026,Verified
CUST00268,simran sharma,09152253317,SIMRAN.SHARMA791@HOTMAIL.COM,33,F,Kanpur,Self Employed - Professional,Self-Employed,1138800,1,YES,false,false,false,496,"₹464,603",29037.67,Personal Loan,975143,0,84.4,10.0,Single,0,Rented,9.8,620090.0,1,Yes,48,,04/02/2026,Verified
CUST00269,Dhruv Kumar,,"dhruv.kumar332@yahoo,com",21,F,Lucknow,Salaried - Private,Salaried,"₹1,932,367",2,1,Yes,no,NO,677,50943.7,2037.75,Home Loan,"₹4,029,452",2,52.5,14.9,Single,2,Company Provided,0.3,,0,N,240,5622512.0,08/17/2026,Verified
CUST00270,Rita Chauhan,9844876980,,32,female,Chandigarh,Salaried - Government,Salaried,"₹1,705,533",1,1,false,no,NO,538,"₹515,160",9037.89,Credit Card,"₹141,952",0,77.1,2.0,Married,1,Owned,1.1,524045.0,0,N,12,,,pending
CUST00271,Simran Kapoor,9893769688,simran.kapoor899 at outlook.com,29,FEMALE,Lucknow,Salaried - Private,Salaried,2484699,0,no,N,no,NO,534,"₹210,438",6376.9,Car Loan,,0,10.1,13.8,Divorced,3,Rented,2.0,,0,No,84,849410.0,2026/05/04,Verified
CUST00272,Aryan Verma,9781146329, aryan.verma145@yahoo.com ,29,Male,Kolkata,Freelancer,Self-Employed,"1,157,203",2,1,Y,NO,false,502,170056.74,7393.77,Personal Loan,367824,0,47.6,9.6,Married,2,Owned,7.8,,0,N,60,,04-07-2026,Verified
CUST00273,Anil Singh,09980042882,anil.singh977@hotmail.com,22,FEMALE,Indore,SALARIED - GOVERNMENT,Salaried,"1,559,262",1,no,yes,0,false,774,"₹286,138",9537.92,Home Loan,"₹6,215,589",1,11.8,2.2,MARRIED,0,Owned,0.3,,1,false,300,8609034.0,2026-03-05,Verified
CUST00274,Manish Mishra,97316 91986,manish.mishra73@hotmail.com,23,male,Nagpur,Self Employed - Business,Self-Employed,1114652,0,no,0,false,N,656,,1321.01,Car Loan,,2,93.0,11.1,Married,0,Rented,1.4,,1,No,48,493045.0,2026/08/09,Verified
CUST00275,Rahul Bansal,9720989768,rahul.bansal975 at yahoo.com,21,F,Bengaluru,salaried - education,Salaried,"₹1,967,935",1,N,N,yes,No,733,195798.05,5020.46,Car Loan,933800,1,55.7,13.3,Married,2,Rented,0.3,,2,no,72,1125545.0,02/18/2026,Verified
CUST00276,Vikram Yadav,93249 76345,vikram.yadav953@hotmail.com,65,Female,MUMBAI,Self Employed - Business,Self-Employed,"2,362,436",2,Y,true,false,false,595,"1,039,059",47229.96,Personal Loan,N/A,0,17.8,7.4,Married,0,rented,6.6,712437.0,2,N,48,,2026/04/08,Verified
CUST00277,Swati Kumar,97833 65422,swati.kumar171@gmail.com,39,male,Nagpur,Salaried - Government,Salaried,1460824,3,Y,yes,Y,NO,403,"₹8,332",287.33,Credit Card,N/A,1,98.8,1.6,Married,0,Rented,17.8,,3,N,24,,01-07-2026,Verified
CUST00278,Kavya Pandey,9468376600,kavya.pandey323@yahoo.com,44,Female,Nagpur,Salaried - Private,Salaried,"1,793,294",1,N,No,Yes,NO,711,N/A,39015.99,Credit Card,335573,0,55.4,14.3,Single,0,RENTED,15.9,,0,false,12,,07/18/2026,Pending
CUST00279,Geeta Mehta,,"geeta.mehta649@outlook,com",23,Female,Bhopal,Self Employed - Professional,Self-Employed,2332291,2,Y,0,Yes,no,787,N/A,24660.77,Credit Card,"404,973",0,62.7,10.7,Single,3,Rented,1.5,523444.0,0,false,36,,2025/11/20,Verified
CUST00280,Ayaan Joshi,9811506547,ayaan.joshi554@yahoo.com,36,MALE,KOLKATA,Salaried - Government,Salaried,"₹742,371",2,YES,0,1,No,692,"341,331",13128.13,Car Loan,N/A,6,68.7,10.0,Single,2,Rented,12.0,317855.0,1,Yes,24,1531114.0,03/07/2026,Verified
CUST00281,Vinod Yadav,9878492981, vinod.yadav391@rediffmail.com ,48,male,Ahmedabad,Salaried - IT/Tech,Salaried,785238,2,Yes,YES,N,no,492,-350821.29,18464.28,Car Loan,567213,4,95.6,8.7,Married,0,Rented,22.9,,0,NO,84,701521.0,2025-10-29,Verified
CUST00282,Simran Agarwal,+91-9338522684,simran.agarwal110@hotmail.com,21,  Female  ,Lucknow,Self Employed - Business,Self-Employed,,0,NO,N,No,N,449,N/A,2061.04,Credit Card,"₹333,985",0,52.7,10.4,Married,3,Rented,0.3,,0,NO,36,,25 Sep 2025,Pending
CUST00283,Diya Singh,9988934422,diya.singh734 at yahoo.com,35,Male,  Kolkata  ,Business Owner,Self-Employed,"1,943,361",2,YES,no,N,YES,322,638910.53,19360.93,Home Loan,"₹7,186,626",1,38.1,6.0,Married,2,Owned,12.9,,0,N,240,9616184.0,,Verified
CUST00284,Vihaan Bhatia,9861913813,,62,male,Chennai,Business Owner,Self-Employed,N/A,3,true,yes,YES,NO,309,,10520.43,Credit Card,-375633,3,86.6,5.8,Divorced,2,Owned,2.0,,0,Y,12,,2026/05/16,verified
CUST00285,Radhika Malhotra,,radhika.malhotra643@hotmail.com,36,male,Hyderabad,Self Employed - Professional,Self-Employed,,1,Y,No,No,NO,684,914097.56,16927.73,Credit Card,,1,82.7,5.9,Single,1,Owned,2.0,631057.0,2,no,36,,13 Jan 2026,Verified
CUST00286,Reyansh Rathi,+91-9736598991,"reyansh.rathi186@hotmail,com",51,female,surat,Self Employed - Business,Self-Employed,"717,086",1,1,no,false,N,715,"349,738",26902.9,Home Loan,N/A,3,79.4,8.0,married,3,Rented,24.6,,1,NO,120,7367685.0,2026-06-28,VERIFIED
CUST00287,Aarav Bhatt,+91-9580212641,aarav.bhatt820 at outlook.com,28,Male,Chennai,Self Employed - Professional,Self-Employed,-976164,3,yes,yes,false,Y,427,"₹296,450",8470.01,Personal Loan,493601,8,67.5,3.9,Married,3,Company Provided,2.3,,0,false,36,,2026/05/20,Verified
CUST00288,Isha Bansal,,isha.bansal523 at yahoo.com,65,male,Delhi,Self Employed - Professional,Self-Employed,,2,1,YES,0,0,865,58858.75,1731.14,Car Loan,,2,45.1,8.3,Married,2,Owned,13.8,,1,true,36,658976.0,2025/10/01,Verified
CUST00289,Vikram Mishra,09848186455,vikram.mishra662@yahoo.com,,M,INDORE,Self Employed - Business,Self-Employed,"1,626,911",1,false,0,yes,no,379,,5732.21,Credit Card,"₹378,602",1,11.3,9.7,Married,1,Owned,20.0,157397.0,0,yes,36,,2025-10-18,verified
,Ayaan Patel,9665298949,ayaan.patel746@outlook.com,58,F,Hyderabad,Freelancer,Self-Employed,,0,NO,no,false,no,349,30109.48,501.82,Home Loan,,0,75.4,14.5,MARRIED,2,Rented,14.5,157123.0,0,NO,180,3575487.0,06/12/2026,Verified
CUST00291,Vihaan Khanna,09878913009,vihaan.khanna655@outlook.com,36,Female,Bhopal,Self Employed - Business,Self-Employed,2141131,0,No,no,N,no,738,"₹111,466",1955.55,personal loan,370012,1,13.3,4.7,Single,3,Rented,1.4,220225.0,1,No,36,,06/05/2026,Pending
CUST00292,Preeti Bhatia,91114833,PREETI.BHATIA986@HOTMAIL.COM,64,F,Chandigarh,Business Owner,Self-Employed,2460114,1,false,No,no,yes,314,"₹909,681",15418.33,credit card,N/A,0,55.8,5.3,Divorced,2,Company Provided,30.0,,1,N,36,,2025-11-20,Verified
CUST00293,Manju Chauhan,96621 21467,manju.chauhan926@yahoo.com,32,M,Kanpur,Self Employed - Business,Self-Employed,2454548,3,YES,true,NO,YES,415,497721.36,9049.48,Personal Loan,922128,1,77.8,1.9,Married,1,Owned,8.2,,0,NO,60,,2025-09-13,Pending
CUST00294,Lata Bansal,+91-9624272120,lata.bansal59@outlook.com,21,  Female  ,Lucknow,Salaried - IT/Tech,Salaried,N/A,1,true,no,0,NO,309,108492.21,2523.07,Personal Loan,,1,90.4,6.3,Single,0,RENTED,0.3,503024.0,0,N,24,,05/27/2026,Verified
CUST00295,REYANSH KAPOOR,9804674903,reyansh.kapoor860@hotmail.com,31,MALE,Kanpur,Salaried - Education,Salaried,324369,2,Yes,false,1,NO,341,"₹26,017",684.66,Car Loan,"366,283",0,23.9,7.3,Single,1,Owned,5.6,,1,0,60,421362.0,2026/03/13,Verified
CUST00296,Reyansh Rathi,91227 12010,reyansh.rathi130@yahoo.com,43,M,Ahmedabad,Salaried - Private,Salaried,,2,Y,false,1,No,588,"505,865",8431.08,Home Loan,-3578254,1,74.3,3.0,Married,0,Owned,15.5,,0,N,120,4742211.0,2026/05/10,Verified
CUST00297,Aryan Bhatia,,ARYAN.BHATIA645@YAHOO.COM,35,M,Chennai,Salaried - Education,Salaried,460920,4,YES,yes,YES,yes,504,25148.38,1676.56,Home Loan,,1,71.5,14.7,Married,1,Owned,6.2,232541.0,0,1,300,5957719.0,19-09-2025,Verified
CUST00298,Aarav Verma,9809132123,aarav.verma763@outlook.com,34,M,Chandigarh,Salaried - IT/Tech,Salaried,722625,2,1,yes,no,No,414,"₹42,008",3500.66,  Personal Loan  ,397300,0,82.0,11.2,Married,2,Owned,3.8,,0,0,60,,26 Oct 2025,Verified
CUST00299,Seema Sethi,9802608498,seema.sethi838 at yahoo.com,33,female,Hyderabad,Salaried - Government,Salaried,1738218,1,Y,N,NO,N,457,45691.95,1903.83,Home Loan,6117892,2,89.7,11.4,Single,2,OWNED,4.6,,0,N,300,7676431.0,2026/05/10,Verified
CUST00300,Rohan Bansal,09394364860,ROHAN.BANSAL714@YAHOO.COM,39,F,New Delhi,Self Employed - Professional,Self-Employed,,2,Yes,NO,false,1,748,-886103.08,24613.97,Home Loan,4862564,1,24.7,0.3,Married,2,Owned,16.7,,0,no,240,5960786.0,,Verified
CUST00301,Vikram Bhatt,9227886302,vikram.bhatt176@yahoo.com,,Male,Surat,Salaried - Private,Salaried,N/A,2,0,yes,Y,NO,352,"₹355,129",13152.92,Personal Loan,610563,0,66.6,9.6,Divorced,1,company provided,1.8,250209.0,2,N,12,,2026-07-12,Verified
CUST00302,Geeta Shah,9335449670,geeta.shah749@outlook.com,32,female,Bombay,Freelancer,Self-Employed,"746,453",0,false,0,0,No,864,15388.8,384.72,Personal Loan,390014,0,60.3,12.2,Single,0,Owned,8.1,,2,NO,24,,2026-04-18,Verified
,Usha Patel,9302786799,usha.patel584 at hotmail.com,32,  Female  ,mumbai,Salaried - IT/Tech,Salaried,983330,0,No,NO,N,NO,446,N/A,262.4,Home Loan,N/A,8,14.5,8.0,SINGLE,3,Rented,4.3,769922.0,1,N,120,8176789.0,2025/10/07,Verified
CUST00304,Rajesh Bansal,91144921,"rajesh.bansal812@gmail,com",27,M,Bengaluru,Self Employed - Professional,Self-Employed,,2,YES,false,no,Yes,639,254005.25,9407.6,Credit Card,304964,2,64.6,2.0,Single,0,Owned,3.2,,0,YES,12,,2025-12-20,Verified
CUST00305,ISHAAN SHAH,+91-9803692376,ishaan.shah294@yahoo.com,64,female,Hyderabad,Business Owner,Self-Employed,,1,no,Yes,N,0,378,"₹373,549",19660.47,Car Loan,,4,62.4,2.8,Married,2,Rented,4.8,,0,NO,48,585401.0,11-01-2026,Verified
CUST00306,Mahesh Shah,,mahesh.shah831@gmail.com,21,male,Chennai,Salaried - Healthcare,Salaried,919835,1,yes,No,N,0,368,62455.34,1601.42,CAR LOAN,"603,390",0,99.5,2.9,Married,1,Owned,0.3,,0,no,48,650240.0,2026/07/26,Pending
CUST00307,Meera Malhotra,,meera.malhotra510@rediffmail.com,55,female,Coimbatore,Freelancer,Self-Employed,1265170,1,yes,NO,No,NO,524,,19767.39,Car Loan,"₹306,010",0,85.8,5.6,Married,0,Owned,27.4,,2,0,36,339347.0,07-11-2025,verified
CUST00308,Kritika Khanna,+91-9552127953,KRITIKA.KHANNA249@YAHOO.COM,35,Male,Chennai,Salaried - Government,Salaried,,2,YES,true,NO,false,408,357925.7,22370.36,Home Loan,,4,7.9,5.6,Married,0,Rented,11.4,286818.0,1,0,240,8216499.0,2026-02-14,verified
CUST00309,Suresh Tiwari,9114183509,suresh.tiwari294 at gmail.com,30,male,Delhi,Self Employed - Business,Self-Employed,2410974,1,true,N,NO,No,765,N/A,28629.76,Car Loan,"₹776,713",0,19.9,14.6,Married,4,Owned,2.1,,0,false,84,967161.0,01-07-2026,Verified
CUST00310,Geeta Tiwari,9602979426,geeta.tiwari489@outlook.com,62,Female,Nagpur,self employed - business,Self-Employed,"529,309",2,false,no,Yes,1,379,"₹115,189",3490.57,Credit Card,,0,56.4,1.2,Married,2,Owned,16.7,,0,NO,12,,2026/06/10,Pending
CUST00311,Pooja Verma,91515 92119,"pooja.verma323@gmail,com",40,Male,kanpur,Salaried - IT/Tech,Salaried,1969905,1,Yes,No,No,NO,432,"₹830,500",46138.91,  Car Loan  ,N/A,4,52.8,7.6,Single,0,  Rented  ,9.2,,0,No,84,1318746.0,07/12/2026,Verified
CUST00312,Sanjay Rao,9331549411,"sanjay.rao827@yahoo,com",31,F,Bhopal,Self Employed - Business,Self-Employed,1721955,2,Yes,no,NO,Yes,696,247042.64,4843.97,CREDIT CARD,99902,1,99.5,1.6,married,2,Owned,8.7,,2,false,36,,02/02/2026,Verified
CUST00313,Nikhil Patel,09173188220,,44,M,Bengaluru,Salaried - Government,Salaried,1051561,0,0,no,0,No,752,"₹68,382",3419.11,credit card,318180,1,39.5,4.4,Married,2,Rented,10.3,,1,0,12,,08/10/2026,verified
CUST00314,Tanya Nair,9832888487,tanya.nair44 at rediffmail.com,62,Male,Ahmedabad,FREELANCER,Self-Employed,333315,2,YES,YES,NO,N,374,44607.8,1088.0,credit card,"202,943",1,66.0,13.5,Married,0,Rented,27.5,,1,N,24,,28-09-2025,Verified
CUST00315,Simran Joshi,+91-9328315290,SIMRAN.JOSHI720@HOTMAIL.COM,28,FEMALE,Bhopal,Salaried - Private,Salaried,,2,0,yes,Y,N,689,"35,689",1019.68,Home Loan,"₹5,471,247",0,25.1,0.5,Single,1,Owned,1.5,355429.0,0,N,300,7483694.0,05/21/2026,Verified
CUST00316,  Lata Nair  ,09297652556,lata.nair851@gmail.com,26,FEMALE,Lucknow,Salaried - IT/Tech,Salaried,,1,YES,false,N,N,464,"₹573,619",14708.19,Car Loan,N/A,0,5.9,11.8,Married,0,rented,3.2,889776.0,3,NO,84,1790201.0,02-09-2025,Verified
CUST00317,Neha Khanna,9258362512-XX,neha.khanna512@outlook.com,28,  Female  ,JAIPUR,FREELANCER,Self-Employed,315421,0,NO,0,NO,No,892,,122.95,Personal Loan,490586,2,78.6,9.1,Married,0,Owned,4.9,,0,N,36,,30-01-2026,Verified
CUST00318,USHA KUMAR,+91-9850886071,usha.kumar512@hotmail.com,47,M,Kanpur,Salaried - Healthcare,Salaried,"₹2,086,140",3,Y,0,Yes,Y,738,467030.19,9936.81,Personal Loan,"619,128",0,32.1,10.0,Single,2,Rented,24.4,,0,false,12,,2025/10/10,Verified
CUST00319,Swati Khanna,09541608179,swati.khanna107@hotmail.com,,F,Bhopal,Freelancer,Self-Employed,"₹436,883",1,0,N,1,No,864,99892.38,4162.18,Home Loan,"₹2,543,883",0,80.4,7.1,single,2,Rented,12.1,,1,NO,240,3484870.0,01/08/2026,Verified
CUST00320,Lata Rathi,9545298475,lata.rathi690@yahoo.com,21,female,DELHI,Salaried - Private,Salaried,,1,Yes,0,NO,N,625,-82449.62,1717.7,Home Loan,"3,528,626",1,42.2,9.3,Married,0,Company Provided,0.3,,3,N,180,4413534.0,2026/02/04,Verified
CUST00321,Saanvi Rao,09206920983,saanvi.rao728@yahoo.com,53,MALE,Nagpur,Salaried - IT/Tech,Salaried,967117,2,N,yes,Y,NO,456,N/A,283.2,Credit Card,"319,784",0,75.5,2.1,married,2,Owned,7.4,,0,0,18,,07-03-2026,Verified
CUST00322,Mahesh Verma,9395241238,mahesh.verma85@yahoo.com,61,MALE,Hyderabad,Salaried - Government,Salaried,2225721,2,no,YES,true,No,484,N/A,2881.34,Car Loan,,0,51.6,0.5,Married,4,Owned,20.7,,0,1,36,799429.0,2025/08/31,Verified
CUST00323,Mahesh Agarwal,9777760231,mahesh.agarwal622 at gmail.com,28,Female,Kanpur,Business Owner,Self-Employed,,1,1,0,no,NO,330,,2294.11,Personal Loan,,4,15.9,3.4,Married,0,Rented,6.6,511181.0,3,No,60,,2026/07/25,Verified
CUST00324,Vinod Rathi,+91-9632363028,vinod.rathi447@rediffmail.com,46,male,Jaipur,Self Employed - Business,Self-Employed,,0,NO,no,N,NO,897,-89622.59,1829.03,CAR LOAN,,3,95.6,7.4,Single,1,Rented,20.5,,1,false,72,725464.0,2026-07-15,Verified
CUST00325,Tanya Patel,,tanya.patel982@rediffmail.com,37,FEMALE,Surat,Freelancer,Self-Employed,"1,777,457",2,Yes,yes,0,false,490,"₹381,525",23845.33,Personal Loan,738866,0,18.8,4.9,Married,2,Rented,3.7,,0,No,12,,03/11/2026,Verified
CUST00326,Dhruv Desai,9333499573,DHRUV.DESAI106@REDIFFMAIL.COM,38,male,Indore,Salaried - Education,Salaried,"₹1,632,879",2,N,1,true,NO,347,"970,185",25531.17,Credit Card,,1,62.1,8.9,Married,0,Owned,13.4,,0,0,18,,20-03-2026,Verified
CUST00327,Shreya Khanna,09666413507,,62,M,Bengaluru,Business Owner,Self-Employed,,0,0,N,no,No,654,"₹27,983",595.37,Car Loan,,1,42.4,10.5,Married,3,Company Provided,3.9,,1,N,24,1622891.0,05 Nov 2025,Verified
CUST00328,Ananya Bhatia,9838303704,ananya.bhatia742@hotmail.com,35,male,Bengaluru,Self Employed - Professional,Self-Employed,N/A,1,no,N,Yes,false,353,"287,816",20558.27,Credit Card,,5,12.1,5.1,Single,3,  Owned  ,2.6,495520.0,0,false,36,,2026/07/18,Verified
CUST00329,Ayaan Desai,9666494300,ayaan.desai247@rediffmail.com,51,F,Jaipur,Salaried - Healthcare,Salaried,,3,YES,Y,NO,yes,871,1165389.22,43162.56,Personal Loan,778723,0,97.3,1.1,MARRIED,0,Rented,5.9,306496.0,1,N,36,,2026/02/01,Verified
CUST00330,Suresh Singh,9641715005,SURESH.SINGH109@YAHOO.COM,35,M,Nagpur,Business Owner,Self-Employed,"2,453,624",2,Yes,No,Yes,0,614,1400765.99,29182.62,Credit Card,,1,15.2,1.8,Married,1,Owned,6.8,,0,N,12,,2026-02-23,Verified
CUST00331,Ishaan Chopra,09639222830,ISHAAN.CHOPRA442@REDIFFMAIL.COM,42,F,Bhopal,Salaried - IT/Tech,Salaried,,1,Yes,0,NO,No,601,,9147.81,Car Loan,"₹1,410,573",1,54.3,1.8,Married,0,Owned,2.7,,1,no,72,1509604.0,12/19/2025,Verified
CUST00332,Deepak Tiwari,95343 92347,deepak.tiwari402@hotmail.com,27,Male,Jaipur,Business Owner,Self-Employed,"1,162,790",2,YES,Y,no,No,594,N/A,28445.03,Personal Loan,577685,4,64.1,11.1,Single,2,Owned,4.2,399116.0,0,Yes,48,,2026-04-02,Verified
CUST00333,Kabir Nair,09182653501,kabir.nair175@gmail.com,59,FEMALE,chandigarh,Salaried - Private,Salaried,"2,348,109",2,NO,N,true,Y,597,1176908.44,26153.52,Personal Loan,"₹841,666",0,13.9,4.7,Single,1,Rented,29.7,514870.0,0,NO,36,,27-01-2026,Verified
CUST00334,Lata Desai,9931641272,,51,F,Jaipur,Freelancer,Self-Employed,386936,2,YES,0,YES,0,665,,4280.65,Home Loan,-4515032,0,13.5,13.8,Married,0,Owned,18.9,,2,YES,360,5389766.0,2026-08-08,Verified
CUST00335,Diya Chopra,97325 92673,,40,male,Delhi,Freelancer,Self-Employed,"1,739,797",1,false,Yes,no,No,655,,25088.62,HOME LOAN,,0,69.7,7.9,Married,2,Owned,9.4,371045.0,0,0,360,8561952.0,2026/05/03,verified
CUST00336,Saanvi Shah,98089415, saanvi.shah855@gmail.com ,24,female,Chennai,Salaried - Healthcare,Salaried,,0,false,no,0,N,388,"₹106,131",5053.85,Personal Loan,,1,12.7,3.4,Married,1,RENTED,2.0,,3,No,36,,01/27/2026,Verified
CUST00337,Kabir Agarwal,9567954159,kabir.agarwal696 at outlook.com,58,MALE,Pune,Salaried - IT/Tech,Salaried,,2,Y,yes,N,0,772,"₹284,638",7906.61,Home Loan,,0,47.0,4.8,Single,2,Rented,13.0,,0,false,360,2666740.0,2026/03/29,Verified
CUST00338,Krishna Bansal,09424688774,,58,  Female  ,Chennai,Freelancer,Self-Employed,,2,1,N,true,no,773,741446.84,16476.6,Home Loan,"₹1,955,889",0,30.7,14.8,Married,2,Rented,17.1,,2,0,360,2579042.0,22 Sep 2025,Verified
CUST00339,divya singh,9703495788,divya.singh759@hotmail.com,29,  Male  ,CHENNAI,Salaried - IT/Tech,Salaried,,0,NO,false,0,N,505,"18,399",1533.25,Personal Loan,683120,4,54.4,3.9,Married,0,Rented,3.3,,0,N,24,,2025/12/24,Verified
CUST00340,Shreya Nair,9982279119,shreya.nair628@hotmail.com,63,Male,Indore,Self Employed - Business,Self-Employed,,2,YES,0,0,true,859,"46,983",1118.64,Car Loan,"907,018",2,96.1,7.5,single,1,Rented,3.5,,0,no,60,974160.0,,Verified
CUST00341,Manish Verma,+91-9792680500,,49,F,Kanpur,Self Employed - Business,Self-Employed,,2,N,0,Yes,Y,812,1161824.81,26405.11,Personal Loan,-415779,4,54.9,7.8,Married,0,Rented,15.9,,2,0,36,,03/15/2026,Verified
CUST00342,Sunita Mishra,96194168,sunita.mishra386@hotmail.com,59,MALE,Kochi,Freelancer,Self-Employed,,1,Yes,N,false,false,713,,4326.37,Personal Loan,"₹292,959",0,15.1,14.0,Married,2,Company Provided,24.3,,0,1,24,,2026-03-10,  Verified  
CUST00343,Riya Khanna,+91-9169116659, riya.khanna64@rediffmail.com ,37,M,Delhi,Salaried - Government,Salaried,2151904,0,NO,0,N,No,628,,579.19,Home Loan,,8,59.5,3.2,Married,1,OWNED,3.5,760378.0,2,NO,360,3025991.0,08/03/2026,Verified
CUST00344,Aditya Rathi,09250927932,aditya.rathi915 at gmail.com,44,M,Coimbatore,Salaried - Government,Salaried,"₹1,729,046",1,Yes,NO,0,N,808,197253.27,7890.13,Home Loan,5701436,0,63.8,8.5,Married,0,Owned,8.8,208608.0,1,false,120,7267495.0,2025-09-21,Verified
CUST00345,Diya Sharma,,diya.sharma842@outlook.com,37,female,Kanpur,Salaried - Government,Salaried,,1,N,yes,0,no,812,180247.95,3534.27,Credit Card,,2,15.5,7.2,Single,1,Owned,5.6,400906.0,1,no,24,,07/31/2026,Verified
CUST00346,Vihaan Rao,9629950772-XX,,60,Male,Kanpur,Salaried - Government,Salaried,"2,045,837",1,false,NO,1,0,432,,23717.83,Credit Card,38664,1,26.4,5.4,Married,2,Rented,7.1,,0,no,18,,2026-05-26,Verified
CUST00347,Meera Pandey,98340046,meera.pandey756@gmail.com,56,female,Delhi,Salaried - Education,Salaried,"1,882,208",1,no,0,0,1,748,"₹133,252",2612.78,Car Loan,1037755,0,46.5,1.1,Married,2,Owned,22.5,,1,0,24,1270888.0,31 Dec 2025,Verified
CUST00348,arjun verma,9236060156,,39,F,Lucknow,Salaried - Healthcare,Salaried,1324435,1,No,YES,0,no,378,"60,695",1319.45,Personal Loan,"568,970",2,82.3,13.5,Single,1,OWNED,6.8,,2,NO,36,,2026/02/05,Verified
CUST00349,Sneha Kumar,9157979408,,60,Female,Jaipur,SALARIED - GOVERNMENT,Salaried,1153771,0,No,No,NO,false,866,,694.8,Personal Loan,,8,71.3,9.8,Married,0,Rented,1.3,438132.0,2,NO,36,,2026-07-04,Verified
CUST00350,Vivaan Bhatia,+91-9510800934,vivaan.bhatia394@hotmail.com,23,Male,Pune,Salaried - Education,Salaried,"1,073,542",1,NO,false,false,Y,656,603689.53,12073.79,Car Loan,"850,571",3,61.1,11.4,Married,3,  Owned  ,1.0,,1,false,24,987223.0,2026-08-08,Verified
CUST00351,Shreya Kapoor,9555089389,SHREYA.KAPOOR587@REDIFFMAIL.COM,54,F,Kolkata,Salaried - Education,Salaried,,2,N,0,Y,Yes,580,"₹115,995",4296.11,Car Loan,1007856,1,8.7,4.3,Married,1,Rented,23.2,380171.0,1,NO,36,1147708.0,2025/09/03,Verified
CUST00352,Neha Verma,9485176589,neha.verma492 at rediffmail.com,34,Female,Delhi,Salaried - Government,Salaried,1459497,0,0,N,0,no,564,-111794.09,3854.97,Car Loan,1337941,0,64.9,2.4,SINGLE,0,Owned,0.8,,2,No,24,1552923.0,20-12-2025,Verified
CUST00353,Sanjay Nair,93764 29550,sanjay.nair17@outlook.com,55,Male,Ahmedabad,Salaried - Healthcare,Salaried,757864,1,true,false,0,No,633,259355.87,4715.56,Home Loan,"2,098,889",1,88.2,2.3,Married,2,Owned,12.4,,0,1,360,2430071.0,2026/03/02,Verified
CUST00354,Rita Singh,97348256,rita.singh27@gmail.com,59,M,Lucknow,Freelancer,Self-Employed,2431470,0,N,0,N,N,896,,136.66,Personal Loan,"₹449,601",2,66.7,14.3,Divorced,4,Rented,29.9,,1,NO,12,,2026/05/23,Verified
CUST00355,Simran Joshi,09807808200,,49,female,Jaipur,Self Employed - Professional,Self-Employed,1529204,0,no,0,no,no,536,"69,704",1181.43,Credit Card,383369,0,74.6,13.2,Married,1,Rented,25.6,,1,No,36,,2025-12-21,VERIFIED
CUST00356,Geeta Singh,96772 60679,,64,male,Jaipur,Salaried - IT/Tech,Salaried,1732655,2,Yes,true,NO,NO,889,"513,767",21406.96,Personal Loan,,1,20.8,6.4,Single,2,Rented,3.3,,2,false,24,,2025-10-02,  Verified  
CUST00357,Usha Desai,,usha.desai926@hotmail.com,43,Male,Nagpur,FREELANCER,Self-Employed,,1,N,YES,No,N,410,,55926.48,Credit Card,407316,5,95.2,13.7,Single,2,Owned,16.7,,1,NO,12,,,  Verified  
CUST00358,Radhika Agarwal,,radhika.agarwal691 at hotmail.com,45,female,Bhopal,Self Employed - Business,Self-Employed,N/A,1,false,YES,No,0,805,498066.06,10376.38,Home Loan,,0,35.3,2.8,Married,3,Rented,23.7,539351.0,1,N,120,4814893.0,18-11-2025,Verified
CUST00359,Vikram Joshi,9571283271,vikram.joshi230@yahoo.com,39,F,Hyderabad,  Self Employed - Professional  ,Self-Employed,"1,468,653",2,YES,yes,N,No,328,527297.72,37664.12,Personal Loan,-56988,1,83.1,5.7,Married,3,Owned,8.2,490387.0,2,N,12,,2026/04/10,Verified
CUST00360,  Anjali Nair  ,91932 69322,anjali.nair886@yahoo.com,38,F,Kanpur,Salaried - Government,Salaried,1232988,0,0,0,0,No,825,,5179.18,Car Loan,,0,93.6,12.0,Married,3,Rented,15.0,625873.0,0,false,60,465819.0,2025-12-16,Verified
CUST00361,Amit Joshi,92626 00063,amit.joshi497@yahoo.com,52,female,Chennai,Self Employed - Professional,Self-Employed,672083,1,N,N,0,1,368,,3879.83,Personal Loan,794479,0,44.7,4.1,Married,2,Rented,14.7,,0,No,24,,22-01-2026,Verified
CUST00362,Anjali Rathi,,,43,FEMALE,Surat,Salaried - Government,Salaried,1218261,1,Yes,N,NO,0,757,"237,851",4404.65,HOME LOAN,-2471561,0,95.8,10.0,Married,1,owned,19.4,,2,NO,180,2860191.0,2026-01-10,Verified
CUST00363,Manju Bhatia,9940555052,MANJU.BHATIA419@GMAIL.COM,56,  Female  ,jaipur,salaried - healthcare,Salaried,2024819,1,YES,0,0,no,574,"₹589,836",22686.01,Car Loan,,0,43.9,8.7,Married,0,Rented,28.5,,0,NO,24,490676.0,2025-09-05,Verified
CUST00364,Sai Chauhan,9856698632,,56,M,New Delhi,Freelancer,Self-Employed,1182747,3,Y,YES,1,N,534,"205,931",9360.5,Car Loan,,0,57.5,3.9,Married,3,Rented,15.9,,1,NO,48,1104975.0,21-12-2025,  Verified  
CUST00365,Deepak Rao,9136268864,deepak.rao279@gmail.com,45,F,Chennai,Salaried - IT/Tech,Salaried,"656,166",1,yes,0,N,No,320,"₹5,804",126.17,Personal Loan,150198,2,80.3,3.1,Single,1,Owned,12.4,355537.0,0,0,60,,,Verified
CUST00366,Saanvi Gupta,93386 42289,saanvi.gupta991@hotmail.com,56,FEMALE,Chandigarh,Salaried - IT/Tech,Salaried,2424807,2,Yes,1,NO,no,681,1109640.74,19467.38,Credit Card,N/A,0,97.6,6.1,Married,1,Rented,19.4,757261.0,3,no,18,,12/10/2025,Verified
CUST00367,Anjali Agarwal,9368402236,"anjali.agarwal86@yahoo,com",46,M,kochi,Self Employed - Professional,Self-Employed,"547,182",1,N,1,NO,No,454,"₹11,986",214.04,Home Loan,1546739,0,24.9,8.5,Married,1,Company Provided,6.1,,0,N,120,2134976.0,2026/03/31,Verified
CUST00368,Meera Singh,9912700913,meera.singh14@yahoo.com,54,male,Kolkata,Self Employed - Professional,Self-Employed,2135432,1,N,yes,No,N,837,,10580.02,Home Loan,N/A,0,16.2,14.9,Single,3,Owned,9.9,,1,N,240,6212527.0,08-12-2025,Verified
CUST00369,sanjay shah,9657679799, sanjay.shah620@outlook.com ,51,FEMALE,pune,Salaried - Healthcare,Salaried,,1,Yes,N,NO,false,483,,4891.91,Credit Card,183494,2,23.9,1.6,Married,0,Rented,18.0,627258.0,2,N,12,,2025-12-02,Verified
CUST00370,Geeta Khanna,9557591883,geeta.khanna599@outlook.com,44,Female,Jaipur,FREELANCER,Self-Employed,"1,149,716",2,true,YES,No,NO,569,N/A,19441.46,Home Loan,4269584,1,86.1,9.2,Divorced,2,Rented,20.9,152003.0,0,false,360,5066386.0,2025-11-18,Verified
CUST00371,Aarav Mehta,91835236,aarav.mehta918@gmail.com,29,M,Indore,Business Owner,Self-Employed,1671912,2,YES,NO,Y,NO,694,,20837.27,Car Loan,1394683,0,12.4,9.2,Married,0,Rented,2.4,477932.0,0,0,48,1655591.0,06/07/2026,verified
CUST00372,Suresh Shah,9291139369,suresh.shah26@outlook.com,50,F,  Indore  ,Self Employed - Professional,Self-Employed,1101045,3,yes,YES,no,true,752,"₹238,481",9936.69,Credit Card,327331,0,13.9,5.7,Married,3,Rented,1.3,509051.0,0,No,24,,01/13/2026,Verified
CUST00373,Nisha Saxena,9132670198,nisha.saxena884@hotmail.com,59,FEMALE,Chandigarh,Self Employed - Business,Self-Employed,2285786,1,false,no,false,1,678,"39,549",693.84,Personal Loan,N/A,2,87.7,2.1,Married,3,Owned,19.2,223107.0,0,yes,24,,27-07-2026,VERIFIED
CUST00374,Vivaan Mehta,,vivaan.mehta689@outlook.com,31,F,KOCHI,Salaried - Private,Salaried,"1,991,030",2,true,No,true,no,813,176222.82,6076.65,Credit Card,110484,0,31.2,3.1,Married,0,Rented,8.4,355322.0,0,false,12,,06/11/2026,Pending
CUST00375,Sai Kumar,91972 39910,sai.kumar187@gmail.com,32,  Female  ,Mumbai,Self Employed - Business,Self-Employed,"₹343,783",2,1,false,yes,no,552,"₹63,486",1154.29,Personal Loan,"₹833,714",2,17.6,1.0,Single,0,Owned,3.7,291184.0,2,No,36,,2026/01/05,Verified
CUST00376,Amit Gupta,,AMIT.GUPTA364@REDIFFMAIL.COM,,  Female  ,Kochi,Business Owner,Self-Employed,-1015022,1,Yes,No,no,No,515,N/A,15518.21,Car Loan,"905,424",0,71.5,7.7,Single,2,Owned,17.9,500766.0,0,N,84,1064980.0,2026/04/26,Verified
CUST00377,Radhika Mehta,+91-9499735559,radhika.mehta578@hotmail.com,63,Male,lucknow,Salaried - Government,Salaried,1805269,1,N,Yes,no,false,402,"₹202,672",5960.94,Car Loan,"₹641,302",1,22.7,0.5,Single,1,Rented,13.2,,2,N,48,750444.0,2026/04/30,Verified
CUST00378,Manish Verma,93515809,manish.verma782@rediffmail.com,27,M,Indore,Salaried - IT/Tech,Salaried,-1980867,2,N,Y,yes,NO,836,,4914.09,Personal Loan,"186,200",2,79.9,1.0,Married,2,Owned,2.3,,0,N,24,,2025/11/22,Verified
CUST00379,Sai Patel,9353600185,,48,Male,AHMEDABAD,Self Employed - Business,Self-Employed,,3,true,YES,YES,NO,,783926.48,18664.92,Home Loan,-5387985,2,77.5,1.6,Married,2,Owned,20.9,,2,no,300,7000257.0,05/26/2026,Verified
CUST00380,Anjali Pandey,98950 29707,anjali.pandey994@rediffmail.com,22,male,Kolkata,Self Employed - Professional,Self-Employed,1848254,2,YES,false,Yes,false,707,"₹1,014,232",19136.46,  Personal Loan  ,"₹194,787",1,9.2,4.7,Married,1,Owned,0.4,656455.0,0,NO,48,,25-11-2025,Verified
CUST00381,Ramesh Desai,99957503,ramesh.desai109@hotmail.com,26,female,Hyderabad,Salaried - Education,Salaried,"351,273",2,yes,true,false,false,311,N/A,1897.42,Home Loan,5043826,3,33.8,4.0,Single,2,Rented,2.4,,0,false,360,7025760.0,2025-10-22,Verified
CUST00382,Saanvi Bhatt,99156258,saanvi.bhatt393@gmail.com,30,MALE,Lucknow,Salaried - IT/Tech,Salaried,1128849,1,yes,no,0,N,775,"190,808",10042.5,Home Loan,5360862,0,89.5,10.4,Married,1,Owned,7.4,,0,NO,120,6763760.0,2026-01-25,Verified
CUST00383,Simran Kumar,9483588343,simran.kumar750@gmail.com,55,M,Ahmedabad,Self Employed - Business,Self-Employed,N/A,3,Yes,YES,yes,0,581,135222.46,3298.11,Personal Loan,,4,93.6,12.3,Married,0,Owned,1.4,,1,false,12,,03/09/2026,Verified
CUST00384,Ashok Gupta,9462680716,ashok.gupta950 at outlook.com,48,female,Mumbai,Self Employed - Business,Self-Employed,-1377340,1,No,N,1,0,419,"₹655,871",13663.98,Car Loan,935859,1,56.2,11.9,Single,0,Rented,6.0,,0,No,36,1034471.0,2026-08-04,  Verified  
CUST00385,Priya Khanna,,,38,Male,Indore,Self Employed - Professional,Self-Employed,N/A,0,NO,false,No,false,625,,141.43,Credit Card,,0,11.1,4.5,Single,3,Rented,10.9,441780.0,2,0,24,,05 Feb 2026,Verified
CUST00386,Tanya Singh,9596012400,tanya.singh875 at hotmail.com,34,male,Nagpur,Salaried - IT/Tech,Salaried,1990045,1,Yes,no,No,NO,874,,69179.62,Personal Loan,"₹834,346",8,40.1,4.5,Married,2,Owned,8.2,413720.0,0,true,12,,18-01-2026,Verified
CUST00387,Anjali Rao,,,29,Female,HYDERABAD,Salaried - Government,Salaried,,2,Yes,false,N,Yes,462,901795.8,15284.67,Home Loan,6114324,0,76.4,6.4,Married,1,Owned,1.1,,3,false,240,7799286.0,2026/05/25,Verified
CUST00388,Rekha Chopra,96313 23119, rekha.chopra775@hotmail.com ,39,Female,Kolkata,Self Employed - Business,Self-Employed,1977949,1,Y,NO,false,No,476,"₹810,981",45054.5,  Home Loan  ,"₹6,366,716",2,97.6,6.3,Single,2,Owned,11.3,,1,No,120,7839051.0,31 Dec 2025,Verified
CUST00389,Rajesh Joshi,98348 29245,rajesh.joshi94@outlook.com,22,female,Coimbatore,Freelancer,Self-Employed,"1,109,633",1,no,Y,no,0,479,314360.51,5515.1,Personal Loan,"388,400",0,11.2,0.7,Married,1,Rented,0.6,282658.0,0,false,60,,2026/02/11,Verified
CUST00390,Seema Patel,9362920130,seema.patel474@gmail.com,21,Male,Indore,Freelancer,Self-Employed,,1,0,Y,false,no,850,"164,937",3298.74,Credit Card,,1,74.0,4.5,Married,3,Rented,0.3,,1,0,36,,02-04-2026,Verified
CUST00391,Reyansh Singh,+91-9381856258,reyansh.singh777@rediffmail.com,28,male,Kanpur,SALARIED - EDUCATION,Salaried,N/A,2,Y,true,No,0,637,N/A,41540.56,Home Loan,7448218,1,28.2,4.0,Married,1,Rented,5.0,,1,N,180,9537032.0,08-09-2025,Verified
CUST00392,KAVYA AGARWAL,+91-9489472182,"kavya.agarwal731@outlook,com",40,MALE,Surat,Business Owner,Self-Employed,"2,144,916",2,No,Y,false,1,599,"₹1,105,680",39488.56,Personal Loan,,4,60.4,2.4,Married,1,Rented,16.6,,0,yes,36,,2026-07-21,Verified
CUST00393,Rekha Desai,94374 73012,REKHA.DESAI536@OUTLOOK.COM,45,F,Kolkata,FREELANCER,Self-Employed,,2,Yes,NO,Yes,NO,650,"₹313,209",12528.38,  Personal Loan  ,207379,0,78.9,11.9,Single,1,Rented,21.9,,2,No,60,,2025/12/20,Verified
CUST00394,Kavya Pandey,9135262255,kavya.pandey409@gmail.com,42,MALE,Jaipur,Freelancer,Self-Employed,N/A,1,N,yes,0,false,562,"302,911",13170.05,Personal Loan,289431,2,48.3,0.8,Single,2,Owned,4.2,,0,Y,60,,01/28/2026,Verified
CUST00395,Karan Rao,9728866304,karan.rao780@rediffmail.com,51,FEMALE,Hyderabad,Freelancer,Self-Employed,N/A,3,Y,N,true,YES,385,-146882.56,8160.14,Personal Loan,677356,1,59.1,8.8,Single,0,Rented,23.4,754324.0,1,No,12,,2026/01/01,Verified
CUST00396,Simran Nair,96289307,simran.nair647@yahoo.com,42,FEMALE,Kochi,Salaried - IT/Tech,Salaried,1556769,1,yes,0,NO,No,815,"288,442",7211.05,CREDIT CARD,-416682,5,51.3,4.9,Divorced,1,Owned,1.7,,0,yes,36,,17-02-2026,Verified
CUST00397,Shreya Saxena,92961250,shreya.saxena199@gmail.com,35,MALE,Surat,Freelancer,Self-Employed,1580872,2,YES,No,yes,false,515,,25791.18,Car Loan,-627968,0,42.6,2.7,Married,2,Owned,7.4,,1,NO,84,693199.0,2026/01/07,Verified
CUST00398,Rekha Saxena,9426007474,rekha.saxena380@yahoo.com,40,F,Kanpur,Salaried - Healthcare,Salaried,"₹2,186,211",2,Y,No,no,true,713,-72548.22,1909.16,Car Loan,,8,77.9,0.5,Single,0,Rented,5.8,,0,0,48,689365.0,2025-12-06,Verified
CUST00399,Swati Desai,09572557156,swati.desai877@outlook.com,27,Male,Ahmedabad,Self Employed - Business,Self-Employed,1665174,0,0,no,false,NO,347,"130,088",3613.56,Home Loan,3595861,0,62.6,5.8,Married,2,Owned,2.4,,0,NO,120,4426995.0,25-03-2026,Verified
CUST00400,Usha Singh,97333018,usha.singh307@rediffmail.com,33,MALE,Bhopal,Self Employed - Professional,Self-Employed,"₹1,675,069",0,N,0,N,NO,598,N/A,5775.39,Credit Card,,3,72.6,4.8,Single,3,Owned,10.6,501245.0,0,false,24,,01/03/2026,Verified
CUST00401,Rita Sharma,92506 13697,rita.sharma123@hotmail.com,48,female,Chandigarh,Salaried - Private,Salaried,552859,1,N,0,yes,NO,332,N/A,9949.27,Home Loan,3871010,1,65.3,11.1,Married,4,Rented,14.5,,2,false,300,5042021.0,2025/12/01,Verified
CUST00402,Sunil Pandey,9562725525,sunil.pandey838@outlook.com,50,Female,Chennai,Salaried - Healthcare,Salaried,606292,1,true,NO,NO,no,742,"₹323,541",8744.34,Car Loan,,1,42.0,0.3,Married,0,Rented,17.1,,0,No,36,377239.0,2026-06-16,Pending
CUST00403,Lata Sethi,9867622823,lata.sethi889@rediffmail.com,30,male,Chennai,Self Employed - Professional,Self-Employed,1593865,2,1,YES,No,N,430,"₹516,485",32280.32,Car Loan,961308,5,67.5,3.2,Married,4,Owned,8.3,,0,No,60,1033043.0,03/06/2026,Verified
CUST00404,Usha Yadav,9894475285-XX,usha.yadav214@hotmail.com,24,  Female  ,Bhopal,Salaried - Education,Salaried,"₹1,133,147",2,yes,false,no,yes,479,344501.62,7030.65,Credit Card,105397,2,16.4,7.4,Single,2,Owned,0.8,,1,No,24,,2026-05-13,Verified
CUST00405,Neha Sharma,9107790637,NEHA.SHARMA390@HOTMAIL.COM,,  Male  ,KANPUR,Salaried - Healthcare,Salaried,"1,600,157",0,false,No,NO,false,386,"104,079",2891.1,Home Loan,"1,632,959",6,31.1,9.8,Married,0,Owned,14.2,266819.0,1,N,120,2121297.0,11-12-2025,Verified
CUST00406,Mahesh Iyer,,mahesh.iyer633@hotmail.com,31,FEMALE,KOLKATA,Self Employed - Business,Self-Employed,"2,475,164",0,false,No,false,NO,412,"₹194,686",14975.82,Home Loan,-3211921,0,64.4,13.7,Married,1,Rented,3.5,,0,0,300,3731047.0,07 Mar 2026,Verified
CUST00407,Ashok Desai,,ashok.desai162@gmail.com,21,Female,Ahmedabad,Salaried - Government,Salaried,2061116,1,NO,yes,No,no,849,544648.87,10892.98,Credit Card,183279,1,90.5,4.0,Married,2,Company Provided,0.3,,0,NO,18,,29 Oct 2025,Verified
CUST00408,Krishna Rathi,9253110789,krishna.rathi231@gmail.com,27,FEMALE,Surat,Salaried - Government,Salaried,"₹1,347,648",2,1,1,no,N,773,,12009.45,Car Loan,"576,209",0,40.6,2.3,Single,3,Rented,4.9,,1,yes,24,621494.0,12-09-2025,Verified
CUST00409,Rahul Patel,09526021671,rahul.patel331@gmail.com,57,FEMALE,Chandigarh,Salaried - Healthcare,Salaried,N/A,0,0,NO,0,NO,519,"₹49,284",1760.13,Home Loan,,2,67.3,7.8,Married,4,Owned,10.4,,1,No,120,3277149.0,2026-02-17,Verified
CUST00410,Amit Gupta,9939617000,AMIT.GUPTA375@HOTMAIL.COM,62,M,Coimbatore,Self Employed - Business,Self-Employed,"₹696,712",2,1,no,yes,NO,602,52796.52,1552.84,Car Loan,1249097,0,98.5,1.4,Single,2,Owned,28.3,,0,NO,36,1505390.0,2025/12/05,Verified
CUST00411,Isha Desai,+91-9745250434,"isha.desai799@yahoo,com",57,male,Coimbatore,Salaried - Healthcare,Salaried,,2,false,No,Yes,1,469,,9459.87,Personal Loan,-934199,5,73.0,8.2,divorced,1,Owned,1.8,,0,false,60,,03/29/2026,Verified
CUST00412,Neha Mehta,9246157602-XX,neha.mehta739@outlook.com,21,Male,Jaipur,Freelancer,Self-Employed,,2,Yes,NO,0,true,720,135277.64,3220.9,personal loan,"₹851,733",8,97.8,14.7,Married,0,Owned,0.3,,0,0,24,,14 Jan 2026,Verified
CUST00413,PRIYA KUMAR,,priya.kumar758@rediffmail.com,0,F,Pune,business owner,Self-Employed,"897,304",2,0,0,Yes,true,618,-282242.1,5427.73,Home Loan,,2,33.4,2.0,Single,1,owned,29.4,,0,No,120,4293651.0,2026-01-03,Verified
CUST00414,neha malhotra,9728115961,neha.malhotra173@hotmail.com,39,MALE,Kochi,Salaried - Government,Salaried,,0,N,NO,NO,no,806,N/A,1440.64,Home Loan,,1,87.2,4.3,Single,1,OWNED,9.3,,2,yes,120,2277903.0,2026-08-26,  Verified  
CUST00415,Rahul Agarwal,09631476522,rahul.agarwal227@rediffmail.com,48,FEMALE,Hyderabad,Business Owner,Self-Employed,1876313,1,false,NO,No,true,410,,12539.64,CREDIT CARD,321793,0,96.8,3.7,Married,2,RENTED,22.1,,0,No,36,,,Verified
CUST00416,Divya Verma,9528093064,divya.verma833@hotmail.com,63,F,Pune,Self Employed - Business,Self-Employed,,0,N,N,0,false,329,29254.81,1044.81,Car Loan,1021524,0,96.7,4.3,Single,1,Rented,19.2,,0,0,72,1205048.0,03/19/2026,Verified
CUST00417,Sunil Saxena,9284745882,sunil.saxena865@hotmail.com,26,Female,kanpur,Freelancer,Self-Employed,"1,254,501",2,1,No,false,yes,715,235538.34,5477.64,Personal Loan,"₹843,315",0,30.1,10.7,Married,3,Rented,3.8,,0,No,60,,01/31/2026,Verified
CUST00418,Deepak Mishra,9701816496,"deepak.mishra304@rediffmail,com",55,F,Nagpur,Salaried - Government,Salaried,"1,133,071",1,true,no,0,false,569,99097.56,3002.96,Car Loan,"₹1,132,059",0,41.6,12.7,Single,3,Rented,18.5,,0,No,24,1244337.0,13-11-2025,Verified
CUST00419,vikram sharma,+91-9630957739,vikram.sharma230@yahoo.com,36,F,Bhopal,Self Employed - Professional,Self-Employed,"909,754",3,Yes,YES,yes,N,749,"226,270",4814.25,Personal Loan,"₹482,352",0,54.3,6.1,Married,3,Owned,4.1,,0,false,48,,2026/03/03,Verified
CUST00420,Rita Khanna,09352013447,rita.khanna328@rediffmail.com,43,MALE,Chennai,Salaried - Healthcare,Salaried,,1,No,0,true,0,819,567626.95,12339.72,Car Loan,519797,3,62.4,10.9,Single,2,Rented,21.7,,1,NO,72,591308.0,2026/06/24,Verified
CUST00421,Rohan Sharma,9701251106,ROHAN.SHARMA460@REDIFFMAIL.COM,62,MALE,Kanpur,Business Owner,Self-Employed,920254,1,1,false,0,0,558,N/A,9018.66,Credit Card,"₹394,138",1,45.9,11.5,Married,1,Rented,9.5,,0,false,36,,2025-11-07,Verified
CUST00422,Ramesh Agarwal,94376473,ramesh.agarwal884@gmail.com,60,M,Kanpur,Salaried - Government,Salaried,,0,No,false,NO,no,554,"₹58,576",976.27,Personal Loan,926336,0,66.7,7.5,Married,0,Company Provided,17.3,,0,No,48,,04 Nov 2025,Verified
CUST00423,Kabir Kumar,9434143501,kabir.kumar364@yahoo.com,48,  Female  ,Chandigarh,Salaried - Government,Salaried,1074127,2,1,true,false,No,383,218941.56,3649.03,Credit Card,,0,88.5,1.1,Married,2,Owned,0.3,,0,no,24,,09-09-2025,Verified
CUST00424,Nisha Agarwal,95024 77106,"nisha.agarwal880@gmail,com",32,M,Chandigarh,Self Employed - Business,Self-Employed,,2,N,YES,NO,YES,683,"418,754",10468.85,Personal Loan,"₹581,972",0,82.8,0.6,Married,2,Company Provided,10.4,,0,NO,36,,2026-08-10,Verified
CUST00425,Divya Patel,09207075216,,59,F,Lucknow,Business Owner,Self-Employed,,1,false,No,0,yes,552,,15691.8,Home Loan,"₹3,079,911",3,9.0,1.1,Divorced,1,RENTED,19.9,,1,NO,120,4052788.0,2026/02/06,verified
CUST00426,Nisha Agarwal,,nisha.agarwal545 at rediffmail.com,46,male,Surat,Salaried - Healthcare,Salaried,"868,226",2,yes,yes,false,no,745,,4568.08,Credit Card,"₹277,550",0,58.3,9.2,Married,4,Rented,19.3,,0,false,12,,30-01-2026,Verified
CUST00427,Vinod Sethi,9713401763,VINOD.SETHI556@YAHOO.COM,62,M,Delhi,freelancer,Self-Employed,"₹417,285",2,Yes,no,1,false,353,,3749.86,Home Loan,N/A,1,85.7,7.7,Single,0,Owned,13.9,316175.0,0,false,300,9247348.0,2026/07/19,Verified
CUST00428,Aditya Khanna,9509620403,"aditya.khanna211@gmail,com",39,MALE,Ahmedabad,Salaried - Healthcare,Salaried,1042634,0,no,0,false,NO,345,N/A,325.15,Personal Loan,,2,88.8,6.5,Married,3,Rented,3.9,,1,0,12,,03/26/2026,Verified
CUST00429,Meera Nair,9303470329, meera.nair837@hotmail.com ,37,MALE,Nagpur,Salaried - Private,Salaried,N/A,3,1,0,yes,Yes,462,"1,182,146",27491.77,Credit Card,116132,1,20.9,11.2,Divorced,2,Rented,4.8,791631.0,0,NO,36,,2025/12/07,Pending
CUST00430,Kritika Bhatia,+91-9634688227,kritika.bhatia206@yahoo.com,54,M,Chandigarh,Business Owner,Self-Employed,"₹758,621",3,YES,true,no,1,369,110038.82,2157.62,Car Loan,1218780,2,47.0,11.6,Single,2,Company Provided,23.1,,0,no,36,1362924.0,01/01/2026,Pending
CUST00431,Isha Kapoor,9315445536-XX,,46,female,  Chennai  ,Salaried - IT/Tech,Salaried,2420617,3,Y,true,Yes,false,749,36759.02,918.98,Credit Card,462196,0,55.2,8.4,Married,4,Owned,17.2,,0,no,18,,,Verified
CUST00432,Ishaan Sethi,9211446453,ishaan.sethi701@yahoo.com,21,female,Mumbai,Salaried - Private,Salaried,"1,925,407",2,no,YES,Yes,NO,877,630281.06,48483.16,Home Loan,6294021,1,31.8,9.3,Married,2,Rented,0.3,,0,YES,300,7992036.0,11/12/2025,Verified
CUST00433,Manju Shah,93403 46197,manju.shah148@outlook.com,61,M,Nagpur,Salaried - IT/Tech,Salaried,-972416,3,YES,true,N,YES,770,"₹239,431",5205.02,Personal Loan,N/A,0,64.5,3.3,Married,3,Rented,13.7,,0,NO,48,,2025/11/02,Verified
CUST00434,Dhruv Rao,+91-9332958281,dhruv.rao730@yahoo.com,57,F,kanpur,Business Owner,Self-Employed,2012148,1,yes,NO,N,0,855,787438.96,25401.26,Home Loan,"₹1,926,860",0,37.1,13.4,Single,3,Owned,28.3,304840.0,1,NO,360,2586443.0,07/20/2026,Verified
CUST00435,Kiran Rathi,93123 96606,kiran.rathi155 at hotmail.com,41,FEMALE,Ahmedabad,Self Employed - Business,Self-Employed,"2,341,304",1,true,NO,false,NO,336,-949898.98,59368.69,Credit Card,31254,0,86.9,1.0,Single,1,Company Provided,4.3,309759.0,2,N,24,,20-06-2026,verified
CUST00436,Tanya Joshi,,tanya.joshi721@yahoo.com,39,Female,Hyderabad,Freelancer,Self-Employed,-970301,1,0,YES,N,No,719,,1960.59,HOME LOAN,"7,370,873",8,70.5,13.6,Divorced,2,Owned,8.2,,0,0,300,9355260.0,2025/09/05,Verified
CUST00437,Geeta Shah,+91-9573451981,,32,FEMALE,Mumbai,Business Owner,Self-Employed,,1,NO,false,no,Y,438,"₹652,283",11859.69,Home Loan,2753979,0,93.8,14.4,Married,2,Owned,8.8,,0,Y,300,3178061.0,06/24/2026,Verified
CUST00438,Rohan Shah,93713 51496,,38,M,chandigarh,SALARIED - HEALTHCARE,Salaried,N/A,2,Y,1,0,0,,"₹202,501",6982.8,Home Loan,N/A,0,57.4,2.1,Divorced,2,Rented,0.6,,2,no,120,9308503.0,01/11/2026,verified
CUST00439,Diya Shah,9962371481-XX,diya.shah525@hotmail.com,47,F,Chennai,Salaried - Healthcare,Salaried,"₹1,397,179",0,no,false,No,0,386,"₹112,539",3516.85,Credit Card,32062,3,81.6,1.8,Married,1,Owned,20.9,,2,0,12,,2026/02/16,Verified
CUST00440,SWATI GUPTA,9267765490,swati.gupta597 at hotmail.com,61,M,HYDERABAD,Salaried - Government,Salaried,N/A,2,NO,true,0,yes,393,"₹230,809",13577.01,Credit Card,247000,3,27.1,0.9,Married,1,Rented,14.4,890947.0,1,NO,24,,08/07/2026,Verified
CUST00441,Usha Verma,+91-9575148289,"usha.verma190@rediffmail,com",21,male,Kolkata,Self Employed - Professional,Self-Employed,1404199,1,YES,N,N,No,377,"₹158,561",4955.03,  Personal Loan  ,220313,0,84.4,4.6,Married,2,Owned,0.3,408569.0,0,0,36,,17 Jan 2026,verified
CUST00442,Arjun Verma,09167412709,arjun.verma506@outlook.com,24,M,BENGALURU,Business Owner,Self-Employed,-350327,0,No,false,N,NO,670,"24,455",489.11,Credit Card,"₹318,425",0,84.8,6.9,Single,1,Rented,2.4,899323.0,0,0,12,,2026-08-14,Verified
CUST00443,Neha Sethi,9595682408,neha.sethi333 at hotmail.com,50,Female,Bhopal,Self Employed - Business,Self-Employed,,0,N,false,NO,0,624,"34,176",657.23,Personal Loan,468820,0,46.3,12.3,Single,0,Company Provided,6.5,504216.0,0,No,48,,03/14/2026,Verified
CUST00444,SUNITA BHATIA,09689837130,sunita.bhatia285 at yahoo.com,33,FEMALE,Chandigarh,Salaried - Education,Salaried,,2,N,Yes,no,true,408,,2665.76,Home Loan,6598744,0,27.3,14.2,Single,1,Owned,3.9,622844.0,1,0,120,8576909.0,24-05-2026,Verified
CUST00445,Ashok Shah,9966643102,ashok.shah706 at yahoo.com,44,female,bengaluru,Salaried - Private,Salaried,2175181,2,1,true,false,N,620,827271.05,19696.93,Car Loan,"₹1,463,910",0,80.4,10.5,Single,4,Rented,13.3,,1,false,36,1680155.0,2026-04-23,Verified
CUST00446,Ananya Desai,09202631097,ananya.desai394@yahoo.com,60,M,Bengaluru,Freelancer,Self-Employed,"₹2,359,153",1,YES,false,0,N,368,636242.23,26510.09,Car Loan,"₹600,067",0,78.9,7.2,Married,0,Owned,18.7,,1,Y,60,748318.0,,Verified
CUST00447,Aryan Saxena,9970513199,ARYAN.SAXENA662@YAHOO.COM,59,male,Surat,Salaried - Private,Salaried,1117650,2,true,no,1,No,311,-199954.52,7998.18,Personal Loan,360486,0,66.9,11.5,Married,1,Company Provided,4.7,,1,N,36,,20 Oct 2025,Pending
CUST00448,Neha Nair,9312365395,"neha.nair724@rediffmail,com",50,F,Kolkata,Self Employed - Business,Self-Employed,-1653936,1,0,Yes,no,No,677,,2425.35,Home Loan,N/A,0,46.3,5.0,Married,2,Rented,18.8,717369.0,0,no,180,7791290.0,09/29/2025,Verified
CUST00449,Reyansh Desai,9275429796-XX,,26,female,Kanpur,Salaried - Healthcare,Salaried,,1,1,0,NO,NO,837,159980.44,4323.8,Personal Loan,"₹624,721",3,82.4,6.8,MARRIED,3,Owned,1.4,,1,false,24,,28-04-2026,Verified
CUST00450,Karan Chauhan,09349822837,karan.chauhan973@yahoo.com,29,Female,Lucknow,Salaried - Education,Salaried,,1,yes,no,NO,0,724,"646,883",46205.96,Personal Loan,"668,312",0,26.8,7.5,Married,0,Rented,4.2,,0,no,12,,2026-07-13,Verified
CUST00451,Nikhil Nair,, nikhil.nair384@rediffmail.com ,45,  Male  ,Pune,salaried - it/tech,Salaried,"1,702,934",1,Y,No,0,false,762,"₹29,445",588.89,Home Loan,"₹3,216,225",0,9.0,12.1,Single,3,Owned,13.8,,2,NO,360,4356264.0,2026-02-26,Verified
CUST00452,Suresh Mishra,9346756657,suresh.mishra581@outlook.com,34,M,surat,Salaried - Private,Salaried,,1,N,no,1,NO,697,"₹521,724",12724.98,Home Loan,6548373,2,92.5,7.3,Married,2,Rented,12.2,230446.0,0,false,120,8933890.0,2026/01/13,Pending
CUST00453,Manish Kapoor,,"manish.kapoor747@rediffmail,com",31,Male,Delhi,Salaried - Healthcare,Salaried,"1,203,069",0,N,N,NO,NO,586,N/A,3863.58,Car Loan,,4,33.7,4.1,Single,3,Rented,2.3,,1,false,24,457792.0,2026/04/26,Verified
CUST00454,Ayaan Gupta,,AYAAN.GUPTA241@HOTMAIL.COM,58,female,Jaipur,Salaried - Private,Salaried,-2312112,2,yes,no,YES,false,686,-41476.67,964.57,Home Loan,5406588,0,97.4,8.7,Married,0,Rented,8.6,509378.0,2,0,240,7519469.0,2025-11-30,Verified
CUST00455,Tanya Rathi,9102092274, tanya.rathi666@gmail.com ,57,F,Coimbatore,Business Owner,Self-Employed,"1,271,068",1,0,N,No,yes,676,,8284.78,Personal Loan,"₹441,399",2,40.3,8.4,Married,2,Owned,5.5,,0,0,36,,2025-11-09,Verified
CUST00456,Anil Sethi,96309 76793,anil.sethi692@rediffmail.com,47,F,Indore,Salaried - Government,Salaried,1361999,0,no,NO,No,no,852,117377.07,5335.32,CREDIT CARD,200068,1,86.7,9.5,Married,2,  Rented  ,4.4,,0,false,18,,08/15/2026,Verified
CUST00457,Geeta Malhotra,9220130191,geeta.malhotra514 at rediffmail.com,23,MALE,Mumbai,Salaried - IT/Tech,Salaried,"990,809",0,N,N,N,N,633,,2071.79,Home Loan,-5888257,2,42.3,8.7,Single,2,Company Provided,0.7,,0,false,180,7825791.0,2026/05/11,Verified
CUST00458,Anjali Singh,+91-9177531324,anjali.singh712@outlook.com,36,F,Surat,Self Employed - Professional,Self-Employed,705116,2,N,true,true,No,512,"₹78,570",1428.55,Credit Card,"₹55,138",0,95.3,6.4,MARRIED,1,Rented,4.7,,0,No,36,,17-07-2026,Verified
CUST00459,Aditya Pandey,9627565288-XX,aditya.pandey33@hotmail.com,41,  Female  ,mumbai ,Salaried - IT/Tech,Salaried,,1,NO,NO,No,YES,659,1302050.21,23673.64,Home Loan,N/A,0,96.5,11.4,Married,1,Owned,5.1,,1,false,300,2312454.0,2025-12-27,Verified
CUST00460,pooja verma,9446681717,pooja.verma318@rediffmail.com,49,F,Indore,Salaried - Government,Salaried,,1,No,0,false,1,818,"₹91,510",2079.78,Personal Loan,535679,0,58.7,12.1,Married,2,Owned,3.6,,0,NO,24,,2025-09-15,Verified
CUST00461,Diya Malhotra,9217762169,diya.malhotra704@yahoo.com,25,male,Chandigarh,Business Owner,Self-Employed,,1,yes,no,No,no,685,,1538.93,Personal Loan,406589,4,60.4,7.5,Single,3,Company Provided,0.7,248999.0,3,No,12,,,Verified
CUST00462,Kiran Tiwari,95616 80490,kiran.tiwari22 at rediffmail.com,65,female,Coimbatore,Salaried - Government,Salaried,"2,055,838",2,true,1,No,NO,366,"₹107,614",1992.86,Car Loan,N/A,0,92.3,13.6,Single,0,owned,17.2,,0,yes,48,1504528.0,2026/04/27,Verified
CUST00463,Kiran Pandey,,kiran.pandey597@hotmail.com,28,F,ahmedabad,Self Employed - Professional,Self-Employed,"918,186",1,1,N,NO,N,822,434166.32,22850.86,Car Loan,,0,88.6,2.2,Single,3,Rented,1.6,,0,no,60,1639448.0,2026/07/13,Verified
CUST00464,Preeti Gupta,9256886986,preeti.gupta684@yahoo.com,53,F,Bengaluru,Business Owner,Self-Employed,2453291,2,No,Yes,YES,false,723,N/A,35317.76,Personal Loan,918195,0,10.7,6.6,Single,2,Owned,20.2,,0,false,24,,2025/10/30,Verified
CUST00465,KIRAN DESAI,95365 10229,kiran.desai662@yahoo.com,36,Female,CHANDIGARH,Salaried - Government,Salaried,,0,false,N,N,N,449,N/A,11676.85,Car Loan,,0,49.1,12.1,Single,1,Rented,5.1,861372.0,0,NO,84,1029780.0,2026-06-08,PENDING
CUST00466,Simran Bansal,,simran.bansal805@rediffmail.com,29,M,Lucknow,salaried - government,Salaried,"₹2,353,848",1,N,No,0,true,574,"1,319,324",43977.45,Personal Loan,378258,5,35.8,3.7,Married,4,Owned,2.9,,0,0,24,,,Verified
CUST00467,Krishna Rathi,9926683522,krishna.rathi705@outlook.com,33,Female,Coimbatore,Freelancer,Self-Employed,"₹1,646,969",2,Yes,No,no,true,598,,25241.92,Car Loan,-683942,4,81.9,5.7,Married,2,COMPANY PROVIDED,5.7,341044.0,0,false,60,829364.0,2026-03-15,Verified
CUST00468,Aryan Rathi,+91-9373601073,aryan.rathi951@hotmail.com,50,F,kochi,Salaried - Education,Salaried,"₹1,135,463",1,YES,No,false,0,410,"₹324,539",9014.97,Car Loan,"₹550,493",0,16.7,11.4,Divorced,0,Owned,3.4,,0,NO,84,653625.0,2025/12/08,Verified
CUST00469,Mahesh Agarwal,,mahesh.agarwal11@gmail.com,42,M,Surat,SALARIED - EDUCATION,Salaried,1309486,1,yes,N,No,NO,865,,10288.24,Personal Loan,"₹74,069",1,35.1,3.5,Single,3,Owned,13.1,,0,false,36,,,Verified
CUST00470,Rahul Bhatia,95363 71041,RAHUL.BHATIA227@YAHOO.COM,50,Male,KOLKATA,Self Employed - Professional,Self-Employed,,2,true,YES,NO,no,695,394102.63,15157.79,Credit Card,464219,0,72.7,6.7,Single,1,Rented,11.2,,0,true,36,,2026-04-06,Verified
CUST00471,Divya Mehta,9445830787,divya.mehta22@hotmail.com,53,Female,Bhopal,Self Employed - Professional,Self-Employed,1864312,2,1,yes,N,0,472,,35261.0,Personal Loan,379474,0,31.0,10.8,Single,1,Rented,28.8,,1,NO,12,,,Verified
CUST00472,Vivaan Chopra,97138115,vivaan.chopra354@outlook.com,45,Male,Chandigarh,Salaried - Education,Salaried,2167839,1,N,Yes,no,false,,"₹1,185,719",42347.12,Home Loan,"₹2,826,223",0,86.1,9.7,Married,3,Rented,23.5,,1,no,180,3315426.0,08/17/2026,Verified
CUST00473,Amit Gupta,+91-9663987043,amit.gupta955@outlook.com,49,MALE,SURAT,Self Employed - Business,Self-Employed,2128270,2,YES,No,1,N,833,N/A,5016.12,Credit Card,320212,2,79.5,14.3,Single,0,Rented,26.4,,0,false,18,,2026-06-30,Verified
CUST00474,Arjun Chauhan,92089958, arjun.chauhan276@yahoo.com ,55,M,Bhopal,Freelancer,Self-Employed,-1847407,1,N,Y,N,No,308,"₹360,774",16398.82,Car Loan,"1,376,354",3,52.6,13.4,Married,0,Rented,25.4,606727.0,0,N,60,1512830.0,2025-11-23,Verified
CUST00475,Sanjay Rao,9274039487,sanjay.rao656 at rediffmail.com,23,male,nagpur,Self Employed - Business,Self-Employed,"302,404",1,1,0,false,NO,863,"₹98,245",2655.28,Home Loan,"₹6,930,392",5,38.6,9.2,Single,2,Rented,1.2,,0,0,120,8328413.0,2026-06-29,Pending
CUST00476,Sunita Iyer,92240560,sunita.iyer619@hotmail.com,45,female,SURAT,Salaried - Healthcare,Salaried,"400,142",3,Yes,true,Y,no,450,,2204.57,Personal Loan,730600,3,42.7,2.3,Single,3,Owned,9.8,,0,0,24,,2026/03/26,Pending
CUST00477,Rahul Singh,+91-9787219326,,39,F,DELHI,Salaried - Healthcare,Salaried,"₹2,250,726",1,N,NO,0,true,601,,10888.64,Home Loan,,5,87.5,7.3,Married,0,Company Provided,3.2,,0,false,240,2143482.0,,Verified
CUST00478,Divya Shah,,divya.shah460 at hotmail.com,,Female,Kanpur,Salaried - Healthcare,Salaried,"₹1,495,071",1,Yes,No,false,NO,799,"₹388,786",8836.04,Credit Card,N/A,3,74.2,8.6,Married,4,Company Provided,8.1,,0,no,24,,07-11-2025,Verified
CUST00479,Seema Reddy,9200061572-XX,seema.reddy632@hotmail.com,38,FEMALE,Ahmedabad,Salaried - Private,Salaried,484605,2,1,no,yes,NO,727,232456.78,11069.37,Home Loan,"6,089,038",1,99.1,3.3,Divorced,0,OWNED,12.4,,0,yes,180,8410212.0,05/05/2026,Verified
CUST00480,Mahesh Kapoor,99715 45262,MAHESH.KAPOOR921@OUTLOOK.COM,60,FEMALE,Chandigarh,Salaried - IT/Tech,Salaried,-1686636,1,false,0,Y,false,832,"₹690,780",13815.6,Personal Loan,,3,46.2,4.2,Single,1,Company Provided,29.7,593770.0,2,NO,24,,2026-06-06,Verified
CUST00481,Kiran Rao,93670 80413,kiran.rao476@yahoo.com,27,FEMALE,INDORE,salaried - education,Salaried,"2,058,636",2,N,yes,yes,false,367,-957223.79,63814.92,Home Loan,4905143,3,19.6,7.2,Married,3,OWNED,1.6,,0,1,360,5903375.0,04/03/2026,Verified
CUST00482,Nikhil Rao,9755597471-XX,,42,male,Lucknow,Salaried - Education,Salaried,"647,617",3,YES,yes,NO,YES,738,,11260.5,Personal Loan,,0,21.9,2.2,DIVORCED,1,Rented,17.4,,1,no,36,,2026-02-11,Verified
CUST00483,Radhika Gupta,,radhika.gupta630@gmail.com,33,Male,nagpur,Business Owner,Self-Employed,751049,3,Yes,Yes,no,true,591,62464.45,1523.52,Car Loan,630079,1,71.5,1.6,Single,2,Owned,10.3,,1,false,48,781513.0,,Verified
CUST00484,sanjay saxena,+91-9530671434,sanjay.saxena429@yahoo.com,40,M,Pune,Self Employed - Professional,Self-Employed,"₹2,234,776",3,YES,Y,YES,N,420,"₹198,019",4950.47,Personal Loan,"₹206,580",2,31.8,5.1,Married,0,Rented,8.0,,1,false,60,,01/27/2026,Pending
CUST00485,Dhruv Sethi,9608124995,dhruv.sethi672 at gmail.com,44,M,  Nagpur  ,self employed - professional,Self-Employed,1747394,2,true,true,0,NO,491,"₹851,874",20777.42,Home Loan,"₹7,448,711",4,47.7,12.3,Single,2,RENTED,22.0,,2,NO,180,10343074.0,2026/03/26,Verified
CUST00486,Manju Mehta,,"manju.mehta44@yahoo,com",36,M,Jaipur,Self Employed - Professional,Self-Employed,-1057126,1,YES,No,false,N,681,"₹213,865",11881.39,Home Loan,N/A,3,52.6,3.3,Married,2,Rented,7.7,,2,yes,360,11014997.0,12/04/2025,Verified
CUST00487,Ashok Rathi,9142332523,"ashok.rathi466@rediffmail,com",56,female,Coimbatore,Business Owner,Self-Employed,"486,703",2,Yes,1,no,false,364,"138,569",3646.57,Home Loan,N/A,1,92.7,12.6,Married,1,Rented,25.6,,1,no,300,8035945.0,,Verified
CUST00488,Karan Saxena,95823784,karan.saxena245@hotmail.com,21,Female,DELHI,Salaried - Government,Salaried,"1,447,707",2,YES,No,NO,true,613,"₹667,886",12368.26,Credit Card,280380,8,25.3,10.0,Married,0,Owned,0.3,,1,No,18,,02-09-2025,Verified
CUST00489,Sai Mehta,97945 42361,sai.mehta252@hotmail.com,22,F,Chennai,Salaried - IT/Tech,Salaried,"₹1,008,932",0,false,N,no,0,508,"₹73,567",2101.93,CREDIT CARD,"₹421,128",5,34.4,8.2,Married,0,Company Provided,0.9,,0,0,24,,2025/11/25,Verified
CUST00490,Tanya Mehta,9230394179,"tanya.mehta513@rediffmail,com",50,M,Chandigarh,Salaried - IT/Tech,Salaried,,3,YES,Y,YES,false,858,368102.22,6346.59,Credit Card,497584,5,81.4,11.9,Married,0,Owned,4.9,,0,0,24,,10 Sep 2025,Verified
CUST00491,Meera Rathi,9912560909,meera.rathi443@gmail.com,53,female,Pune,Self Employed - Business,Self-Employed,1097520,0,NO,No,false,N,532,,2129.98,Home Loan,4748703,0,40.0,13.5,Married,0,Rented,0.8,,0,No,120,6612075.0,2026-04-20,Verified
CUST00492,Sunita Kumar,9738498957,sunita.kumar534@rediffmail.com,28,M,Chandigarh,Business Owner,Self-Employed,N/A,1,1,NO,No,NO,551,,8300.81,Car Loan,N/A,4,10.2,4.6,Divorced,0,Owned,2.8,404956.0,0,No,72,428511.0,2026-05-08,Verified
CUST00493,Manish Malhotra,9124408555,manish.malhotra27 at outlook.com,41,M,Bengaluru,Self Employed - Business,Self-Employed,719944,2,Y,1,No,0,426,,3155.41,Credit Card,,0,34.6,11.5,single,3,Owned,14.3,,2,0,24,,16-10-2025,Verified
CUST00494,Anil Khanna,9143741483,anil.khanna320@hotmail.com,26,F,Jaipur,Salaried - Private,Salaried,"₹874,165",2,Y,false,N,YES,788,,637.26,Home Loan,N/A,0,20.1,14.1,Single,0,Owned,1.2,,1,NO,120,7664197.0,2026/08/23,Verified
CUST00495,Vinod Saxena,+91-9832773091,vinod.saxena522@yahoo.com,47,M,Kochi,Salaried - IT/Tech,Salaried,1086641,2,Yes,Yes,0,0,697,125488.65,2788.64,Car Loan,,0,97.5,6.3,Married,1,RENTED,23.2,,0,NO,24,1272943.0,2026/03/21,Verified
CUST00496,vinod nair,9842277684,vinod.nair132@rediffmail.com,32,male,Ahmedabad,Self Employed - Business,Self-Employed,"468,637",4,yes,true,Yes,true,704,37386.57,1495.46,Car Loan,"536,167",1,66.9,10.8,Single,0,Owned,2.5,693236.0,1,NO,48,667769.0,2026-03-07,  Verified  
CUST00497,Ramesh Nair,95761097,ramesh.nair680@yahoo.com,61,male,Pune,Salaried - Education,Salaried,1781336,1,Yes,No,No,no,800,-1014445.57,26011.42,Credit Card,,0,49.0,1.1,Single,0,RENTED,8.9,,2,No,24,,2025/11/24,Verified
CUST00498,Aarav Joshi,+91-9943633823,aarav.joshi781@rediffmail.com,25,Female,Kanpur,Salaried - IT/Tech,Salaried,"1,240,848",1,Y,No,NO,false,699,200748.98,4779.74,Personal Loan,"509,411",4,6.6,3.7,MARRIED,0,Company Provided,2.2,,0,No,60,,2026/01/03,Verified
CUST00499,Vikram Bhatia,9806837607,vikram.bhatia529@outlook.com,46,male,Bengaluru,Salaried - Government,Salaried,"₹1,311,774",2,false,Y,1,No,869,"673,609",14033.52,Personal Loan,"₹708,001",1,55.2,2.4,Married,2,Rented,10.7,510764.0,0,No,48,,01 Jan 2026,Verified
CUST00500,Vikram Agarwal,9314175750-XX, vikram.agarwal644@hotmail.com ,63,Female,Hyderabad,Salaried - Education,Salaried,-2279101,0,no,0,0,N,665,107433.14,3979.01,Car Loan,"₹1,334,211",0,96.0,0.4,Married,2,Owned,12.5,500312.0,0,no,24,1582631.0,02 Jun 2026,Verified
CUST00501,Krishna Rao,,KRISHNA.RAO220@YAHOO.COM,44,Male,New Delhi,Salaried - IT/Tech,Salaried,349064,0,NO,No,N,No,760,-31175.0,1833.82,Car Loan,"₹796,415",1,13.9,3.9,Married,2,Company Provided,5.8,,0,no,84,952300.0,05/03/2026,Verified
CUST00502,Dhruv Rathi,+91-9542176536,dhruv.rathi909@outlook.com,27,F,Kochi,Self Employed - Professional,Self-Employed,1464632,1,true,false,no,No,869,611576.72,47044.36,Credit Card,-348836,1,68.4,3.0,Single,0,Owned,1.3,,0,no,12,,2026-07-30,Verified
CUST00503,Swati Singh,+91-9133813100,swati.singh121@yahoo.com,44,FEMALE,Indore,Self Employed - Business,Self-Employed,"₹565,365",2,No,Yes,no,Y,335,"₹180,814",3287.52,Home Loan,"₹2,410,368",0,20.0,1.3,Married,1,Rented,4.1,,1,YES,360,3344366.0,,Verified
CUST00504,Seema Agarwal,9454387726,seema.agarwal908@hotmail.com,31,Male,Bhopal,Salaried - Education,Salaried,N/A,0,N,false,N,0,519,"₹94,658",7281.36,Personal Loan,"475,529",0,78.4,7.1,Married,2,Rented,1.5,702753.0,0,no,60,,2026/04/28,Verified
CUST00505,Suresh Agarwal,9864986259,suresh.agarwal756@yahoo.com,24,M,Coimbatore,Self Employed - Professional,Self-Employed,830273,2,yes,yes,NO,no,375,N/A,2559.66,Credit Card,197792,1,13.9,4.1,Married,3,Owned,1.6,,0,false,12,,05/18/2026,Verified
CUST00506,Tanya Gupta,,TANYA.GUPTA739@REDIFFMAIL.COM,26,female,Bhopal,Self Employed - Business,Self-Employed,-1458933,2,false,0,Yes,1,327,678670.18,12119.11,Credit Card,472400,3,7.9,5.0,Single,3,Rented,0.7,864816.0,0,No,24,,2025/09/24,Verified
CUST00507,VINOD BANSAL,09127746847,vinod.bansal737 at yahoo.com,43,female,Nagpur,Salaried - Government,Salaried,,1,no,N,false,true,451,869549.15,18115.61,HOME LOAN,,1,91.5,1.3,Married,2,Rented,17.4,501656.0,0,0,120,5081023.0,27-08-2025,Verified
CUST00508,Manju Rao,+91-9505762456,manju.rao354 at outlook.com,26,female,Kochi,  Salaried - IT/Tech  ,Salaried,"928,971",3,Yes,no,1,Yes,575,"₹285,203",8912.59,Car Loan,,0,83.0,11.8,Married,0,Rented,3.2,305937.0,0,No,72,459949.0,23-02-2026,Verified
CUST00509,vivaan chauhan,9770442392-XX,vivaan.chauhan798@rediffmail.com,32,male,Bengaluru,Salaried - Private,Salaried,"1,423,279",0,N,No,N,false,841,"₹17,686",376.3,Credit Card,-157157,1,29.6,12.9,Married,3,Rented,10.3,,0,0,12,,2026/03/18,Verified
CUST00510,Ishaan Pandey,09170362901,ishaan.pandey145@hotmail.com,60,Female,Kolkata,Freelancer,Self-Employed,,3,Y,1,Yes,No,433,"₹351,258",6056.17,Home Loan,"₹3,294,107",0,96.3,3.9,Married,0,Owned,28.4,,0,Yes,240,4412175.0,2025/09/16,Verified
CUST00511,Kiran Rao,09874301128,kiran.rao692@outlook.com,42,MALE,Surat,Self Employed - Professional,Self-Employed,397576,0,No,NO,No,no,597,-20394.86,453.22,Credit Card,"₹424,769",0,15.4,3.8,Single,2,Rented,6.0,,0,0,12,,05-08-2026,Verified
CUST00512,Aditya Iyer,98374753,aditya.iyer655 at gmail.com,39,M,Pune,Self Employed - Professional,Self-Employed,1176346,1,N,0,1,no,622,"623,567",32819.32,Home Loan,"₹7,610,690",0,18.4,1.7,Married,2,Rented,13.1,,0,0,180,9211021.0,2025-10-11,Verified
CUST00513,Aryan Joshi,+91-9332768176,aryan.joshi138@hotmail.com,62,F,Ahmedabad,Salaried - Private,Salaried,"₹2,005,600",0,NO,false,false,false,817,99611.41,3112.86,Home Loan,-2299499,1,52.6,6.2,MARRIED,3,Rented,0.6,765262.0,3,No,120,2836770.0,26 Mar 2026,Verified
CUST00514,Krishna Saxena,9741235032,krishna.saxena537 at gmail.com,36,female,Lucknow,  Business Owner  ,Self-Employed,"₹2,386,044",3,Yes,yes,0,Yes,725,"₹1,312,332",25732.0,Personal Loan,"₹460,791",0,80.2,2.2,Married,1,Owned,2.1,,1,NO,60,,22-01-2026,Verified
CUST00515,Priya Desai,9612547316,priya.desai352@gmail.com,58,Male,indore,Self Employed - Professional,Self-Employed,1015551,2,No,YES,Yes,0,451,44786.74,1119.67,Car Loan,"₹1,002,947",0,12.3,4.0,Married,2,Rented,4.2,,3,N,48,1179562.0,14-02-2026,Verified
CUST00516,Rita Chopra,,rita.chopra446@gmail.com,54,Male,Hyderabad,Self Employed - Business,Self-Employed,-2088937,2,No,Yes,Yes,0,356,"₹652,070",26082.8,Car Loan,"₹1,119,126",0,62.7,12.3,Single,1,Rented,2.5,,0,Y,36,1231940.0,2026/02/16,Verified
CUST00517,Geeta Malhotra,9646615999-XX,geeta.malhotra564@yahoo.com,48,male,Chandigarh,Business Owner,Self-Employed,2080371,1,false,N,Y,No,837,1037761.71,34592.06,Credit Card,N/A,0,90.2,0.3,Married,1,Owned,8.3,,1,No,18,,03/22/2026,Verified
CUST00518,Karan Mishra,9501904358,karan.mishra630@gmail.com,24,M,Kanpur,Business Owner,Self-Employed,375724,1,N,1,false,NO,366,"₹181,088",6036.28,Personal Loan,,2,48.0,4.0,Single,1,Rented,1.8,,0,NO,48,,2026-07-28,Verified
CUST00519,Kritika Mishra,9749248785,kritika.mishra778@rediffmail.com,64,female,Bengaluru,Freelancer,Self-Employed,"₹1,539,616",1,Y,NO,No,no,882,,6947.89,Credit Card,174354,0,52.5,4.8,Single,4,Owned,5.5,288716.0,1,no,24,,2025/11/06,Verified
CUST00520,Saanvi Chopra,9705499264,saanvi.chopra574@gmail.com,47,Male,Coimbatore,Business Owner,Self-Employed,950120,2,Yes,1,NO,No,331,N/A,15910.86,Personal Loan,,1,99.5,3.6,Single,1,Rented,23.6,,2,No,60,,03 Sep 2025,Verified
CUST00521,Nikhil Saxena,9103298787,nikhil.saxena919@outlook.com,47,MALE,Chennai,Salaried - Education,Salaried,"1,731,682",1,YES,no,N,N,667,,26940.05,Home Loan,"₹7,044,187",0,79.4,5.9,Married,1,Owned,21.6,511447.0,0,No,180,9450642.0,05/23/2026,Verified
CUST00522,Diya Khanna,+91-9905759254,diya.khanna124@outlook.com,33,female,Nagpur,Freelancer,Self-Employed,-924750,1,yes,No,N,false,341,"₹474,195",21554.33,Home Loan,7811025,0,5.6,12.8,Married,1,Rented,1.0,775283.0,1,0,120,9141270.0,,Verified
CUST00523,Diya Saxena,09984038250,diya.saxena875@gmail.com,24,male,nagpur,Freelancer,Self-Employed,"₹534,823",1,false,Y,false,false,629,,458.74,Personal Loan,,1,23.6,8.8,Married,1,Owned,2.3,359850.0,0,no,48,,28-06-2026,Verified
CUST00524,Rohan Verma,98669902,rohan.verma966@hotmail.com,29,  Female  ,Indore,Self Employed - Business,Self-Employed,875429,2,true,false,yes,false,785,484722.71,32314.85,Personal Loan,642887,2,62.2,11.6,Married,1,Rented,4.4,296451.0,0,false,24,,2026-02-02,VERIFIED
CUST00525,Rita Patel,9317560037,"rita.patel354@hotmail,com",27,F,Coimbatore,Salaried - Government,Salaried,,2,Yes,No,no,YES,404,,4816.9,Credit Card,N/A,0,76.3,3.7,Married,2,Owned,3.1,,0,no,18,,2026/04/12,Verified
CUST00526,Mahesh Bhatt,9418609432,mahesh.bhatt315@outlook.com,58,Male,Kolkata,Salaried - Healthcare,Salaried,"₹500,427",1,Yes,NO,no,no,396,"₹129,458",4315.28,credit card,"₹143,998",1,69.8,12.5,Married,2,Company Provided,27.2,,0,NO,18,,03 Oct 2025,Verified
CUST00527,Rohan Mishra,09199072590,ROHAN.MISHRA900@HOTMAIL.COM,58,F,Hyderabad,Self Employed - Professional,Self-Employed,1395125,2,Yes,NO,1,NO,803,,11938.13,Home Loan,3461797,2,87.3,3.6,single,0,Owned,15.6,,3,0,240,4179175.0,2026-04-13,Pending
CUST00528,Vivaan Joshi,99435 39825,vivaan.joshi720 at rediffmail.com,55,  Female  ,Nagpur,Salaried - Government,Salaried,"2,202,426",2,Yes,Y,0,N,714,"₹684,881",32613.36,Credit Card,"₹211,410",2,40.7,2.3,Single,0,Owned,10.7,,0,No,24,,02-09-2025,Verified
CUST00529,Shreya Kapoor,9212636500,,46,F,bengaluru ,Freelancer,Self-Employed,"₹1,030,709",1,Y,false,0,NO,767,"₹466,888",33349.16,Car Loan,-793290,0,62.9,4.5,Married,0,Owned,22.3,398161.0,0,NO,84,869414.0,2026/05/30,Verified
CUST00530,ASHOK BANSAL,98696 05587,,53,FEMALE,Chennai,Salaried - IT/Tech,Salaried,1716504,1,no,no,0,1,386,292045.24,7301.13,HOME LOAN,N/A,5,71.1,6.7,Married,0,Rented,12.2,,0,no,180,9022637.0,2026-07-07,Verified
CUST00531,Meera Chauhan,+91-9183743117,meera.chauhan987@rediffmail.com,25,Female,Chandigarh,Freelancer,Self-Employed,N/A,2,1,Y,N,No,817,"705,735",33606.42,  Personal Loan  ,,1,23.6,14.9,Married,2,Owned,2.2,,0,NO,24,,02-03-2026,Verified
CUST00532,Vikram Sethi,,vikram.sethi680 at outlook.com,45,M,Lucknow,Business Owner,Self-Employed,460708,2,Y,true,false,N,650,,8125.76,CAR LOAN,682847,5,42.4,9.0,Married,1,RENTED,7.3,,1,N,72,817963.0,2026-01-10,Verified
CUST00533,Sunita Bhatia,9338582374,SUNITA.BHATIA888@YAHOO.COM,55,F,Lucknow,Salaried - Education,Salaried,-989633,1,1,false,N,false,645,"428,959",10213.31,Personal Loan,"₹410,029",0,97.0,2.7,Single,0,Rented,10.5,,1,0,60,,10/19/2025,Verified
CUST00534,Priya Shah,9492779292,priya.shah27@hotmail.com,,female,Nagpur,Freelancer,Self-Employed,,1,Yes,0,N,NO,567,N/A,9307.57,Car Loan,-551611,4,89.9,12.4,Married,3,Company Provided,18.1,299361.0,2,No,36,608883.0,14-09-2025,Verified
CUST00535,Kavya Reddy,,"kavya.reddy315@gmail,com",41,Female,Bhopal,Salaried - Government,Salaried,1670563,3,No,Yes,Y,1,519,819450.06,19510.72,Credit Card,"144,858",3,47.5,4.9,Married,2,Company Provided,3.2,,2,No,12,,2025/09/13,VERIFIED
CUST00536,kabir kapoor,9511170520,kabir.kapoor631@rediffmail.com,28,M,Coimbatore,Salaried - Private,Salaried,N/A,1,false,yes,N,no,826,N/A,7921.4,Home Loan,-2865577,4,93.8,8.4,Single,2,Owned,6.7,,1,0,300,3681489.0,16 Jan 2026,Verified
CUST00537,Rohan Singh,96290 45335,rohan.singh724@outlook.com,53,FEMALE,Jaipur,Freelancer,Self-Employed,"1,724,118",0,no,false,NO,No,594,-30650.53,1532.53,Car Loan,"₹548,843",6,82.2,6.5,Married,0,Rented,26.5,751216.0,0,no,84,672707.0,2025/10/02,Pending
CUST00538,Krishna Mishra,+91-9986714725,,41,F,bengaluru ,Self Employed - Professional,Self-Employed,N/A,1,yes,0,NO,false,735,,4686.31,Credit Card,"168,850",0,85.9,8.0,Married,2,company provided,10.0,,2,YES,18,,30 Mar 2026,Verified
CUST00539,RAJESH RATHI,95735 88674,rajesh.rathi737@outlook.com,62,FEMALE,Chennai,Salaried - Private,Salaried,"₹844,154",2,1,No,N,YES,677,,9114.12,Personal Loan,N/A,3,72.2,12.2,Married,0,Rented,4.1,,2,no,36,,07/11/2026,Verified
CUST00540,Meera Yadav,9108713252,meera.yadav907@gmail.com,54,Male,Indore,Salaried - IT/Tech,Salaried,"2,353,270",2,Yes,no,N,YES,469,"1,082,883",29267.11,Credit Card,368733,1,79.8,13.5,Married,1,Rented,11.1,,0,false,12,,2026-02-08,Verified
CUST00541,Sai Desai,+91-9976890591,sai.desai795 at hotmail.com,45,M,hyderabad,Salaried - Education,Salaried,"522,702",3,Yes,Y,no,Yes,780,,1342.83,Personal Loan,"₹257,954",0,73.1,3.4,Married,2,Owned,20.2,286342.0,0,Yes,60,,13-12-2025,Verified
CUST00542,Manju Patel,9208243963,manju.patel751@hotmail.com,41,MALE,Surat,SELF EMPLOYED - PROFESSIONAL,Self-Employed,,2,yes,Yes,NO,false,550,-427881.98,9301.78,Personal Loan,385757,1,34.3,6.4,Married,2,Rented,17.7,756181.0,0,yes,60,,2026-02-12,Verified
CUST00543,Amit Agarwal,99705506,amit.agarwal976@hotmail.com,,male,Kolkata,BUSINESS OWNER,Self-Employed,"₹2,140,443",2,true,no,false,Y,639,,6331.16,Home Loan,N/A,1,52.3,1.9,Married,3,Owned,17.5,,2,false,180,9109456.0,08/06/2026,Verified
CUST00544,Reyansh Singh,99517281,reyansh.singh374 at hotmail.com,24,  Male  ,Kolkata,salaried - private,Salaried,"₹486,502",1,yes,false,0,no,776,"151,387",3440.61,Home Loan,4430249,2,70.9,10.9,Single,2,Owned,0.9,,2,no,120,5318509.0,15-01-2026,Pending
CUST00545,Rahul Khanna,,rahul.khanna661@gmail.com,57,female,Hyderabad,Business Owner,Self-Employed,N/A,1,Yes,false,No,NO,884,"₹311,903",18347.24,Credit Card,"₹428,391",0,59.8,11.7,Single,2,Owned,1.0,508477.0,1,N,18,,09/24/2025,Verified
CUST00546,Aryan Khanna,+91-9105274731,aryan.khanna591@hotmail.com,51,Male,Pune,Business Owner,Self-Employed,,1,no,Y,no,No,455,,2173.91,Credit Card,,2,71.5,7.0,Married,2,Owned,18.3,,0,no,36,,10/18/2025,Verified
CUST00547,Kabir Verma,92298763,kabir.verma633@gmail.com,,  Male  ,Lucknow,Freelancer,Self-Employed,,1,false,true,false,No,337,"376,220",15675.82,Home Loan,,0,55.9,10.0,Married,3,Rented,21.8,723270.0,0,false,240,5420185.0,07-06-2026,Verified
CUST00548,Rajesh Desai,92509 80140,rajesh.desai945@outlook.com,21,female,Chennai,Self Employed - Business,Self-Employed,,2,true,Y,N,no,675,N/A,26371.72,home loan,2053795,3,74.9,0.2,Single,2,Rented,0.3,734414.0,1,No,120,2479374.0,2026-04-15,Verified
CUST00549,Vikram Reddy,09555118480,vikram.reddy958@outlook.com,56,FEMALE,COIMBATORE,Salaried - Healthcare,Salaried,"1,924,742",3,YES,NO,true,Y,376,"₹1,025,621",48839.08,Credit Card,"93,843",10,93.4,6.5,Married,0,Owned,15.0,599300.0,0,false,12,,03 Apr 2026,Verified
CUST00550,Radhika Sharma,09542747932,radhika.sharma234@yahoo.com,29,Female,Kochi,Salaried - Government,Salaried,1736089,2,yes,N,Yes,N,307,N/A,4053.99,Car Loan,"₹367,912",0,16.8,9.3,Single,1,Rented,7.3,,0,Y,48,432143.0,2026/03/03,Verified
CUST00551,Ramesh Chauhan,94736 96649,RAMESH.CHAUHAN381@OUTLOOK.COM,48,male,AHMEDABAD,Salaried - IT/Tech,Salaried,-2311468,1,0,yes,0,No,302,"₹153,334",3262.42,Credit Card,423259,0,79.4,2.0,Married,3,  Rented  ,11.3,486994.0,0,true,36,,16-11-2025,Verified
CUST00552,Aditya Bhatt,91140 97170,,63,F,Bhopal,Salaried - Government,Salaried,"₹921,311",1,NO,0,Yes,no,362,"₹256,192",10674.66,Credit Card,,1,28.4,7.0,Married,0,Owned,26.1,,0,No,24,,2025-12-06,Verified
CUST00553,Kabir Kumar,9855983760, kabir.kumar202@gmail.com ,22,FEMALE,Kolkata,Salaried - Healthcare,Salaried,"1,790,376",1,Y,no,No,0,509,129440.29,10786.69,Car Loan,717259,10,81.3,11.7,Single,0,Rented,1.0,,2,true,60,871210.0,05-10-2025,Verified
CUST00554,Arjun Desai,93582 86271,arjun.desai851@yahoo.com,65,FEMALE,Mumbai,Salaried - Private,Salaried,541511,0,false,NO,No,NO,638,33943.95,2611.07,Credit Card,436863,0,47.5,7.4,Married,3,Owned,22.5,326964.0,1,no,24,,2026-06-15,Verified
CUST00555,Rahul Pandey,+91-9859918130,rahul.pandey68@outlook.com,32,Male,Jaipur,Freelancer,Self-Employed,458954,1,No,yes,N,N,704,N/A,4793.47,Home Loan,6859327,0,11.2,7.1,married,0,Owned,6.8,,0,yes,120,8142775.0,01-05-2026,verified
CUST00556,Vihaan Joshi,96152 79977,vihaan.joshi585@outlook.com,36,male,Kolkata,Salaried - Healthcare,Salaried,"₹2,132,465",1,yes,N,N,No,596,,39250.64,Home Loan,N/A,0,83.1,4.1,Single,3,Company Provided,2.4,188236.0,0,YES,180,1909312.0,24-03-2026,Verified
CUST00557,Rohan Pandey,98144 22691,rohan.pandey676@gmail.com,61,female,Hyderabad,Freelancer,Self-Employed,"₹651,014",1,1,No,no,0,816,,7054.48,Home Loan,"2,729,819",4,12.9,6.8,Married,3,Rented,17.8,646115.0,0,NO,120,3801620.0,2026-03-18,Verified
CUST00558,Manish Bhatt,,manish.bhatt165@gmail.com,49,  Female  ,Kochi,Freelancer,Self-Employed,,0,no,no,0,No,311,"68,889",4592.59,Credit Card,156053,1,44.8,4.9,Single,3,Owned,5.5,,0,N,12,,14-11-2025,Verified
CUST00559,Anjali Pandey,9977399710-XX,anjali.pandey605@outlook.com,31,M,coimbatore,Freelancer,Self-Employed,"₹930,978",1,YES,No,0,0,788,"371,228",24748.5,car loan,390460,1,26.8,1.9,Single,0,RENTED,1.4,,0,No,36,423808.0,18-01-2026,Verified
CUST00560,Preeti Tiwari,+91-9694006191,preeti.tiwari572@yahoo.com,42,M,Kanpur,Salaried - Government,Salaried,"₹2,230,384",0,NO,no,N,false,486,"₹65,317",4665.48,Home Loan,7388895,1,84.3,5.8,Married,2,Company Provided,9.2,533775.0,0,NO,180,9533214.0,17-10-2025,Verified
CUST00561,Rohan Khanna,09481791843,rohan.khanna594@yahoo.com,61,female,Jaipur,Freelancer,Self-Employed,824530,1,true,NO,NO,no,572,264487.16,5749.72,Personal Loan,,0,46.4,14.8,Married,0,COMPANY PROVIDED,16.0,,0,false,12,,10 Oct 2025,Verified
CUST00562,Dhruv Saxena,92212 75056,dhruv.saxena601@yahoo.com,43,M,Pune,Salaried - Education,Salaried,752819,2,true,No,no,yes,491,N/A,31651.07,Car Loan,973642,1,14.0,5.1,Single,0,Owned,20.0,376566.0,0,no,24,1105847.0,2026-07-24,Verified
CUST00563,Aryan Tiwari,94104 74779,aryan.tiwari281@gmail.com,57,Female,Nagpur,Salaried - Government,Salaried,"₹2,271,516",0,no,no,NO,false,828,"28,798",1028.49,CREDIT CARD,,1,91.2,0.2,Married,3,OWNED,8.4,,0,NO,12,,,Verified
CUST00564,SWATI PATEL,95236122,swati.patel642@hotmail.com,37,Female,Coimbatore,Self Employed - Professional,Self-Employed,,0,N,0,NO,No,880,"61,228",3601.62,Car Loan,1013629,1,98.0,12.1,Married,0,owned,9.7,783614.0,1,1,36,1205608.0,2026/03/09,Verified
CUST00565,Aditya Shah,92217 49994,aditya.shah73@hotmail.com,26,M,DELHI,Self Employed - Professional,Self-Employed,,1,YES,N,N,0,,"117,386",2395.63,Car Loan,"₹987,139",0,10.3,7.4,Married,2,Rented,1.7,547765.0,1,NO,48,1218230.0,06-03-2026,Verified
CUST00566,Vikram Rathi,98951 70314,"vikram.rathi883@rediffmail,com",60,  Female  ,Indore,Business Owner,Self-Employed,"₹2,021,595",2,YES,N,No,YES,618,"₹381,775",10907.87,Home Loan,"₹7,844,021",0,56.1,0.6,Married,4,Rented,29.0,529816.0,1,N,180,10701279.0,03/03/2026,Verified
CUST00567,Priya Sethi,95093 75233,priya.sethi803 at yahoo.com,61,F,Indore,Salaried - Healthcare,Salaried,,1,1,No,0,0,534,"840,008",70000.68,Home Loan,"2,844,393",4,16.2,2.5,married,2,Rented,28.9,,1,0,180,3814195.0,2026/07/05,Verified
CUST00568,Vivaan Kumar,91848 95487,vivaan.kumar182@outlook.com,27,M,Kanpur,Freelancer,Self-Employed,,2,true,NO,false,Y,849,12193.89,290.33,Home Loan,5536601,2,99.2,2.1,Single,0,Rented,5.7,,1,false,240,6984582.0,2026-03-23,Verified
CUST00569,Rekha Patel,9785685141,rekha.patel832 at hotmail.com,25,male,Hyderabad,Self Employed - Business,Self-Employed,"₹524,274",2,Y,Yes,NO,No,650,"₹71,713",2109.21,Home Loan,,1,48.8,5.4,Single,0,Company Provided,3.8,245938.0,1,false,180,9968239.0,01/02/2026,Verified
CUST00570,Anil Nair,,,37,M,Kanpur,Salaried - IT/Tech,Salaried,2259679,3,yes,yes,true,false,414,,7905.7,Personal Loan,797556,8,32.1,8.2,Single,2,Rented,15.1,,3,NO,48,,2025-12-09,verified
CUST00571,Nikhil Mishra,+91-9788822198,nikhil.mishra695@yahoo.com,52,  Male  ,Mumbai,Self Employed - Professional,Self-Employed,,0,no,No,0,0,312,"123,921",8261.41,  Credit Card  ,"₹338,106",3,96.4,12.4,Married,2,Owned,11.8,,3,0,18,,09 Jan 2026,Verified
CUST00572,Karan Mehta,9346443488-XX,,21,MALE,Hyderabad,Freelancer,Self-Employed,N/A,0,false,NO,N,No,368,"₹49,705",1461.9,Personal Loan,,0,92.1,14.3,Married,1,Rented,0.3,551310.0,0,0,60,,09 Jul 2026,Verified
CUST00573,Sanjay Rathi,96932 11288,SANJAY.RATHI110@GMAIL.COM,62,Female,ahmedabad,Salaried - Government,Salaried,"₹916,913",1,true,NO,false,N,851,"₹404,546",7932.28,Home Loan,6418457,1,78.8,13.3,Single,2,owned,29.6,,1,false,120,7821276.0,13 Apr 2026,Verified
CUST00574,Amit Chopra,+91-9349699944,amit.chopra38@gmail.com,59,M,Jaipur,SELF EMPLOYED - BUSINESS,Self-Employed,"1,423,233",2,yes,Yes,No,false,760,"138,965",5146.85,Personal Loan,645604,3,19.3,1.9,Single,2,Owned,27.6,811173.0,0,No,60,,09/20/2025,Verified
CUST00575,Kritika Khanna,+91-9327731112,"kritika.khanna172@yahoo,com",28,M,Hyderabad,Salaried - Private,Salaried,"₹1,076,425",2,1,no,Y,no,695,297938.81,8276.08,Credit Card,43755,5,53.3,9.5,Single,2,Rented,3.5,,0,false,24,,30-11-2025,Verified
CUST00576,Kiran Gupta,9410057868,kiran.gupta64@yahoo.com,56,FEMALE,Lucknow,Self Employed - Professional,Self-Employed,-656735,0,NO,false,No,no,863,-42130.5,1755.44,Car Loan,948712,0,98.3,4.9,Single,0,Owned,22.1,,0,NO,36,996813.0,2026-01-15,Pending
CUST00577,Vinod Agarwal,95071 51520,vinod.agarwal449@gmail.com,42,Male,New Delhi,Salaried - Education,Salaried,2115507,1,0,0,no,Yes,313,1148703.92,31046.05,Car Loan,-927238,4,72.4,10.6,Single,3,Company Provided,0.3,,0,0,72,1023460.0,07/08/2026,Verified
CUST00578,Divya Bansal,9116153797,,33,female,Indore,Freelancer,Self-Employed,1148516,2,Y,YES,No,N,714,109779.03,2195.58,Home Loan,1629407,1,56.3,8.5,married,2,Owned,6.5,,1,N,120,2022128.0,03/03/2026,Verified
CUST00579,Saanvi Patel,9489791207,SAANVI.PATEL465@GMAIL.COM,57,female,Nagpur,Salaried - Private,Salaried,,2,YES,no,yes,No,667,"₹352,639",6781.52,Personal Loan,"₹448,606",0,97.9,8.4,Married,3,Rented,11.2,204630.0,0,No,36,,10/25/2025,VERIFIED
CUST00580,neha iyer,9858132966,,52,Female,Nagpur,Self Employed - Business,Self-Employed,,1,Yes,no,0,0,587,33802.29,593.02,Home Loan,"₹2,655,705",0,21.8,2.3,SINGLE,1,RENTED,13.6,,2,Y,240,3532756.0,01-03-2026,Verified
CUST00581,Krishna Kumar,+91-9984019695, krishna.kumar567@outlook.com ,64,F,Kanpur,Business Owner,Self-Employed,"490,301",2,YES,no,Yes,N,444,-37163.4,1061.81,Home Loan,,2,6.7,11.1,Married,1,Company Provided,27.0,,3,0,180,2035922.0,15-01-2026,Verified
CUST00582,  Pooja Patel  ,09640198103,pooja.patel167@rediffmail.com,60,F,Jaipur,Salaried - Private,Salaried,,1,true,false,false,no,487,52619.34,1879.26,Home Loan,"₹3,516,373",0,99.4,1.3,Single,2,Company Provided,23.2,199433.0,1,yes,120,4124237.0,2026-06-16,Verified
CUST00583,Aarav Bansal,9291126315,aarav.bansal865@hotmail.com,27,Male,Lucknow,Self Employed - Business,Self-Employed,"₹2,092,660",1,1,NO,N,no,751,66848.07,1392.67,Personal Loan,,0,48.9,12.2,Married,2,Owned,3.1,,2,0,60,,06/15/2026,Verified
CUST00584,Kritika Tiwari,+91-9451359250,kritika.tiwari716@outlook.com,35,Male,Kochi,Business Owner,Self-Employed,2033104,0,No,false,no,no,,N/A,4172.62,home loan,"₹7,925,599",0,84.5,1.5,Single,2,Company Provided,13.7,383141.0,0,NO,120,9184821.0,02/12/2026,Verified
CUST00585,Isha Chauhan,9702884927,isha.chauhan680@rediffmail.com,46,male,Calcutta,Salaried - Government,Salaried,"₹2,264,075",1,NO,YES,false,0,668,N/A,13217.68,Personal Loan,403784,4,19.4,8.0,Married,1,Rented,1.3,,0,0,36,,2026-01-26,Pending
CUST00586,Sneha Reddy,9687511227-XX,,41,F,Nagpur,Salaried - IT/Tech,Salaried,,1,0,NO,N,yes,754,,19539.8,Credit Card,"₹226,293",0,63.9,5.4,Married,1,Owned,3.9,,1,No,24,,02/08/2026,Verified
CUST00587,Anjali Mishra,,ANJALI.MISHRA317@GMAIL.COM,63,M,Ahmedabad,Salaried - Government,Salaried,,0,no,NO,no,0,319,N/A,308.15,Home Loan,N/A,0,70.2,2.8,Single,1,Rented,27.6,839938.0,0,Yes,180,10105945.0,2025/10/07,Verified
CUST00588,Kabir Kapoor,+91-9436883282,"kabir.kapoor804@rediffmail,com",43,male,Bombay,Self Employed - Business,Self-Employed,"2,051,880",1,NO,0,Y,NO,645,264198.57,4555.15,Personal Loan,971182,0,80.8,10.4,Married,1,Rented,7.7,,0,false,12,,2026-04-09,Verified
CUST00589,Rekha Singh,9597889349-XX,"rekha.singh610@rediffmail,com",24,Female,Kanpur,Salaried - Private,Salaried,"₹1,267,204",1,no,No,YES,no,594,727927.06,14273.08,Personal Loan,"368,832",3,6.2,10.4,Married,0,Owned,2.8,,0,0,36,,27-09-2025,Verified
CUST00590,Manish Mishra,,manish.mishra932@gmail.com,35,Female,Calcutta,Freelancer,Self-Employed,1806485,1,YES,N,No,false,648,"158,799",4537.1,Home Loan,2092753,0,43.7,7.4,Single,0,Owned,8.1,,2,N,120,2692711.0,07 Apr 2026,Verified
CUST00591,Aditya Chauhan,9846735731,aditya.chauhan917@yahoo.com,51,  Female  ,Chennai,Self Employed - Professional,Self-Employed,1113046,1,no,YES,0,NO,683,575592.61,44276.35,Credit Card,225851,1,40.8,12.8,Married,1,Owned,19.1,,0,no,36,,02-02-2026,Verified
CUST00592,Lata Chopra,9297187203,lata.chopra293@gmail.com,50,Female,Kolkata,Salaried - Private,Salaried,,0,NO,no,No,false,526,"33,337",1852.05,  Credit Card  ,27986,2,8.0,0.8,Single,1,Rented,10.5,723229.0,0,Yes,24,,2025/12/28,verified
CUST00593,Manju Sethi,9225250114,"manju.sethi91@hotmail,com",46,FEMALE,Ahmedabad,Self Employed - Business,Self-Employed,"₹327,242",1,1,NO,0,no,767,"₹65,596",1366.57,Home Loan,"4,211,849",4,86.8,1.5,Married,2,Owned,4.4,864938.0,0,N,180,5683195.0,16-08-2026,Verified
CUST00594,Kavya Shah,9659055230,"kavya.shah192@gmail,com",37,Female,bhopal,Salaried - Private,Salaried,"828,827",2,true,NO,Yes,N,465,-112214.77,1870.25,Credit Card,"₹114,860",0,71.5,2.7,Single,2,Rented,1.4,,0,NO,36,,2025/08/28,Verified
CUST00595,Nisha Kumar,9565719249-XX,"nisha.kumar109@gmail,com",53,M,Pune,Freelancer,Self-Employed,1857883,1,Yes,NO,N,0,882,,14921.95,Home Loan,2904918,2,13.9,8.4,Married,0,Company Provided,10.4,551234.0,2,NO,180,3389436.0,2026/03/06,Verified
CUST00596,ishaan desai,,ishaan.desai492 at yahoo.com,53,F,Lucknow,Salaried - IT/Tech,Salaried,"₹524,061",1,N,No,true,no,788,"51,100",3406.68,Personal Loan,"₹627,974",0,33.0,2.1,Single,4,Owned,28.4,216510.0,0,true,24,,2025/11/01,Pending
CUST00597,usha desai,09902914771,"usha.desai113@gmail,com",47,Female,Pune,Salaried - Private,Salaried,N/A,1,N,No,Yes,No,351,138064.28,2422.18,Personal Loan,279656,4,17.4,6.7,Married,3,Rented,3.0,,0,Yes,24,,2026/05/10,Verified
CUST00598,Diya Sethi,91505 03264,diya.sethi417 at outlook.com,46,MALE,Mumbai,Salaried - Private,Salaried,"₹1,744,662",0,no,false,0,0,770,62085.35,1267.05,Credit Card,"340,395",1,17.5,1.3,Married,0,Rented,10.6,,1,N,36,,2026-01-25,Verified
CUST00599,Simran Verma,9270855252,simran.verma597@rediffmail.com,34,MALE,MUMBAI,Salaried - IT/Tech,Salaried,"1,339,941",1,No,N,N,true,696,N/A,15002.82,Credit Card,,4,94.2,6.4,MARRIED,0,Owned,11.5,,0,1,36,,2026-04-18,  Pending  
CUST00600,Manju Sethi,91435717,manju.sethi393@yahoo.com,65,FEMALE,Chennai,Salaried - Government,Salaried,"₹2,448,091",1,N,0,true,NO,560,"₹441,395",31528.24,Home Loan,5119560,0,23.7,4.7,Single,2,Rented,10.5,603389.0,0,0,180,6380687.0,2026/04/05,Verified
CUST00601,Ayaan Gupta,94173 09724,ayaan.gupta992@yahoo.com,37,M,INDORE,Self Employed - Business,Self-Employed,,0,No,No,no,NO,403,118233.85,2687.13,Credit Card,"₹299,865",2,95.2,9.0,Single,0,RENTED,6.7,,1,YES,12,,28 Jul 2026,Verified
CUST00602,RAMESH CHOPRA,9383113206,,56,F,Ahmedabad,Self Employed - Business,Self-Employed,"₹1,481,675",1,NO,No,true,0,358,,12007.18,Personal Loan,307449,0,24.2,12.3,  Single  ,0,Owned,25.1,,0,false,36,,01/09/2026,Verified
CUST00603,NEHA CHAUHAN,98814308,,64,Female,Chandigarh,Salaried - Healthcare,Salaried,,1,yes,N,No,false,643,"₹1,251,303",35751.52,  Personal Loan  ,"₹507,793",0,49.9,12.9,Married,3,Rented,15.2,,0,0,36,,29-10-2025,Verified
CUST00604,Diya Iyer,9497219073,diya.iyer23 at rediffmail.com,65,M,Lucknow,Salaried - IT/Tech,Salaried,,1,yes,no,false,NO,630,"₹1,147,180",32776.58,Home Loan,4830905,0,47.4,1.9,Single,0,Rented,8.5,732690.0,1,0,180,6020281.0,2026/01/19,Verified
CUST00605,Mahesh Nair,9798646390,mahesh.nair558 at rediffmail.com,33,M,KOLKATA,Salaried - Education,Salaried,787981,1,YES,No,false,0,357,214081.13,5633.71,Personal Loan,-739738,3,26.5,14.4,Single,0,Rented,8.3,855110.0,2,Y,24,,26-10-2025,Verified
CUST00606,Ashok Bhatt,9579569759-XX,ashok.bhatt95@rediffmail.com,38,Female,Kolkata,Self Employed - Professional,Self-Employed,"₹1,821,475",1,0,NO,0,true,817,871587.24,31128.12,Car Loan,"₹1,344,497",0,52.2,9.7,Married,2,Rented,0.7,,1,No,36,1471569.0,10-04-2026,Verified
CUST00607,Krishna Agarwal,9561681813,"krishna.agarwal410@outlook,com",47,Male,pune,Business Owner,Self-Employed,"314,282",2,Yes,N,No,yes,665,"₹153,739",3843.47,Credit Card,"₹32,890",5,39.9,9.8,Single,0,Owned,4.2,,0,no,24,,2025/11/29,Verified
CUST00608,Mahesh Bhatia,9309237446,mahesh.bhatia123 at hotmail.com,22,Female,Ahmedabad,Salaried - Government,Salaried,,1,false,0,0,yes,468,,27542.56,Credit Card,,0,37.9,10.7,Married,1,Company Provided,0.3,,1,N,36,,12/30/2025,Verified
CUST00609,Ashok Shah,09760748777,ashok.shah361@yahoo.com,36,F,KOLKATA,Self Employed - Business,Self-Employed,"2,156,792",1,Yes,N,false,No,478,"₹1,843",52.66,HOME LOAN,-7298121,2,90.0,12.5,Single,0,Owned,6.6,,3,No,120,10048414.0,,Pending
CUST00610,Aditya Desai,93012 59541,aditya.desai399 at rediffmail.com,52,male,Kochi,Self Employed - Business,Self-Employed,"₹1,138,455",3,1,Y,NO,Yes,402,"241,959",5148.06,Personal Loan,986324,6,69.4,9.6,married,0,Rented,20.1,,0,N,36,,05/26/2026,Verified
CUST00611,Sunil Chopra,+91-9613760094,sunil.chopra206 at outlook.com,49,FEMALE,Chennai,Self Employed - Business,Self-Employed,"₹1,180,049",0,N,NO,No,N,445,112374.18,1971.48,Credit Card,,0,62.7,4.0,Married,2,Rented,20.8,761765.0,3,No,18,,,Verified
CUST00612,Isha Chopra,9161374984,isha.chopra387@yahoo.com,60,M,Pune,Salaried - Healthcare,Salaried,,1,no,yes,NO,No,790,,9736.42,credit card,,1,55.5,4.2,SINGLE,1,Owned,7.3,,0,false,24,,27-10-2025,Verified
CUST00613,Ananya Singh,91145 51406,ananya.singh910@gmail.com,35,M,Kolkata,Salaried - Education,Salaried,N/A,2,true,1,N,0,784,"₹213,004",5916.77,Credit Card,"₹184,537",2,80.1,0.9,married,2,Rented,13.1,,0,no,24,,2025/10/01,Verified
CUST00614,Sunil Khanna,+91-9822875673,sunil.khanna351 at outlook.com,48,F,MUMBAI,Salaried - Government,Salaried,,1,no,Yes,0,No,666,"₹906,404",60426.92,Home Loan,-1504428,3,6.7,2.7,Divorced,2,Owned,23.4,,0,NO,180,1845738.0,07-12-2025,Verified
CUST00615,Anil Tiwari,9561705191,anil.tiwari928@rediffmail.com,46,FEMALE,Coimbatore,Business Owner,Self-Employed,2002817,2,1,0,0,Yes,736,"₹589,489",14035.44,Personal Loan,133784,3,98.6,2.9,Married,1,  Rented  ,11.7,582582.0,0,0,60,,2026-03-29,Verified
CUST00616,Sunita Mishra,,sunita.mishra964@rediffmail.com,65,Female,Pune,Salaried - Government,Salaried,"₹684,598",1,0,NO,no,Y,824,276076.53,5634.21,Car Loan,,0,18.7,2.5,Married,1,Owned,10.7,,0,no,84,777203.0,2026/01/18,Verified
CUST00617,Sanjay Verma,9101278408,sanjay.verma144@hotmail.com,56,M,Nagpur,Salaried - IT/Tech,Salaried,,1,YES,false,false,No,758,-568231.88,18330.06,Credit Card,240090,3,41.6,5.3,Single,0,Rented,1.3,,0,0,36,,05 Dec 2025,VERIFIED
CUST00618,Vinod Chopra,9392486848,"vinod.chopra579@hotmail,com",60,Male,Bhopal,Business Owner,Self-Employed,,2,YES,NO,false,YES,689,"₹84,420",3376.8,Credit Card,"₹384,234",0,49.3,0.3,Married,0,Rented,14.0,,0,false,12,,,Verified
CUST00619,SEEMA DESAI,9766541261,seema.desai871@rediffmail.com,57,Female,Nagpur,Salaried - Healthcare,Salaried,"₹1,481,505",1,Y,No,no,false,568,"777,487",25916.23,Personal Loan,,2,79.6,11.9,Married,0,Rented,18.2,605596.0,2,Yes,36,,01/14/2026,Verified
CUST00620,Nikhil Rao,9717315552,nikhil.rao903@outlook.com,47,FEMALE,Mumbai,Freelancer,Self-Employed,"1,018,640",2,YES,YES,0,false,788,,17688.79,Car Loan,"509,209",0,14.8,0.3,Single,2,Owned,18.1,509053.0,0,no,72,570085.0,2026/01/19,Verified
CUST00621,kiran malhotra,9497868623,kiran.malhotra345@hotmail.com,58,Male,Chennai,Salaried - Private,Salaried,"1,325,229",1,1,NO,NO,false,690,"738,603",35171.59,Personal Loan,"644,095",0,7.6,13.5,Single,0,Rented,6.4,,0,0,36,,2026/05/23,Verified
CUST00622,Priya Reddy,9455158753,priya.reddy597@outlook.com,61,F,Mumbai,Freelancer,Self-Employed,,1,0,YES,no,0,370,"₹329,692",9419.77,Car Loan,N/A,0,36.1,5.9,Married,0,Rented,11.3,,0,false,60,753470.0,2026-08-04,Verified
CUST00623,Aditya Bhatia,9366997758,aditya.bhatia200@outlook.com,50,Female,Calcutta,Salaried - IT/Tech,Salaried,,2,true,1,NO,No,893,,8477.06,Home Loan,"₹6,032,132",3,8.1,11.9,Divorced,2,Rented,26.0,,0,NO,120,7167667.0,26-07-2026,Verified
CUST00624,Mahesh Joshi,9570464462,mahesh.joshi911@outlook.com,25,Female,Jaipur,Self Employed - Professional,Self-Employed,457453,2,true,no,YES,false,675,,11817.87,Personal Loan,904659,1,94.7,6.4,Married,1,Owned,3.5,,0,No,60,,2025-11-12,Verified
CUST00625,Karan Sharma,9246342612,karan.sharma17@yahoo.com,42,FEMALE,Hyderabad,Self Employed - Professional,Self-Employed,"₹1,157,362",2,0,yes,Y,NO,779,306219.38,5279.64,Credit Card,"371,444",4,79.4,5.6,Single,1,Owned,16.4,,0,NO,18,,09/24/2025,Verified
CUST00626,Suresh Shah,,suresh.shah58@gmail.com,32,MALE,Coimbatore,Salaried - IT/Tech,Salaried,"2,345,294",2,Yes,yes,false,false,434,,1427.57,CAR LOAN,-1261444,0,97.4,8.8,Single,4,Rented,1.3,,3,no,36,1398355.0,2026/03/05,Verified
CUST00627,  Geeta Sethi  ,98754 69593,geeta.sethi424@outlook.com,63,Female,Hyderabad,Business Owner,Self-Employed,,3,Y,Y,1,false,487,-1320167.53,88011.17,Home Loan,4517891,1,26.6,13.1,Married,2,Rented,4.7,,3,no,240,5871900.0,2026/06/21,Verified
CUST00628,Diya Chopra,95232 72165,diya.chopra777@rediffmail.com,39,M,Kochi,Self Employed - Business,Self-Employed,1337693,1,1,NO,no,0,378,"637,621",35423.41,Personal Loan,138642,0,9.5,8.1,Divorced,0,Rented,17.7,,2,N,12,,2026-08-03,Verified
CUST00629,Lata Gupta,+91-9587923963,lata.gupta876@gmail.com,52,female,Delhi,Self Employed - Professional,Self-Employed,933552,1,true,N,false,false,663,,3119.28,Credit Card,,0,21.7,13.6,Single,2,Owned,16.9,166098.0,2,NO,12,,06-03-2026,Verified
CUST00630,Ramesh Mehta,,ramesh.mehta831@outlook.com,58,Female,Pune,SELF EMPLOYED - PROFESSIONAL,Self-Employed,306323,1,N,No,1,false,609,81387.32,6260.56,Car Loan,"₹1,353,196",3,52.4,9.1,Single,0,Rented,24.2,430643.0,1,No,84,1515407.0,2026-07-05,Verified
CUST00631,Ananya Reddy,9946133097,ananya.reddy699@hotmail.com,52,M,Kolkata,Salaried - Education,Salaried,"2,091,549",1,false,1,NO,No,624,"₹519,685",17920.17,Personal Loan,"₹524,323",5,50.0,12.0,Married,1,Owned,12.7,,0,NO,60,,2025-11-02,Verified
CUST00632,Kavya Agarwal,9878599985,KAVYA.AGARWAL950@YAHOO.COM,30,  Female  ,Hyderabad,Salaried - Government,Salaried,-1652999,0,no,No,No,No,455,-97760.41,3055.01,  Home Loan  ,,0,49.0,10.9,Married,1,Rented,6.6,,3,no,300,4034354.0,2026/07/31,Verified
CUST00633,Sneha Sharma,97939 66999,sneha.sharma685@rediffmail.com,42,Male,Pune,Self Employed - Professional,Self-Employed,"₹748,661",2,Yes,N,no,YES,887,"₹240,065",9233.28,Personal Loan,117352,3,13.0,12.8,Married,3,Rented,8.0,647060.0,2,N,60,,2025-11-12,Verified
CUST00634,Shreya Malhotra,9675295261,shreya.malhotra512 at hotmail.com,40,MALE,HYDERABAD,Salaried - Government,Salaried,"1,670,348",1,1,NO,no,0,436,839020.82,15254.92,Credit Card,,3,21.9,13.9,Single,1,Rented,9.3,,0,no,36,,2026-07-18,Verified
CUST00635,Usha Chopra,99041 62114, usha.chopra319@gmail.com ,59,FEMALE,Chennai,Self Employed - Professional,Self-Employed,"₹1,542,328",2,No,yes,yes,no,448,"₹165,688",6903.68,Personal Loan,N/A,0,11.1,4.4,Single,2,Rented,3.6,,3,Y,60,,2026-08-19,verified
CUST00636,Sai Joshi,9760348367-XX,sai.joshi458@yahoo.com,47,F,Kochi,Salaried - Government,Salaried,,3,1,Y,0,YES,524,511874.11,13124.98,Home Loan,,2,75.8,10.7,Married,1,Owned,4.4,557979.0,0,0,240,2191644.0,,Verified
CUST00637,Vikram Rao,9668503514, vikram.rao921@yahoo.com ,56,M,Kanpur,Freelancer,Self-Employed,"₹978,801",0,0,0,0,0,878,"₹75,104",5006.93,Credit Card,256507,0,71.3,2.6,Married,1,Owned,7.0,,3,0,36,,2026/08/05,Verified
CUST00638,dhruv reddy,,dhruv.reddy496@hotmail.com,26,M,Hyderabad,Freelancer,Self-Employed,N/A,2,yes,NO,Y,no,411,N/A,61.17,personal loan,"212,584",2,80.2,3.2,MARRIED,2,Owned,2.8,,3,N,24,,2026-04-19,Verified
CUST00639,Ashok Bhatia,09167968595,,41,Male,Nagpur,Business Owner,Self-Employed,"2,367,826",1,1,No,0,NO,679,1172815.16,53309.78,Credit Card,N/A,4,56.1,1.7,Single,1,Rented,12.5,,0,no,36,,2026/05/10,Verified
CUST00640,Isha Agarwal,9549897021,isha.agarwal594 at rediffmail.com,62,MALE,Coimbatore,Salaried - IT/Tech,Salaried,"₹1,767,769",1,false,yes,No,N,454,"744,049",20668.02,car loan,"₹1,137,295",1,77.6,9.3,Married,3,Owned,13.6,530422.0,1,yes,48,1268346.0,2026-06-30,Verified
CUST00641,Saanvi Mishra,9783395805,saanvi.mishra10 at hotmail.com,40,F,Mumbai,Business Owner,Self-Employed,1424564,1,false,1,NO,N,611,,1344.7,Home Loan,5563703,0,5.4,11.8,Married,2,Rented,10.8,,2,NO,240,6502951.0,,Verified
CUST00642,Simran Rathi,,simran.rathi868@outlook.com,28,  Female  ,Bhopal,Self Employed - Professional,Self-Employed,"1,512,050",0,no,No,NO,false,895,"₹81,112",1763.3,Credit Card,219659,0,60.5,0.6,Married,0,Rented,4.7,,0,No,18,,,Verified
CUST00643,Aditya Patel,9527855608-XX,aditya.patel143@hotmail.com,,Female,Nagpur,Salaried - IT/Tech,Salaried,,1,Yes,NO,NO,No,667,173723.89,6681.69,Credit Card,311651,4,59.4,3.0,Single,0,Rented,1.4,,0,No,36,,07-01-2026,Verified
CUST00644,Vinod Kumar,9694135942,"vinod.kumar356@hotmail,com",36,Male,Chennai,BUSINESS OWNER,Self-Employed,1854232,2,NO,Y,Yes,N,699,845276.46,22845.31,Credit Card,"330,469",4,79.0,5.5,Married,3,Company Provided,6.0,345794.0,1,No,24,,2026/04/04,Verified
CUST00645,Vihaan Desai,,vihaan.desai492@gmail.com,62,Male,Kochi,Business Owner,Self-Employed,"₹979,458",3,YES,0,yes,Y,508,"251,364",4488.65,Credit Card,"₹44,958",0,92.3,4.7,Divorced,0,Rented,1.6,,1,true,36,,03/05/2026,  Verified  
CUST00646,Aditya Chopra,9252217266,aditya.chopra807@yahoo.com,28,female,Kanpur,Salaried - Education,Salaried,"2,303,563",1,YES,no,false,0,485,N/A,14383.93,Car Loan,"₹794,742",0,65.3,10.0,Married,0,Rented,3.5,,0,0,48,893666.0,2025/12/18,VERIFIED
CUST00647,Ananya Patel,92034 96796,ananya.patel869 at yahoo.com,55,F,LUCKNOW,Salaried - Private,Salaried,"₹2,351,429",0,N,N,no,N,523,,426.73,Credit Card,,2,42.5,9.9,Single,3,Owned,21.6,,2,0,36,,06-05-2026,Verified
CUST00648,Sunil Nair,09675602611, sunil.nair658@rediffmail.com ,36,M,Coimbatore,SALARIED - HEALTHCARE,Salaried,1647331,1,false,1,No,No,654,,4322.49,Credit Card,N/A,0,52.7,7.4,Single,1,Owned,13.8,,1,false,12,,2026/01/05,Verified
CUST00649,Manish Nair,,manish.nair236@outlook.com,61,Male,Kanpur,Self Employed - Business,Self-Employed,N/A,1,1,false,no,no,414,"773,973",18877.4,Credit Card,"₹206,859",1,71.7,14.7,Married,1,Rented,18.2,323526.0,0,0,18,,,Verified
CUST00650,Riya Gupta,9945588120-XX,"riya.gupta71@yahoo,com",36,male,Indore,Salaried - Private,Salaried,"₹2,451,593",2,Y,false,true,no,369,,22552.08,Home Loan,-6057573,1,5.9,12.4,MARRIED,1,Owned,3.0,,0,No,180,8369419.0,,Verified
CUST00651,Preeti Rathi,9649603215,preeti.rathi52@gmail.com,53,Male,kanpur,Salaried - Education,Salaried,2306413,3,Y,YES,no,Y,790,"612,620",17017.22,Personal Loan,"₹671,270",3,60.9,1.2,Married,0,Owned,17.8,,2,false,48,,01/07/2026,Pending
CUST00652,Diya Verma,9754543767,,58,Male,Delhi,Salaried - Government,Salaried,,1,Yes,NO,No,No,844,-273008.49,4963.79,Car Loan,"₹643,357",0,13.1,9.0,Single,1,Owned,19.6,,1,false,72,713810.0,,Verified
CUST00653,Neha Agarwal,9498049146,neha.agarwal449 at yahoo.com,56,M,Chandigarh,Salaried - Healthcare,Salaried,N/A,2,0,yes,no,yes,352,,11836.26,Home Loan,,1,74.5,9.2,Single,3,Rented,24.7,555336.0,1,1,300,10655307.0,2026/04/19,Verified
CUST00654,Diya Chauhan,97234139,diya.chauhan542@outlook.com,37,F,HYDERABAD,Salaried - IT/Tech,Salaried,N/A,2,1,NO,YES,no,835,"₹73,231",3183.95,Personal Loan,"₹719,196",0,55.2,5.3,Married,2,Rented,9.4,,3,0,12,,13-01-2026,Pending
CUST00655,Diya Agarwal,9112193966,diya.agarwal909@gmail.com,60,M,Hyderabad,Business Owner,Self-Employed,,1,NO,No,Yes,false,733,"794,578",30560.69,Car Loan,487548,1,67.4,11.2,Married,0,Rented,28.8,777101.0,0,0,60,513873.0,2025/10/27,Verified
CUST00656,Rahul Rathi,+91-9727594615,rahul.rathi82 at gmail.com,36,MALE,Chandigarh,Salaried - IT/Tech,Salaried,"863,719",1,No,N,true,N,343,297448.12,5311.57,Car Loan,,3,86.3,10.8,Married,1,Rented,4.7,,0,No,48,1758350.0,24-05-2026,Verified
CUST00657,Meera Chauhan,95317054,meera.chauhan144@hotmail.com,26,Male,Kanpur,Freelancer,Self-Employed,1981677,2,no,1,true,0,307,745068.54,16197.14,Car Loan,1202198,0,65.1,4.5,Single,0,Owned,2.1,,1,no,48,1345672.0,2025-10-24,Verified
CUST00658,Nikhil Rao,95218 59610,nikhil.rao980@rediffmail.com,23,  Male  ,kochi,Self Employed - Professional,Self-Employed,,1,YES,N,0,false,731,1362244.39,25702.72,Home Loan,"4,938,148",0,91.8,4.6,married,1,Owned,0.4,,0,false,120,6448545.0,2026/08/17,Verified
CUST00659,Ananya Mishra,09319835447,ananya.mishra343@rediffmail.com,61,M,Indore,Salaried - IT/Tech,Salaried,N/A,1,no,false,YES,0,859,351.87,8.18,Personal Loan,"58,674",0,51.2,3.3,Married,3,Rented,8.1,352941.0,0,N,24,,2026-06-25,Verified
CUST00660,Dhruv Khanna,+91-9123201132,DHRUV.KHANNA590@HOTMAIL.COM,57,male,Indore,Business Owner,Self-Employed,1986663,1,Y,0,false,no,303,679042.77,29523.6,Car Loan,-1367759,1,30.6,4.9,Divorced,0,Rented,25.0,,0,YES,36,1667533.0,2025-10-28,Verified
CUST00661,Manju Reddy,9122841695,manju.reddy658@hotmail.com,56,Male,Hyderabad,Salaried - Education,Salaried,1436610,1,No,N,yes,no,513,"₹509,118",8485.3,Credit Card,"₹285,948",1,57.1,6.8,Single,4,Owned,7.3,,1,N,24,,13-10-2025,Verified
CUST00662,Aarav Bansal,+91-9113374929,"aarav.bansal638@gmail,com",43,F,Kochi,Salaried - Education,Salaried,"₹397,274",3,true,1,yes,false,470,,8256.67,Credit Card,363518,3,86.9,3.6,Married,0,Rented,10.1,351398.0,0,0,36,,2026-08-14,Verified
CUST00663,sanjay nair,9207057192,sanjay.nair579 at yahoo.com,31,M,Kanpur,Self Employed - Professional,Self-Employed,"₹615,761",2,YES,N,NO,yes,447,,1837.07,Home Loan,"1,736,233",1,74.9,7.2,Single,4,Rented,5.9,283092.0,0,N,240,2341072.0,2025-11-28,Verified
CUST00664,Amit Saxena,,amit.saxena662@yahoo.com,32,female,Hyderabad,Salaried - Government,Salaried,,2,Yes,false,No,1,690,,1587.22,Credit Card,98281,1,47.6,9.9,Married,3,Rented,0.6,744317.0,0,No,18,,,Verified
CUST00665,Aryan Malhotra,,aryan.malhotra598@gmail.com,21,FEMALE,Bhopal,Business Owner,Self-Employed,N/A,3,Yes,Yes,Yes,false,876,"₹934,467",71882.08,Home Loan,3313515,1,13.5,11.3,Married,1,Owned,0.3,555402.0,0,No,360,4202046.0,10/03/2025,Verified
CUST00666,Anjali Singh,9299327145,anjali.singh123@gmail.com,37,FEMALE,Jaipur,Salaried - Education,Salaried,,2,No,yes,Yes,false,370,,18229.39,Home Loan,3654490,0,43.7,14.8,Married,0,Owned,13.8,,0,0,120,4794641.0,2025/09/02,Verified
CUST00667,Kabir Reddy,9731052193,KABIR.REDDY277@GMAIL.COM,30,  Male  ,Jaipur,Salaried - IT/Tech,Salaried,2170985,1,0,NO,Y,0,513,,23117.66,Car Loan,,0,92.7,7.2,Married,1,Rented,6.6,878006.0,0,yes,84,1079518.0,2026-05-29,Verified
CUST00668,Meera Verma,09241103890,,57,Male,Lucknow,Freelancer,Self-Employed,681341,1,YES,0,false,false,592,"299,452",6509.83,Home Loan,3641605,1,45.7,13.2,Divorced,2,Owned,14.1,,2,NO,240,4471856.0,2026-01-05,Verified
CUST00669,Vinod Rao,95706446,vinod.rao841@rediffmail.com,26,male,New Delhi,Business Owner,Self-Employed,"1,522,958",1,No,no,true,N,351,"₹368,858",6251.83,Personal Loan,"462,130",1,74.4,2.1,Married,1,Owned,2.8,,0,1,12,,2026-05-11,VERIFIED
CUST00670,Karan Agarwal,9666703831,karan.agarwal421@outlook.com,38,female,Kolkata,Self Employed - Business,Self-Employed,340803,2,1,NO,Yes,no,451,-177126.21,5209.59,car loan,,4,77.3,0.2,Married,2,Owned,13.5,,3,no,72,325023.0,2025-08-28,Verified
CUST00671,Divya Agarwal,9924760361,divya.agarwal797@rediffmail.com,26,MALE,Jaipur,salaried - government,Salaried,2003700,1,false,Y,false,no,693,682521.22,11568.16,Personal Loan,910251,0,70.1,3.2,Married,3,Rented,4.7,,0,No,12,,03/12/2026,Verified
CUST00672,Kiran Yadav,94616 77486,kiran.yadav308@rediffmail.com,26,M,Chandigarh,Salaried - IT/Tech,Salaried,N/A,2,yes,true,false,N,827,321068.3,12348.78,Personal Loan,"₹505,671",0,14.2,12.6,Divorced,0,Owned,4.4,646615.0,1,0,36,,,Verified
CUST00673,Anil Agarwal,09964207402,anil.agarwal317@yahoo.com,,Male,jaipur,salaried - private,Salaried,,2,yes,0,YES,NO,330,157235.25,4367.65,Car Loan,894298,1,71.9,13.0,Married,0,Owned,0.3,810926.0,1,NO,84,1076733.0,10/11/2025,Verified
CUST00674,Ishaan Khanna,09247932385,ishaan.khanna669@yahoo.com,53,F,Surat,Salaried - Private,Salaried,926175,1,0,NO,yes,no,371,276119.07,4930.7,Car Loan,"585,093",1,80.0,5.5,Divorced,1,Owned,27.9,490825.0,0,NO,72,625429.0,06/08/2026,Pending
CUST00675,Kritika Tiwari,,KRITIKA.TIWARI110@REDIFFMAIL.COM,28,Female,Bengaluru,Self Employed - Business,Self-Employed,,2,1,YES,No,N,417,"₹886,760",59117.35,home loan,6546712,0,10.3,6.5,Married,0,Rented,3.8,,0,N,180,7856879.0,,Verified
CUST00676,Rita Mishra,9558719363,rita.mishra71@outlook.com,26,F,Mumbai,Salaried - IT/Tech,Salaried,N/A,1,Yes,NO,NO,false,564,"₹350,083",6035.92,Credit Card,478919,0,21.9,2.3,Married,4,Rented,1.7,,0,NO,24,,25-12-2025,Verified
CUST00677,Anjali Yadav,09898350328,,40,female,Chennai,Salaried - IT/Tech,Salaried,"₹1,285,151",2,yes,no,Yes,N,847,130373.63,4074.18,Credit Card,"₹412,929",2,83.5,10.1,Married,1,Owned,7.6,,2,1,36,,2025-11-12,Verified
CUST00678,Vikram Gupta,97672244,VIKRAM.GUPTA901@HOTMAIL.COM,47,Female,Kochi,Salaried - IT/Tech,Salaried,1530826,1,1,N,NO,0,512,"₹332,133",23723.8,Home Loan,,3,33.8,8.6,Divorced,4,Owned,8.3,307106.0,0,no,300,3105501.0,10/21/2025,Verified
CUST00679,Diya Rathi,9784186371,diya.rathi444@outlook.com,59,F,Calcutta,Salaried - Healthcare,Salaried,1377004,1,No,yes,NO,false,583,661812.78,12487.03,Credit Card,N/A,0,68.7,9.3,Single,2,Owned,4.7,792881.0,0,0,24,,08/07/2026,Verified
CUST00680,Nikhil Desai,,nikhil.desai826@yahoo.com,25,Female,Indore,Freelancer,Self-Employed,"₹397,304",1,No,N,no,Yes,400,194653.22,13903.8,Personal Loan,145533,0,88.4,4.8,Single,1,Rented,1.0,,0,NO,36,,07/04/2026,Verified
CUST00681,Divya Malhotra,+91-9104500357,divya.malhotra844@yahoo.com,52,  Male  ,Hyderabad,Freelancer,Self-Employed,"₹1,915,019",3,YES,true,YES,false,506,"120,686",3017.15,Credit Card,62038,0,31.2,14.1,Married,3,Rented,3.8,667394.0,1,0,36,,25-07-2026,Verified
CUST00682,Aditya Chauhan,,aditya.chauhan108@hotmail.com,30,Female,Delhi,Freelancer,Self-Employed,1383684,1,Y,N,NO,no,836,,7795.84,Credit Card,-349612,0,24.6,6.7,Married,2,Rented,0.5,,1,no,36,,2026/05/20,Verified
CUST00683,Pooja Singh,,POOJA.SINGH480@REDIFFMAIL.COM,24,Male,Bhopal,Salaried - Government,Salaried,2042740,3,Y,1,NO,true,781,"1,196,165",56960.23,Personal Loan,,0,61.6,11.4,Single,1,rented,2.4,,0,N,12,,12-04-2026,Verified
CUST00684,Kritika Bhatia,9213862140,kritika.bhatia922@gmail.com,32,Female,Coimbatore,Salaried - Private,Salaried,,1,false,No,false,true,473,717712.72,13290.98,Car Loan,707171,3,17.8,13.2,Divorced,0,Rented,4.5,894986.0,1,false,72,792373.0,2026-04-16,Verified
CUST00685,Mahesh Joshi,,mahesh.joshi399 at hotmail.com,64,FEMALE,Bengaluru,Salaried - Education,Salaried,796581,1,true,NO,no,NO,445,N/A,2849.93,Credit Card,"459,735",0,33.3,2.3,married,1,OWNED,6.2,855763.0,2,N,24,,2025/11/14,Verified
CUST00686,Dhruv Tiwari,+91-9903220734,dhruv.tiwari712@gmail.com,60,male,Chennai,Salaried - IT/Tech,Salaried,,3,1,1,YES,no,735,"₹550,796",34424.73,credit card,"₹185,880",4,9.5,1.7,Single,1,Rented,23.0,,3,N,36,,08/26/2026,Verified
CUST00687,Karan Pandey,+91-9759776218,karan.pandey884@outlook.com,35,Female,COIMBATORE,Salaried - Government,Salaried,692051,3,Y,Y,true,N,810,"174,651",8316.7,Home Loan,"₹5,740,981",3,60.6,6.5,Divorced,1,Owned,4.9,,2,No,360,7707882.0,2026/04/12,Verified
CUST00688,Diya Rathi,9205742695,diya.rathi138@yahoo.com,58,F,Chandigarh,Freelancer,Self-Employed,,2,yes,yes,No,0,346,"326,158",6523.15,Home Loan,"₹2,848,688",0,41.4,2.5,Single,1,Rented,29.7,,0,N,180,3302113.0,2025-09-28,Verified
CUST00689,Vivaan Kapoor,9318586138,VIVAAN.KAPOOR63@REDIFFMAIL.COM,50,Male,Kanpur,Salaried - Education,Salaried,,0,No,N,No,N,792,-93407.38,6227.16,Personal Loan,"₹152,448",1,34.2,3.6,Married,0,Owned,23.9,,0,false,48,,04-08-2026,Verified
CUST00690,Vihaan Patel,9704111298,vihaan.patel177@outlook.com,37,F,Kochi,Salaried - Education,Salaried,"₹918,662",1,N,YES,no,NO,346,,6341.52,Car Loan,,0,67.0,5.8,Married,1,Owned,13.4,403693.0,1,1,60,670428.0,08/15/2026,Verified
CUST00691,Simran Singh,9333955572,simran.singh915@rediffmail.com,48,FEMALE,Delhi,Salaried - Education,Salaried,426708,0,NO,N,No,0,539,7525.63,134.39,Car Loan,"₹1,077,029",3,29.7,5.3,Married,2,Rented,20.9,,1,No,48,1259301.0,04/13/2026,Verified
CUST00692,Amit Chauhan,9109486047-XX,amit.chauhan322@yahoo.com,64,F,INDORE,Business Owner,Self-Employed,"542,317",0,no,no,no,0,,18669.91,848.63,Home Loan,"2,145,708",1,87.0,3.8,Single,1,Rented,14.5,,1,NO,180,2564262.0,22-08-2026,Verified
CUST00693,Suresh Singh,,suresh.singh106@gmail.com,25,female,Kanpur,Business Owner,Self-Employed,2086464,2,N,No,Y,Yes,601,,4289.44,Car Loan,"₹539,117",0,84.5,6.2,Married,0,Owned,0.7,,1,false,36,586255.0,11/26/2025,Verified
CUST00694,Nisha Rathi,96901 21043,,38,M,Nagpur,Salaried - IT/Tech,Salaried,,1,N,true,0,0,761,662849.75,11047.5,Credit Card,133265,3,12.6,13.9,Married,2,Rented,11.7,,0,No,18,,,Verified
CUST00695,Kabir Nair,9400285831,KABIR.NAIR386@REDIFFMAIL.COM,35,male,Bhopal,Self Employed - Business,Self-Employed,"1,468,688",1,no,0,Yes,No,852,"₹195,887",4080.98,Credit Card,"408,724",0,93.3,4.0,Married,1,Rented,11.5,,0,NO,18,,10/30/2025,Verified
CUST00696,Rohan Chauhan,96296299, rohan.chauhan185@rediffmail.com ,26,male,Hyderabad,Salaried - Education,Salaried,"₹1,232,010",2,1,Yes,No,false,739,"43,983",1127.76,Home Loan,N/A,0,36.5,2.7,SINGLE,2,Owned,4.9,,0,0,360,6585551.0,2026/04/14,Verified
CUST00697,Sneha Bhatia,96864 04315,,21,  Female  ,Chandigarh,Salaried - Healthcare,Salaried,"2,031,338",3,0,YES,1,true,405,"688,678",31303.55,Credit Card,,0,12.4,5.7,Single,1,Rented,0.3,,0,NO,12,,2026-06-21,Verified
CUST00698,Lata Patel,+91-9474194628,lata.patel981@yahoo.com,36,male,Kolkata,salaried - private,Salaried,,3,Y,true,yes,N,639,"207,193",13812.87,Credit Card,344110,4,26.5,5.2,Married,2,Rented,3.6,,0,N,24,,16 Aug 2026,Verified
CUST00699,Swati Reddy,9910731994,swati.reddy795@yahoo.com,33,MALE,Surat,Self Employed - Professional,Self-Employed,1953034,1,no,N,Yes,N,327,"₹406,410",6888.31,Personal Loan,"₹178,396",0,96.8,4.2,Married,0,Rented,5.5,598833.0,0,N,60,,06 Jul 2026,Verified
CUST00700,Vihaan Kumar,+91-9253161692,vihaan.kumar249@hotmail.com,46,Male,Bengaluru,Business Owner,Self-Employed,N/A,2,Yes,0,YES,0,693,243687.53,8403.02,Credit Card,"316,934",0,47.6,9.4,Single,2,Owned,11.3,,0,false,36,,2025/10/30,pending
CUST00701,Rekha Nair,+91-9608365807,rekha.nair327 at yahoo.com,63,FEMALE,Jaipur,Salaried - Education,Salaried,"731,533",2,false,YES,yes,NO,423,,7572.53,Credit Card,"₹22,364",1,20.0,11.2,Married,1,rented,8.3,678863.0,0,false,24,,2026-02-23,Verified
CUST00702,Reyansh Nair,9325360943,reyansh.nair738@yahoo.com,27,M,Surat,Self Employed - Professional,Self-Employed,507070,1,1,N,false,0,443,,1587.71,Personal Loan,442546,2,28.9,2.1,Divorced,2,Owned,5.0,,1,no,60,,21 Oct 2025,Verified
CUST00703,Vinod Khanna,,vinod.khanna310@rediffmail.com,51,female,DELHI,Salaried - Education,Salaried,,1,NO,0,Y,false,540,"₹1,075,683",21952.72,Home Loan,4472001,0,87.9,14.2,Married,1,Rented,8.9,,0,false,360,6021113.0,2026-02-25,Verified
CUST00704,Divya Reddy,99907 14291,divya.reddy757@rediffmail.com,31,Female,INDORE,Business Owner,Self-Employed,,2,yes,YES,0,0,793,65130.8,1329.2,Personal Loan,-430017,0,25.6,11.7,Single,2,Owned,6.0,269268.0,0,no,12,,26-05-2026,Verified
CUST00705,Ashok Rathi,,ashok.rathi957@hotmail.com,31,female,Bhopal,Self Employed - Business,Self-Employed,N/A,1,Yes,No,No,no,392,"₹1,033,886",46994.84,Personal Loan,"307,618",5,13.3,8.6,Married,0,Owned,7.1,,0,false,12,,11/02/2025,Verified
CUST00706,Aarav Nair,99923268,aarav.nair914 at outlook.com,24,FEMALE,Indore,Self Employed - Professional,Self-Employed,,2,true,NO,NO,YES,537,"₹396,889",26459.26,Credit Card,"₹321,424",0,40.2,3.2,Single,0,Owned,1.6,593915.0,0,NO,12,,28-03-2026,Pending
CUST00707,Rita Desai,9254152993,rita.desai473 at hotmail.com,63,male,Lucknow,Salaried - Education,Salaried,"₹1,478,543",1,1,false,N,N,356,"₹420,499",10782.03,Personal Loan,"₹459,911",0,72.3,10.8,Married,0,Owned,14.1,467744.0,0,No,24,,2025-12-18,Verified
CUST00708,Dhruv Bhatia,09312845035,dhruv.bhatia806 at hotmail.com,28,  Male  ,Jaipur,Salaried - IT/Tech,Salaried,-690714,1,NO,YES,No,No,698,"₹144,621",4820.71,Credit Card,"₹499,929",2,48.7,7.1,Single,1,Owned,6.7,,1,No,18,,01/01/2026,Verified
CUST00709,Kabir Bansal,91483214,kabir.bansal839@outlook.com,48,F,Chandigarh,salaried - healthcare,Salaried,-1726822,3,YES,N,yes,1,806,N/A,13376.88,Personal Loan,,0,22.4,13.3,Married,0,Owned,20.9,522158.0,0,No,36,,04-12-2025,Verified
CUST00710,Meera Agarwal,9374371559,MEERA.AGARWAL460@REDIFFMAIL.COM,21,M,Kanpur,Salaried - IT/Tech,Salaried,"1,850,731",0,NO,no,NO,No,881,"₹7,674",137.03,Home Loan,,0,46.2,10.7,Married,0,Company Provided,0.3,,0,0,240,3748859.0,2026-01-10,Verified
CUST00711,Priya Yadav,,priya.yadav241@outlook.com,58,Male,delhi,Self Employed - Professional,Self-Employed,N/A,2,1,yes,NO,N,720,"₹1,017,333",33911.11,Personal Loan,527742,1,91.1,4.1,Married,0,Rented,2.7,,2,Yes,36,,26-03-2026,Verified
CUST00712,Riya Bhatia,9601817355,riya.bhatia135@hotmail.com,35,FEMALE,Coimbatore,Salaried - Government,Salaried,"₹1,842,425",1,N,no,true,false,829,"₹825,272",17193.16,Credit Card,51357,0,50.2,10.5,Married,0,Rented,4.5,490817.0,2,false,12,,2026-01-21,Pending
CUST00713,Kavya Malhotra,9908418894,kavya.malhotra904 at hotmail.com,,FEMALE,Delhi,Self Employed - Professional,Self-Employed,,1,true,No,NO,false,327,N/A,6013.11,Home Loan,"₹7,085,738",0,82.7,7.2,Single,3,Rented,0.5,,0,yes,300,9762773.0,07/20/2026,Verified
CUST00714,Sai Bansal,+91-9117335231,"sai.bansal790@rediffmail,com",49,FEMALE,Lucknow,Self Employed - Professional,Self-Employed,"2,407,140",1,NO,NO,0,Yes,782,"₹1,085,278",22609.96,Home Loan,"3,214,214",0,82.3,10.5,Single,3,Rented,13.6,,1,0,240,4377888.0,04 Aug 2026,Verified
CUST00715,NISHA SINGH,9249248949,nisha.singh849 at gmail.com,65,FEMALE,Delhi,  Salaried - IT/Tech  ,Salaried,2072460,0,N,false,0,0,753,"₹6,163",166.58,Personal Loan,245893,3,77.4,6.2,Married,3,Rented,26.4,,3,no,24,,13 May 2026,Verified
CUST00716,Sai Pandey,9708436177-XX,sai.pandey836@rediffmail.com,31,FEMALE,Hyderabad,Freelancer,Self-Employed,945580,1,1,0,N,no,538,"263,051",6415.88,Credit Card,"299,913",0,83.9,9.2,married,2,Owned,2.3,,0,YES,18,,10/09/2025,Verified
CUST00717,Rahul Mehta,94247 92824,,65,male,Hyderabad,Salaried - IT/Tech,Salaried,"₹1,804,884",1,false,N,No,YES,689,648474.32,40529.64,Car Loan,"₹1,429,543",0,5.2,4.0,SINGLE,0,Company Provided,7.2,,1,NO,36,1733099.0,2026/08/18,Verified
CUST00718,Usha Tiwari,9828313215,USHA.TIWARI842@GMAIL.COM,50,Male,Indore,Business Owner,Self-Employed,,1,No,1,NO,NO,577,957387.4,17407.04,Credit Card,"200,218",4,55.1,13.0,Single,3,Owned,19.0,729299.0,2,NO,12,,2026/02/10,Verified
CUST00719,Tanya Chauhan,+91-9149801596,tanya.chauhan118@hotmail.com,24,F,Indore,Salaried - IT/Tech,Salaried,478389,3,1,Yes,1,no,332,"148,563",9285.2,Home Loan,-2836590,0,55.2,9.1,Married,0,Rented,1.1,544933.0,1,false,120,3586615.0,05/17/2026,Verified
,Radhika Mehta,09706607116, radhika.mehta189@hotmail.com ,61,Female,BENGALURU,Salaried - Government,Salaried,,2,Y,no,no,YES,694,N/A,48170.9,Home Loan,-4906987,0,6.5,0.7,Married,0,Rented,13.9,,2,Yes,300,5881782.0,2026-01-08,Verified
CUST00721,Dhruv Mehta,,dhruv.mehta610@hotmail.com,61,F,Jaipur,Salaried - Healthcare,Salaried,,1,N,N,no,Y,311,"₹1,098,862",36628.73,Personal Loan,362744,0,88.3,3.4,Married,2,Company Provided,4.9,423174.0,0,false,36,,2026-06-13,Verified
CUST00722,Geeta Saxena,+91-9856146133,geeta.saxena61@yahoo.com,60,Female,Bhopal,Salaried - Private,Salaried,"853,057",2,NO,true,0,1,615,"21,512",632.7,Personal Loan,"782,326",2,29.3,11.4,Single,3,Rented,23.4,162201.0,0,no,36,,14-05-2026,Verified
CUST00723,Ayaan Shah,9869711410,ayaan.shah584@hotmail.com,52,MALE,Kochi,Salaried - Healthcare,Salaried,1459495,1,NO,0,Yes,0,430,,14437.81,Home Loan,"4,882,556",3,62.4,9.4,Married,1,owned,11.4,762447.0,3,0,180,5779589.0,09/20/2025,Pending
CUST00724,Kabir Bansal,,kabir.bansal397@yahoo.com,31,Female,Chennai,Salaried - Private,Salaried,N/A,2,yes,yes,false,no,897,"₹467,753",19489.7,Car Loan,"1,090,532",1,61.1,13.4,SINGLE,3,Rented,7.5,,1,no,48,1308965.0,2026/04/27,Verified
,  Priya Bhatt  ,96527 27806,priya.bhatt476 at hotmail.com,49,Male,Kanpur,Salaried - Education,Salaried,"₹351,830",3,yes,Yes,0,1,557,N/A,6999.17,Credit Card,191636,0,55.1,3.0,Single,0,Company Provided,11.4,822604.0,0,0,36,,2026-03-18,Verified
CUST00726,Swati Yadav,09902077579,swati.yadav967@gmail.com,40,male,New Delhi,Salaried - IT/Tech,Salaried,"596,608",3,Y,Yes,true,false,807,"₹115,049",2212.48,Home Loan,2610611,0,63.2,6.6,Married,2,Owned,14.2,,1,NO,120,3217256.0,,Verified
,Vihaan Desai,9296120509,vihaan.desai240@outlook.com,35,MALE,Chandigarh,Salaried - Education,Salaried,N/A,0,NO,false,N,0,710,26216.59,546.18,credit card,360281,8,40.2,8.1,Single,0,Rented,3.7,,0,N,12,,22-05-2026,Verified
CUST00728,Diya Joshi,+91-9264212912,DIYA.JOSHI776@OUTLOOK.COM,21,FEMALE,Ahmedabad,Salaried - IT/Tech,Salaried,"₹2,358,365",1,yes,No,false,No,498,,13377.81,Car Loan,"1,148,726",0,9.9,7.5,Married,0,Rented,0.3,,0,0,72,1381181.0,25-11-2025,Pending
CUST00729,Ishaan Tiwari,9458120745-XX,ishaan.tiwari854@rediffmail.com,58,MALE,Pune,Freelancer,Self-Employed,,2,true,N,Y,0,600,N/A,38432.73,  Car Loan  ,"1,240,685",0,62.8,11.7,Married,0,rented,16.2,,1,0,24,1531751.0,08/28/2025,Verified
CUST00730,Pooja Malhotra,+91-9445049909,pooja.malhotra79@rediffmail.com,25,FEMALE,Delhi,Freelancer,Self-Employed,,2,1,No,NO,Yes,851,N/A,37648.07,Car Loan,,0,97.3,0.7,Single,2,Owned,0.3,706491.0,1,0,48,1275148.0,14-04-2026,Verified
CUST00731,Sanjay Rathi,97648121,sanjay.rathi402@outlook.com,36,Male,Nagpur,Salaried - Private,Salaried,"₹2,363,165",1,false,Y,0,No,312,1016384.73,31762.02,Car Loan,,1,98.5,14.9,Married,3,Rented,2.5,554721.0,1,N,60,657086.0,09/15/2025,Verified
CUST00732,Kavya Khanna,09981292633,kavya.khanna558@rediffmail.com,46,Female,Bombay,Business Owner,Self-Employed,,1,1,0,N,0,691,59695.99,1530.67,Personal Loan,959064,0,27.5,10.9,Married,0,Owned,24.6,787503.0,0,NO,12,,04/04/2026,Verified
,Sneha Yadav,9749741700,sneha.yadav572@hotmail.com,23,Male,DELHI,Salaried - Government,Salaried,688629,1,1,false,false,false,588,"₹357,668",21039.3,Credit Card,N/A,2,91.5,12.2,Married,0,Rented,1.2,,0,NO,18,,2025-11-29,Verified
CUST00734,Ayaan Bansal,09804586994,,39,female,  Kolkata  ,Self Employed - Business,Self-Employed,"375,872",2,Yes,N,0,Yes,788,-214691.99,6134.06,Car Loan,,1,71.3,11.9,Single,2,Rented,2.7,,0,false,24,1020682.0,2025-10-02,Verified
CUST00735,Nisha Mehta,9882966815,nisha.mehta250@rediffmail.com,38,Female,Chandigarh,Salaried - Education,Salaried,2012006,2,true,NO,YES,false,890,"₹453,820",37818.36,Car Loan,"₹786,726",8,18.1,5.9,Single,1,Owned,8.4,,0,false,60,907400.0,19-09-2025,VERIFIED
CUST00736,Geeta Verma,09522378602,geeta.verma243@gmail.com,46,female,Ahmedabad,Salaried - Education,Salaried,"335,079",2,true,true,false,0,739,"₹53,475",4456.25,Credit Card,,4,60.7,9.0,Divorced,0,Rented,16.1,251442.0,1,NO,18,,18 Apr 2026,Verified
CUST00737,Nisha Kapoor,,nisha.kapoor612@outlook.com,35,Male,Kolkata,Salaried - Education,Salaried,"₹474,734",2,true,no,0,Yes,774,99357.14,2310.63,Car Loan,"974,613",0,31.0,9.5,Divorced,0,Owned,7.9,,1,Y,36,1123494.0,28 Oct 2025,Verified
CUST00738,Rajesh Bhatt,92296 81831,,59,female,Kanpur,Salaried - Healthcare,Salaried,,1,yes,N,0,NO,715,111698.52,5077.21,Car Loan,"₹613,331",0,63.6,1.0,Single,1,Owned,24.4,464999.0,0,no,24,698908.0,24-01-2026,Verified
CUST00739,Rajesh Singh,,rajesh.singh432@hotmail.com,22,MALE,Pune,Salaried - Healthcare,Salaried,563770,2,yes,0,YES,N,304,"22,952",882.75,Credit Card,"241,857",1,13.9,6.5,Married,1,Owned,0.4,206290.0,0,0,36,,12 Jun 2026,Verified
CUST00740,Sanjay Chopra,93836 98081,SANJAY.CHOPRA750@OUTLOOK.COM,34,Male,Lucknow,Business Owner,Self-Employed,"528,229",1,1,N,0,false,837,201960.44,4390.44,Home Loan,"₹5,146,756",6,94.0,12.7,Married,0,Owned,11.5,,0,NO,360,6555547.0,13-07-2026,Verified
CUST00741,Neha Chopra,9687270868,neha.chopra978@gmail.com,44,M,Delhi,Self Employed - Business,Self-Employed,"₹1,318,743",0,false,No,NO,NO,390,"71,484",2647.55,Credit Card,,1,58.5,2.6,Single,1,Owned,4.6,,1,0,36,,2025-12-12,Verified
CUST00742,Krishna Reddy,, krishna.reddy882@hotmail.com ,39,FEMALE,Delhi,Self Employed - Business,Self-Employed,859400,1,true,0,0,NO,771,193912.64,3957.4,Personal Loan,-320833,0,50.0,3.7,Single,0,Rented,15.7,,0,no,24,,09/06/2025,Verified
CUST00743,Amit Tiwari,9100142802, amit.tiwari67@hotmail.com ,60,M,Ahmedabad,Self Employed - Business,Self-Employed,2465375,2,yes,1,No,N,372,N/A,19875.85,Personal Loan,,1,81.0,7.4,Single,3,  Owned  ,8.3,822524.0,0,Y,36,,2026-04-06,Verified
CUST00744,Simran Bansal,+91-9174560682,simran.bansal207@rediffmail.com,35,Male,Mumbai,Salaried - Private,Salaried,N/A,2,N,0,1,Y,742,"1,161,580",20027.23,Personal Loan,"₹184,512",1,49.4,3.4,Single,1,Rented,9.9,448819.0,2,N,12,,,Verified
CUST00745,Kritika Shah,+91-9156221065,kritika.shah244@hotmail.com,23,Female,Lucknow,Self Employed - Business,Self-Employed,2411510,1,No,Yes,0,no,338,,16253.91,  Car Loan  ,"412,503",0,52.1,0.5,Single,1,Rented,0.9,490082.0,0,N,24,502582.0,03 Apr 2026,Verified
CUST00746,Aarav Saxena,+91-9142960220,aarav.saxena251 at hotmail.com,33,M,Nagpur,Salaried - IT/Tech,Salaried,,1,false,true,false,No,797,N/A,31403.29,Credit Card,"₹294,055",5,98.2,10.5,Married,1,Rented,6.6,897942.0,1,N,36,,12-09-2025,Verified
CUST00747,Swati Sethi,9438222298,"swati.sethi834@outlook,com",,Female,Pune,Self Employed - Business,Self-Employed,"2,048,797",2,no,NO,1,yes,527,1198988.38,42821.01,Home Loan,2350850,0,19.9,8.3,Single,3,Rented,0.3,800268.0,0,no,360,3251687.0,20-12-2025,Verified
CUST00748,Aarav Tiwari,9178634632, aarav.tiwari187@hotmail.com ,48,MALE,Chennai,Self Employed - Professional,Self-Employed,1575847,0,No,N,false,0,465,"₹53,738",942.77,Home Loan,"₹7,762,290",1,51.7,12.7,Single,2,Company Provided,3.7,,1,no,120,9566688.0,06/01/2026,Pending
CUST00749,Nikhil Gupta,+91-9516539714,,45,male,Pune,Salaried - IT/Tech,Salaried,,1,YES,no,no,false,577,434991.78,7249.86,Car Loan,"₹1,380,691",0,47.2,4.2,Single,1,Rented,13.1,,2,N,60,1492296.0,03/16/2026,verified
CUST00750,Vihaan Saxena,09683045299,VIHAAN.SAXENA61@REDIFFMAIL.COM,30,Female,BENGALURU,Salaried - Education,Salaried,"₹1,980,976",2,true,Yes,NO,false,760,,21406.55,car loan,993200,1,93.0,14.2,Married,2,Owned,4.6,874547.0,0,no,24,1044220.0,2026-03-11,Verified
CUST00751,Diya Desai,,,54,F,surat,Salaried - Private,Salaried,,2,YES,NO,false,Y,479,"962,634",31052.73,Car Loan,,2,60.9,7.2,MARRIED,0,Rented,6.3,,2,1,24,511827.0,,Verified
CUST00752,Geeta Joshi,09144986086,geeta.joshi748@gmail.com,49,F,ahmedabad,Salaried - Education,Salaried,,1,YES,no,No,N,517,"₹342,573",9015.07,Credit Card,"110,889",0,70.9,11.0,Married,2,Owned,27.5,,0,No,24,,2026-08-03,Verified
CUST00753,Radhika Chauhan,9565207619,radhika.chauhan654@gmail.com,59,  Female  ,Chandigarh,Business Owner,Self-Employed,865935,1,N,NO,1,0,514,,3693.76,Car Loan,1404416,0,35.2,0.8,Married,2,  Owned  ,20.8,532080.0,3,false,60,1654464.0,2025-12-18,Verified
CUST00754,Ramesh Sharma,09461617321,ramesh.sharma599@rediffmail.com,23,Male,  Indore  ,Salaried - Private,Salaried,,2,N,yes,YES,false,345,,28486.62,Car Loan,1412426,1,77.5,5.1,MARRIED,3,Owned,0.6,180652.0,0,no,84,1612944.0,01/19/2026,VERIFIED
CUST00755,neha shah,+91-9754620092,,63,female,BENGALURU,Freelancer,Self-Employed,"₹2,084,092",0,no,N,N,no,506,₹770,17.11,Personal Loan,929859,1,79.7,7.9,Married,2,  Company Provided  ,3.4,,0,No,24,,2026-04-02,Verified
CUST00756,Suresh Shah,9875855314,,60,FEMALE,KOLKATA,Business Owner,Self-Employed,2061565,2,false,1,no,true,754,"₹238,073",19839.45,Home Loan,"₹4,879,393",0,61.1,9.9,Single,2,Owned,29.5,,2,No,300,6271096.0,2025/11/10,Verified
CUST00757,Ishaan Sethi,09509616187,ishaan.sethi844@outlook.com,42,Female,Indore,Freelancer,Self-Employed,398161,1,N,false,YES,NO,447,N/A,1251.72,Credit Card,,1,94.9,0.6,Married,0,Rented,17.4,681322.0,1,yes,24,,2026-01-12,Verified
CUST00758,Sanjay Bhatt,,sanjay.bhatt654@hotmail.com,24,M,Bhopal,Business Owner,Self-Employed,"₹1,654,595",1,no,1,No,false,621,"311,601",6359.21,Credit Card,"₹449,152",4,56.7,9.4,Married,1,OWNED,1.7,,0,NO,12,,06/07/2026,Verified
CUST00759,Kavya Desai,97533982,kavya.desai781@hotmail.com,31,M,Coimbatore,Self Employed - Professional,Self-Employed,2420337,1,1,no,no,NO,459,1393365.97,25333.93,home loan,4843646,0,27.6,6.1,Married,0,Rented,6.8,787293.0,1,false,360,5691003.0,,Verified
CUST00760,SHREYA DESAI,9791033824-XX,shreya.desai397@gmail.com,53,M,Mumbai,Business Owner,Self-Employed,329539,0,no,false,no,false,337,28771.27,1918.08,Home Loan,,0,50.7,2.4,Married,1,Rented,7.2,679830.0,1,false,240,8353915.0,2026-04-15,Pending
CUST00761,Rahul Tiwari,,rahul.tiwari46@hotmail.com,52,FEMALE,Bhopal,Freelancer,Self-Employed,-2035459,0,0,No,0,N,495,"68,863",1229.71,HOME LOAN,"1,611,314",3,47.0,11.1,Single,3,Rented,26.4,396952.0,1,no,240,2030247.0,11 Sep 2025,Verified
CUST00762,Suresh Gupta,9663497143,suresh.gupta490@rediffmail.com,59,Male,Kochi,Salaried - IT/Tech,Salaried,1475062,1,Y,false,false,N,407,"₹860,131",27746.16,Credit Card,"₹181,778",4,95.3,9.8,Single,2,Company Provided,29.3,,2,0,36,,2025-10-23,Verified
CUST00763,ANIL CHOPRA,9979540035,anil.chopra957@rediffmail.com,59,M,DELHI,Business Owner,Self-Employed,N/A,1,false,0,N,yes,609,1056284.92,20313.17,Car Loan,,0,32.7,6.3,Married,3,Owned,22.9,729113.0,1,N,48,1272335.0,2025-09-28,Verified
CUST00764,Krishna Bansal,9442843619,krishna.bansal492@yahoo.com,52,MALE,Hyderabad,Salaried - Healthcare,Salaried,2389683,2,true,false,1,0,450,-949965.5,36537.13,Credit Card,"286,885",0,58.2,11.2,Single,0,Rented,10.1,,1,NO,18,,20-12-2025,Verified
CUST00765,Manish Gupta,9503635940,MANISH.GUPTA876@OUTLOOK.COM,25,Female,Jaipur,Freelancer,Self-Employed,1337834,1,N,no,YES,0,512,,6686.74,Home Loan,"₹7,447,682",0,21.8,2.0,Single,2,Rented,2.7,,0,false,360,8778777.0,09/27/2025,Verified
CUST00766,Diya Sharma,9273475833,DIYA.SHARMA920@YAHOO.COM,25,F,Nagpur,Freelancer,Self-Employed,,1,NO,NO,No,1,607,302189.4,5596.1,Home Loan,"₹4,743,069",2,10.6,8.9,Single,0,Rented,2.0,897168.0,1,false,180,6090118.0,2026-01-20,Verified
CUST00767,Rahul Reddy,9927479704,,30,FEMALE,Kanpur,Salaried - Private,Salaried,"₹1,912,587",1,false,Yes,no,N,686,519175.44,27325.02,Home Loan,"4,985,364",0,95.5,0.2,Divorced,2,Company Provided,2.7,,2,false,180,5899729.0,2026/08/18,Pending
CUST00768,Vikram Bansal,9731771542-XX,vikram.bansal558@gmail.com,25,MALE,Bhopal,Salaried - Education,Salaried,1225713,1,NO,No,No,YES,785,"₹635,589",12462.53,Credit Card,"₹191,650",0,33.9,12.3,Married,1,Rented,1.1,,0,no,36,,2026-02-26,VERIFIED
CUST00769,Manish Singh,+91-9968661351,,28,Female,Ahmedabad,Business Owner,Self-Employed,"₹837,880",2,1,YES,N,false,690,"₹449,252",8639.46,Car Loan,"1,046,617",1,20.0,2.9,Single,1,Rented,5.7,183736.0,0,0,72,1166638.0,11/25/2025,Verified
CUST00770,Diya Mehta,9168231868,,38,FEMALE,Jaipur,Freelancer,Self-Employed,"1,974,912",2,Yes,true,0,0,300,N/A,5938.36,Personal Loan,,0,92.9,4.3,Single,2,Owned,8.4,,0,0,12,,06 Jan 2026,Verified
CUST00771,Radhika Kapoor,09664770094,radhika.kapoor530@hotmail.com,58,F,Pune,Salaried - Government,Salaried,N/A,2,0,Y,yes,0,549,,4302.12,Home Loan,5064536,0,23.5,10.5,single,2,Owned,21.8,,3,No,180,6561483.0,2026/02/08,Verified
CUST00772,Arjun Nair,9345715035,,55,Female,Kolkata,Salaried - Government,Salaried,,2,Y,false,N,Yes,,"137,023",4281.97,Home Loan,4026584,0,77.3,12.6,Married,2,Rented,4.5,,1,N,120,5005334.0,2026/01/07,Verified
CUST00773,Vinod Reddy,9113139785-XX,vinod.reddy414@gmail.com,24,Male,Pune,Salaried - Private,Salaried,"1,076,027",0,No,no,No,NO,643,97913.47,7531.81,Car Loan,589628,0,75.4,1.6,Single,0,Owned,0.4,342071.0,1,NO,24,630365.0,19-03-2026,Verified
CUST00774,Rahul Reddy,+91-9894771417,rahul.reddy532@yahoo.com,29,Male,Chennai,Salaried - IT/Tech,Salaried,"₹456,691",1,1,N,no,NO,488,,12145.04,Car Loan,"1,092,263",0,7.6,14.4,Single,2,Rented,1.2,550639.0,0,N,36,1196645.0,2025-11-23,Verified
CUST00775,divya chopra,,"divya.chopra816@yahoo,com",31,F,Jaipur,Salaried - Healthcare,Salaried,2026880,1,0,N,1,false,,,11706.25,Home Loan,N/A,3,21.5,8.8,Married,0,Owned,0.8,,3,false,300,6666232.0,25 Apr 2026,Verified
CUST00776,Usha Saxena,9360385581,usha.saxena284@rediffmail.com,56,F,Kolkata,Business Owner,Self-Employed,1273302,2,Yes,N,1,false,692,"₹750,105",20273.1,Car Loan,997335,1,11.3,7.4,Single,4,Owned,7.6,,0,yes,60,1107071.0,09-01-2026,Verified
CUST00777,Kavya Rao,93675 91057,kavya.rao415@rediffmail.com,65,  Female  ,Kolkata,Salaried - IT/Tech,Salaried,"2,151,917",0,NO,0,false,N,625,"₹143,516",4348.98,Personal Loan,N/A,1,70.5,13.9,Married,2,Rented,16.7,337381.0,0,false,48,,2026-05-05,Pending
CUST00778,Ishaan Iyer,9210872170,ishaan.iyer347@hotmail.com,26,Male,BHOPAL,Salaried - Education,Salaried,,1,No,no,yes,false,593,N/A,8397.59,Home Loan,,2,7.5,11.8,Married,2,Owned,2.5,,1,0,360,4803533.0,10/04/2025,Verified
CUST00779,Isha Bhatia,,isha.bhatia690@rediffmail.com,26,MALE,Nagpur,Freelancer,Self-Employed,,2,NO,1,Y,No,513,"319,985",8888.48,Credit Card,267217,2,78.6,11.6,SINGLE,1,rented,4.1,,2,no,18,,2026/03/11,Verified
CUST00780,Nisha Reddy,,nisha.reddy135@gmail.com,39,female,Pune,Salaried - IT/Tech,Salaried,,2,1,N,No,yes,892,,24642.14,Personal Loan,457477,3,33.2,11.3,Married,3,Rented,8.4,,1,no,36,,08/31/2025,  Verified  
CUST00781,Geeta Agarwal,,geeta.agarwal518@gmail.com,63,Male,Calcutta,salaried - education,Salaried,1907541,1,0,false,yes,false,326,"₹471,194",10025.4,Personal Loan,"279,062",0,62.0,0.7,Divorced,0,Owned,23.3,451014.0,1,No,36,,2026-06-21,Verified
,Anil Gupta,93090440,anil.gupta232@yahoo.com,38,Female,Pune,Business Owner,Self-Employed,"2,058,512",1,NO,N,YES,No,846,N/A,32712.47,Credit Card,452812,1,80.7,4.1,Single,4,Rented,8.5,205435.0,0,false,12,,2026/03/19,Verified
CUST00783,Nikhil Agarwal,+91-9802713346,nikhil.agarwal728@rediffmail.com,63,Male,Mumbai,Salaried - Private,Salaried,,1,NO,false,No,true,842,"541,619",14253.14,Home Loan,,0,56.7,0.7,Divorced,3,Rented,7.6,866080.0,1,N,240,3062544.0,06 Jan 2026,Verified
CUST00784,Vihaan Reddy,94427 93673,vihaan.reddy203@gmail.com,48,MALE,Chandigarh,Salaried - Government,Salaried,,1,NO,N,1,0,691,82394.93,2574.84,Home Loan,2329482,4,89.0,11.9,Married,3,Rented,2.9,,2,no,180,2855628.0,04/20/2026,Verified
CUST00785,Aarav Patel,9659155913,aarav.patel569@gmail.com,39,male,Hyderabad,Self Employed - Business,Self-Employed,,2,N,1,1,false,376,1032248.15,20644.96,Personal Loan,507325,1,53.5,7.5,Married,1,Rented,4.5,,0,YES,48,,27-01-2026,Verified
CUST00786,Ayaan Pandey,9506895356,ayaan.pandey126@rediffmail.com,39,MALE,AHMEDABAD,Self Employed - Business,Self-Employed,N/A,2,1,No,Yes,false,643,,6960.71,Home Loan,"₹6,506,421",2,96.8,2.9,Married,2,Rented,6.3,,0,NO,240,8935628.0,27 Aug 2025,Verified
CUST00787,Kavya Iyer,9622438534,kavya.iyer738@gmail.com,50,F,Kochi,freelancer,Self-Employed,"1,805,285",1,true,No,No,N,526,1062765.85,81751.22,Car Loan,522228,1,64.7,11.0,Married,1,Rented,11.8,,1,0,36,637300.0,2025-11-28,Verified
CUST00788,Ashok Gupta,95892 87766, ashok.gupta160@hotmail.com ,46,Male,Kanpur,Salaried - Education,Salaried,-1839134,3,yes,N,Y,Yes,343,91592.3,1728.16,Car Loan,533269,3,5.5,12.3,Married,4,Owned,4.7,675325.0,0,0,24,560298.0,2026-07-18,Pending
CUST00789,Riya Malhotra,09681426233, riya.malhotra614@gmail.com ,64,Female,Hyderabad,Business Owner,Self-Employed,"868,645",2,Yes,1,NO,No,413,N/A,1174.74,Personal Loan,,0,57.5,2.9,Married,1,Rented,14.3,,0,0,60,,2026/06/24,Verified
CUST00790,Aditya Sharma,+91-9393045122,ADITYA.SHARMA95@GMAIL.COM,56,F,Bhopal,Salaried - Government,Salaried,"1,257,027",1,true,NO,N,NO,655,503072.64,15721.02,Personal Loan,384164,6,94.6,13.9,Married,2,Rented,27.7,847111.0,0,N,36,,05/03/2026,Verified
CUST00791,Aditya Bansal,99151 53519,aditya.bansal476@rediffmail.com,0,F,Chennai,Freelancer,Self-Employed,372115,1,N,1,false,No,637,54161.67,3385.1,Car Loan,564760,3,53.5,13.6,Single,1,Rented,6.3,,1,No,72,597111.0,2025/10/08,verified
CUST00792,Ramesh Bhatt,09755243601,ramesh.bhatt229@gmail.com,45,Male,Kanpur,Business Owner,Self-Employed,404595,1,0,Yes,N,N,449,"23,632",437.62,Home Loan,,5,90.9,12.4,Married,2,Owned,8.2,408360.0,0,NO,360,4417939.0,2025-09-05,Verified
CUST00793,Vikram Patel,9718381406,vikram.patel917@gmail.com,47,FEMALE,New Delhi,Salaried - IT/Tech,Salaried,1806955,0,NO,no,N,false,686,-12048.34,803.22,Home Loan,"₹4,281,322",0,27.9,6.9,Married,1,Owned,10.6,460781.0,2,false,360,4997493.0,2026/06/22,Verified
CUST00794,vihaan singh,+91-9484092859,vihaan.singh226@gmail.com,,Female,Pune,Business Owner,Self-Employed,,1,no,true,no,N,575,"₹356,364",8287.53,personal loan,"₹388,803",3,82.1,8.1,Single,0,Owned,7.7,534213.0,1,no,48,,2026-08-24,verified
CUST00795,Ayaan Yadav,9455402113,ayaan.yadav351@yahoo.com,46,MALE,Lucknow,Freelancer,Self-Employed,N/A,2,1,Yes,0,0,693,"₹179,462",4173.54,Home Loan,"1,625,378",0,20.6,6.9,Married,2,Owned,3.9,,1,NO,180,2247458.0,10/07/2025,Verified
CUST00796,Shreya Khanna,9970192762, shreya.khanna143@rediffmail.com ,45,  Male  ,Delhi,Salaried - IT/Tech,Salaried,384958,1,N,YES,N,N,392,"₹102,234",5679.69,Home Loan,3978756,6,62.0,12.5,Married,0,Rented,22.3,239418.0,1,NO,300,4955988.0,2025-12-11,Verified
CUST00797,SUNITA SHARMA,9525432708-XX,SUNITA.SHARMA227@YAHOO.COM,43,MALE,Pune,Salaried - Government,Salaried,,0,N,false,No,N,666,₹962,45.8,Credit Card,"239,145",0,60.6,1.8,Married,0,Owned,5.2,,0,false,12,,2026-07-22,Verified
CUST00798,Sanjay Agarwal,97958 18062,"sanjay.agarwal350@hotmail,com",27,F,Chennai,Self Employed - Business,Self-Employed,"1,728,210",1,true,0,NO,No,826,"767,286",22567.23,Car Loan,"305,153",2,60.0,9.4,Single,0,Owned,4.7,,3,No,36,325467.0,,Verified
CUST00799,Neha Kapoor,09939494253,neha.kapoor548@gmail.com,39,FEMALE,Nagpur,Salaried - IT/Tech,Salaried,2150074,0,N,false,0,N,421,N/A,2203.61,car loan,N/A,2,71.4,1.7,MARRIED,1,Rented,17.5,,0,No,84,813111.0,03/28/2026,Verified
CUST00800,Vivaan Rathi,9717936964,vivaan.rathi164@rediffmail.com,26,F,Chandigarh,  Freelancer  ,Self-Employed,"₹530,452",3,Yes,Yes,no,yes,435,"₹78,265",1423.0,Credit Card,"224,887",1,57.0,13.9,Married,2,Rented,2.3,251612.0,0,N,24,,21-06-2026,Verified
CUST00801,Usha Singh,+91-9506465823,usha.singh839@rediffmail.com,39,M,  Indore  ,  Self Employed - Professional  ,Self-Employed,"2,388,680",3,YES,yes,YES,NO,322,N/A,972.7,personal loan,"₹525,587",3,78.4,3.8,Single,2,Rented,15.8,,0,No,48,,2026-02-18,Verified
CUST00802,Rajesh Desai,+91-9508127996,RAJESH.DESAI390@REDIFFMAIL.COM,34,Male,Chandigarh,Freelancer,Self-Employed,1381521,2,Yes,0,yes,0,722,"283,901",17743.83,Car Loan,"₹741,050",5,18.2,1.6,Single,2,Owned,5.2,,1,NO,36,841993.0,16-12-2025,Verified
CUST00803,Kavya Gupta,9964879866,kavya.gupta148@hotmail.com,32,female,Lucknow,Salaried - Healthcare,Salaried,N/A,0,0,false,N,No,701,"₹38,476",641.27,Home Loan,"6,647,208",1,44.0,8.0,  Married  ,2,Owned,3.3,,0,N,120,7680317.0,22-03-2026,Verified
CUST00804,Ananya Sharma,9543751428-XX, ananya.sharma593@yahoo.com ,57,female,LUCKNOW,Salaried - Education,Salaried,-1700070,1,N,yes,No,N,429,"765,739",20151.03,Home Loan,"₹3,004,271",1,27.0,4.9,Married,1,rented,7.9,,2,No,360,3537715.0,04/06/2026,  Verified  
,mahesh shah,+91-9104692647,mahesh.shah191@yahoo.com,33,female,chandigarh,Business Owner,Self-Employed,,1,Y,false,N,0,440,"₹73,123",1624.94,Car Loan,"408,925",1,24.3,9.8,Married,0,Rented,8.3,,3,No,36,445161.0,,Verified
CUST00806,Ishaan Tiwari,9160237222-XX,ishaan.tiwari949@rediffmail.com,65,Female,Lucknow,Salaried - Government,Salaried,1955523,1,YES,No,false,N,716,"₹739,352",13691.71,Personal Loan,939928,4,98.1,7.9,Married,0,Company Provided,26.5,,0,yes,12,,07-08-2026,Verified
CUST00807,Sneha Khanna,9388215682,sneha.khanna130@hotmail.com,37,MALE,Pune,Self Employed - Professional,Self-Employed,2073601,0,false,N,no,No,821,"₹34,502",616.1,Home Loan,"5,683,946",2,65.6,10.5,Married,3,Rented,4.3,,2,N,360,6725644.0,2026/06/09,pending
CUST00808,Seema Malhotra,9400574412,seema.malhotra582@gmail.com,28,Male,Chennai,Salaried - IT/Tech,Salaried,"₹1,850,177",1,No,true,0,No,351,N/A,76307.79,Credit Card,-76770,4,32.7,1.8,Married,3,Rented,6.3,,0,0,12,,19-01-2026,Verified
CUST00809,arjun verma,9402629335,arjun.verma63@outlook.com,36,MALE,Kanpur,Salaried - Education,Salaried,1914647,0,0,NO,no,NO,495,"100,029",1887.34,CREDIT CARD,"163,885",1,25.6,4.8,Married,2,Owned,9.5,841631.0,0,0,24,,12-04-2026,Verified
CUST00810,Sunita Saxena,9584046001,sunita.saxena563@outlook.com,23,Male,New Delhi,Self Employed - Business,Self-Employed,-2240241,0,no,false,no,N,872,,5787.33,Home Loan,-7386510,0,13.9,5.6,Single,1,Rented,2.0,576563.0,0,no,300,9152344.0,25 Aug 2026,Verified
CUST00811,Mahesh Reddy,,mahesh.reddy424@gmail.com,51,Male,Lucknow,Salaried - Private,Salaried,1696029,0,false,No,N,false,852,"11,359",334.09,Home Loan,4244325,0,19.2,5.7,Married,0,Owned,19.8,,0,NO,300,5305597.0,2025-11-06,Verified
CUST00812,Lata Chauhan,98520477,"lata.chauhan494@outlook,com",56,Male,Bengaluru,Salaried - Healthcare,Salaried,"₹1,422,750",0,no,N,N,N,304,"₹115,924",4830.16,Credit Card,"99,495",3,37.4,2.5,Single,0,Rented,13.1,,1,NO,12,,18 Jul 2026,Verified
CUST00813,Vinod Tiwari,91657452,vinod.tiwari169@outlook.com,29,M,Surat,Salaried - Education,Salaried,746673,1,NO,true,0,0,307,239758.59,4994.97,Home Loan,2549093,4,85.0,9.7,Single,0,Rented,6.8,,1,NO,120,3008485.0,2026-05-09,verified
CUST00814,Ananya Singh,+91-9844418816, ananya.singh751@hotmail.com ,62,M,Pune,Salaried - Private,Salaried,"₹557,859",3,Yes,0,yes,YES,444,"239,766",8267.79,PERSONAL LOAN,,0,32.6,3.4,Single,0,Rented,14.7,,1,YES,12,,08-07-2026,Verified
CUST00815,Kiran Tiwari,95586951,kiran.tiwari958@gmail.com,64,Female,Hyderabad,Salaried - Education,Salaried,"1,829,933",0,No,NO,N,0,766,74426.97,5316.21,Home Loan,,4,23.5,11.7,Married,2,owned,5.1,,0,No,300,7785569.0,02/28/2026,Verified
CUST00816,NEHA BANSAL,,neha.bansal981@yahoo.com,29,MALE,Bengaluru,Salaried - IT/Tech,Salaried,,0,false,N,No,NO,591,63266.23,2343.19,  Home Loan  ,,2,36.8,11.9,Married,0,Company Provided,0.6,,0,N,180,2409157.0,2025-09-10,Verified
CUST00817,Krishna Chopra,09474359078,,34,F,Bhopal,Salaried - Healthcare,Salaried,"₹2,211,404",1,0,false,Y,N,819,-663943.56,26557.74,Car Loan,1331791,4,62.0,1.8,married,1,Owned,3.5,822185.0,0,No,84,1501551.0,18-01-2026,Verified
CUST00818,Rahul Rathi,92672528,,26,M,Chennai,Salaried - Education,Salaried,2075375,2,yes,No,Y,N,641,,6705.65,Personal Loan,"805,608",1,17.2,0.2,Single,2,Rented,3.4,443342.0,0,No,48,,09/03/2025,Verified
CUST00819,Radhika Sharma,9700735292,radhika.sharma785@outlook.com,38,Male,Chennai,Business Owner,Self-Employed,"780,422",1,yes,N,no,no,502,"462,799",14462.47,Home Loan,"6,998,352",4,41.2,10.7,Single,0,Owned,15.4,178287.0,0,No,360,8458901.0,2026-06-05,Verified
CUST00820,Ayaan Yadav,+91-9103813398, ayaan.yadav829@outlook.com ,55,F,Kolkata,FREELANCER,Self-Employed,1267378,2,YES,N,1,N,484,-475261.65,31684.11,Personal Loan,,5,72.1,9.6,married,0,Rented,12.0,,1,N,12,,05-11-2025,Pending
CUST00821,Ramesh Mishra,+91-9560731187,ramesh.mishra533@gmail.com,43,  Female  ,Bhopal,Salaried - IT/Tech,Salaried,"2,220,985",0,NO,false,no,no,,8070.14,237.36,Personal Loan,"757,100",3,28.2,13.0,Married,3,Rented,13.7,254631.0,1,yes,36,,2025/11/05,Verified
CUST00822,Simran Rao,9609351789,simran.rao418@outlook.com,62,male,Hyderabad,Salaried - Education,Salaried,2337684,2,1,N,1,0,707,1219896.58,60994.83,Personal Loan,"479,042",5,46.1,8.0,Single,1,OWNED,19.7,,1,NO,48,,2025/11/22,Verified
CUST00823,Kabir Malhotra,9564130702,,53,male,Pune,Business Owner,Self-Employed,,2,Yes,N,no,true,863,N/A,21622.9,CREDIT CARD,263164,0,60.5,12.2,Married,0,Owned,18.8,,0,NO,36,,03/08/2026,Verified
CUST00824,Kritika Saxena,93018 21554,"kritika.saxena935@rediffmail,com",44,Male,Lucknow,Salaried - Private,Salaried,"₹603,834",0,No,N,false,0,411,"53,858",1496.07,CAR LOAN,"₹1,312,601",1,22.9,1.2,Single,2,Company Provided,8.3,,2,NO,60,1399306.0,2025-10-23,Verified
CUST00825,Manish Desai,,manish.desai41@gmail.com,62,female,delhi,Salaried - Private,Salaried,,1,Yes,false,N,NO,757,"₹360,351",8380.27,Car Loan,,10,64.5,9.7,Single,2,Owned,3.3,,0,NO,84,1463586.0,2026-07-12,Verified
CUST00826,vikram patel,,VIKRAM.PATEL773@GMAIL.COM,46,Female,Chennai,Self Employed - Business,Self-Employed,979690,2,Yes,Yes,No,no,874,"₹9,215",418.88,Credit Card,27151,3,52.4,3.1,Single,3,Rented,22.6,,0,NO,36,,28 Feb 2026,Verified
CUST00827,Kiran Yadav,+91-9781886552,kiran.yadav296@gmail.com,65,  Female  ,chandigarh,Salaried - Government,Salaried,,1,1,0,no,N,717,595075.58,13838.97,Car Loan,,2,56.6,7.5,Married,2,Owned,11.4,693415.0,0,false,72,503277.0,2026-07-31,Verified
CUST00828,Isha Khanna,96520249,isha.khanna204@outlook.com,53,Male,Surat,Freelancer,Self-Employed,"₹1,258,989",0,false,no,0,false,463,107602.77,2502.39,Personal Loan,"₹505,267",8,83.8,7.9,Married,0,Rented,14.0,,0,YES,60,,2026-01-21,Verified
CUST00829,sunil sethi,09798409334,SUNIL.SETHI419@REDIFFMAIL.COM,56,MALE,jaipur,Salaried - IT/Tech,Salaried,"₹1,322,802",0,NO,0,no,No,848,"₹4,190",322.29,  Car Loan  ,,3,39.3,10.9,Married,2,Owned,5.2,,0,N,36,1195631.0,2026/06/30,VERIFIED
CUST00830,  Nisha Verma  ,09848336824,,35,M,Chennai,Salaried - Healthcare,Salaried,"₹1,430,956",0,0,N,false,NO,304,"₹34,585",2660.36,Credit Card,"241,097",0,58.1,5.4,Married,2,Rented,9.0,407623.0,1,Yes,12,,,Verified
CUST00831,Karan Sethi,,karan.sethi143@hotmail.com,59,female,Ahmedabad,Self Employed - Professional,Self-Employed,2361378,1,No,no,false,yes,402,158224.6,5860.17,Car Loan,,0,87.5,6.1,Married,1,Owned,16.7,,0,0,84,404130.0,,Verified
CUST00832,Kavya Joshi,9339921653,kavya.joshi542@yahoo.com,56,FEMALE,Kanpur,Salaried - IT/Tech,Salaried,"1,735,381",1,0,YES,0,0,382,608702.57,19021.96,Credit Card,61100,1,90.7,4.7,Single,1,Rented,20.8,,2,false,36,,2025/11/29,Verified
CUST00833,Reyansh Malhotra,9589226316-XX,reyansh.malhotra205@yahoo.com,49,Female,nagpur,salaried - government,Salaried,888868,0,No,0,NO,0,733,"₹63,922",1065.37,Personal Loan,"₹848,019",0,88.9,2.8,Married,2,RENTED,14.5,,0,No,60,,2026-07-10,Pending
CUST00834,SAANVI AGARWAL,9351300022-XX,saanvi.agarwal86@rediffmail.com,48,F,mumbai ,Self Employed - Professional,Self-Employed,"₹1,709,399",1,no,no,0,true,643,"₹33,319",1009.67,Personal Loan,N/A,0,69.3,10.9,Married,2,OWNED,4.9,,0,N,60,,06 Jun 2026,Verified
CUST00835,Aditya Iyer,,aditya.iyer353 at gmail.com,63,M,Chennai,Salaried - Private,Salaried,"₹909,221",1,Yes,0,NO,false,448,"301,667",5201.16,Personal Loan,,0,17.6,5.6,married,1,Owned,18.4,398427.0,1,no,36,,03-12-2025,Verified
CUST00836,Divya Bhatia,+91-9859401717,divya.bhatia208@outlook.com,36,M,Kanpur,Self Employed - Professional,Self-Employed,654655,0,false,No,no,false,899,31672.8,1666.99,Credit Card,"188,135",0,19.0,8.9,Single,3,Rented,6.0,,0,NO,36,,2025/12/13,Verified
CUST00837,Sneha Kumar,09558875079,,26,Male,KOCHI,Business Owner,Self-Employed,1258767,2,no,1,yes,no,706,"428,384",26773.98,Car Loan,1228311,0,48.7,11.7,Married,0,owned,2.7,,0,false,48,1498648.0,2026/07/08,Verified
CUST00838,  Sai Shah  ,9310986781,sai.shah58 at outlook.com,38,Female,Delhi,Salaried - Private,Salaried,,1,Y,0,0,0,549,351352.42,7475.58,Credit Card,-485071,0,94.3,9.6,Single,0,Owned,7.0,,0,N,12,,2026-01-12,Verified
CUST00839,Sunil Yadav,99468 37680,sunil.yadav211 at outlook.com,,Female,Kanpur,Salaried - IT/Tech,Salaried,"588,599",2,1,N,YES,N,817,N/A,2124.66,Personal Loan,920427,1,17.6,2.8,Married,2,Owned,6.6,,0,NO,24,,2025-08-27,Verified
CUST00840,Shreya Pandey,09687234675,shreya.pandey174@outlook.com,36,MALE,Delhi,Freelancer,Self-Employed,"1,126,222",1,0,1,NO,N,424,489004.35,9403.93,Home Loan,,0,5.9,8.2,Single,2,Rented,10.6,,1,0,300,4499226.0,06/25/2026,Verified
CUST00841,Suresh Joshi,9560002463,,23,  Male  ,Mumbai,Salaried - Healthcare,Salaried,842749,3,true,false,true,Y,785,"₹461,822",11263.95,Credit Card,247384,0,58.3,13.1,Married,2,Rented,1.3,312519.0,0,false,12,,2026/06/21,Verified
CUST00842,Swati Nair,,swati.nair659@outlook.com,44,M,Kanpur,Salaried - Education,Salaried,2282273,1,1,0,false,N,490,"₹621,033",14442.63,Credit Card,143903,0,74.8,12.2,Single,2,Rented,17.3,,0,No,12,,02-11-2025,Verified
CUST00843,Anil Saxena,+91-9509828757,anil.saxena946@hotmail.com,55,F,Mumbai,Salaried - Healthcare,Salaried,,2,1,false,YES,N,837,,17435.4,credit card,106965,2,25.7,9.9,Single,4,Rented,28.9,740594.0,2,N,36,,08-12-2025,Verified
CUST00844,Aarav Iyer,+91-9830119469,aarav.iyer114@gmail.com,50,female,Hyderabad,Salaried - IT/Tech,Salaried,N/A,2,No,Y,Y,false,,"₹371,503",8076.15,Home Loan,"3,238,194",4,44.5,7.3,Single,1,Owned,28.3,,0,0,120,3899150.0,06/04/2026,Verified
CUST00845,Karan Sharma,91303 94212,karan.sharma285@rediffmail.com,35,F,Ahmedabad,Salaried - Education,Salaried,1252162,1,no,1,0,false,448,,10273.85,Credit Card,,1,50.8,1.1,Married,0,Owned,12.7,707120.0,1,false,12,,31-05-2026,Verified
CUST00846,Krishna Desai,,krishna.desai288 at hotmail.com,28,F,Mumbai,Salaried - Government,Salaried,779042,1,Yes,no,false,N,354,,9437.34,Car Loan,1239942,1,74.3,12.6,Married,1,RENTED,6.3,,0,false,48,1341922.0,11/03/2025,Verified
CUST00847,Ayaan Kumar,9399745070,ayaan.kumar560 at hotmail.com,42,Female,KANPUR,Freelancer,Self-Employed,698126,1,N,NO,Y,No,,"181,234",4214.75,Personal Loan,-712534,3,86.1,13.0,Married,3,Owned,8.7,,0,false,36,,2026/02/22,Verified
CUST00848,Kabir Yadav,9908843777-XX,kabir.yadav425@gmail.com,47,M,Indore,Self Employed - Professional,Self-Employed,N/A,1,false,NO,Y,false,516,N/A,13214.92,Credit Card,,1,95.0,10.5,Married,0,Rented,13.1,,0,no,18,,2025/10/23,Verified
CUST00849,Preeti Tiwari,93088105,preeti.tiwari432@gmail.com,36,male,Chandigarh,Freelancer,Self-Employed,,2,Y,Y,NO,NO,357,244861.37,4452.02,Personal Loan,N/A,0,33.1,7.8,Married,0,Rented,13.6,,0,0,60,,2026/06/02,Verified
CUST00850,Ayaan Singh,9617360044,ayaan.singh872 at outlook.com,34,Male,Chennai,  Salaried - Healthcare  ,Salaried,"1,734,559",2,yes,NO,YES,false,488,"335,815",20988.46,CAR LOAN,,4,90.3,13.6,Married,2,Owned,2.7,,0,N,36,1554337.0,,Verified
CUST00851,Reyansh Saxena,+91-9323240792,,37,F,Ahmedabad,Salaried - Government,Salaried,1616807,2,true,0,0,Y,781,"579,932",12887.37,Car Loan,"₹396,765",2,45.7,10.0,Married,2,Rented,2.4,697035.0,1,0,72,485342.0,2026/08/20,Verified
CUST00852,Pooja Mishra,,pooja.mishra914@yahoo.com,42,M,indore,Salaried - Education,Salaried,"₹2,431,638",2,YES,0,Yes,no,496,,34078.39,credit card,"₹270,724",2,16.5,9.9,Single,4,Rented,4.0,278738.0,0,NO,24,,13 Oct 2025,Verified
CUST00853,DIVYA SETHI,,divya.sethi860@yahoo.com,24,Female,Ahmedabad,Self Employed - Business,Self-Employed,,2,Yes,no,YES,no,402,-499983.74,16128.51,Car Loan,862991,0,77.3,8.4,Single,0,Company Provided,0.4,,0,NO,48,907404.0,,Verified
CUST00854,Riya Shah,9853285439,,28,Female,Banglore,Salaried - Healthcare,Salaried,2047046,1,false,1,NO,false,616,607963.81,25331.83,Credit Card,"₹490,419",0,8.7,4.8,Single,1,Owned,0.9,,0,YES,18,,2026-03-11,Verified
CUST00855,Mahesh Sethi,99824 10838,mahesh.sethi799@gmail.com,22,  Male  ,Lucknow,Salaried - Education,Salaried,1640184,1,0,YES,false,No,336,"624,097",27134.63,Personal Loan,"553,615",0,41.3,8.8,Single,1,Owned,0.4,323785.0,0,no,12,,2025/09/28,Verified
CUST00856,Shreya Rathi,9910132520,"shreya.rathi197@rediffmail,com",64,MALE,Ahmedabad,Salaried - IT/Tech,Salaried,831907,3,YES,NO,1,Y,734,"₹336,098",7638.58,Personal Loan,,0,24.1,4.6,Married,2,Company Provided,7.9,,0,true,60,,2026-03-09,Verified
CUST00857,Swati Nair,+91-9885608295,,48,FEMALE,Surat,SELF EMPLOYED - BUSINESS,Self-Employed,,1,Y,0,NO,0,436,N/A,15045.21,Credit Card,"255,807",0,37.3,12.5,Married,1,Company Provided,23.1,,3,0,24,,2026-07-03,Verified
CUST00858,Seema Joshi,,"seema.joshi887@gmail,com",36,FEMALE,Indore,Salaried - IT/Tech,Salaried,"₹1,670,527",1,yes,N,0,no,636,44905.34,1095.25,Credit Card,"₹440,776",1,24.1,0.8,Married,2,Owned,8.4,,0,0,24,,04-07-2026,Verified
CUST00859,Mahesh Chopra,96544210,mahesh.chopra986@hotmail.com,48,FEMALE,Coimbatore,Salaried - IT/Tech,Salaried,N/A,1,1,false,No,N,322,"1,160,038",29744.57,Credit Card,,3,64.0,13.6,MARRIED,4,Owned,14.3,,3,Y,36,,10/17/2025,Verified
CUST00860,POOJA SAXENA,+91-9484932777,pooja.saxena429@hotmail.com,41,Male,lucknow,Salaried - Government,Salaried,2418891,3,YES,1,Y,N,599,"₹378,449",6524.99,personal loan,264339,0,24.7,14.5,Single,2,Owned,10.5,882304.0,2,no,12,,2026/07/22,Verified
CUST00861,Riya Malhotra,9859575160,RIYA.MALHOTRA591@YAHOO.COM,,Female,Surat,Salaried - Private,Salaried,,1,false,N,N,true,874,"₹226,677",5397.07,Personal Loan,N/A,0,47.3,4.6,Married,0,Owned,25.9,,0,No,48,,2026/04/02,Verified
CUST00862,Anil Chopra,99921 95121,,25,female,Ahmedabad,Freelancer,Self-Employed,"₹1,505,955",0,no,N,NO,no,353,101075.66,4211.49,Car Loan,1374054,0,6.8,12.6,Married,0,Rented,1.9,,1,0,72,1620978.0,2025-08-26,Verified
CUST00863,Suresh Khanna,96408 59955,SURESH.KHANNA881@OUTLOOK.COM,30,F,bhopal,Salaried - Healthcare,Salaried,"2,498,573",1,yes,No,No,No,724,219895.89,9162.33,Home Loan,"3,308,851",0,69.6,3.3,Married,1,Rented,3.6,,0,no,120,4362939.0,11-11-2025,Verified
CUST00864,Kavya Kapoor,,kavya.kapoor432@gmail.com,51,male,Bhopal,Self Employed - Professional,Self-Employed,,0,no,NO,No,false,738,14194.79,373.55,Personal Loan,,0,42.3,8.2,Single,2,Company Provided,16.8,,0,false,48,,2026-03-05,Verified
CUST00865,Ramesh Iyer,+91-9798000086,"ramesh.iyer246@outlook,com",53,FEMALE,Chennai,salaried - healthcare,Salaried,"1,098,000",1,YES,No,0,no,328,"₹633,965",23480.19,Home Loan,,1,58.0,4.4,Married,0,Company Provided,14.6,,0,0,240,5718423.0,2025-10-10,Verified
CUST00866,Anil Joshi,99230561,anil.joshi213@yahoo.com,24,male,Delhi,Salaried - Private,Salaried,-1465023,0,NO,No,no,0,,21977.56,372.5,Car Loan,"852,372",0,54.9,14.4,Married,2,Owned,1.2,300214.0,1,YES,60,1062712.0,2026/07/15,Verified
CUST00867,Seema Pandey,9918933929,seema.pandey14@gmail.com,37,FEMALE,Mumbai,Salaried - Government,Salaried,"₹594,186",2,Yes,YES,false,no,670,,18370.86,Credit Card,,2,61.8,8.6,Single,3,Company Provided,1.7,815049.0,0,No,36,,14-01-2026,Verified
CUST00868,Arjun Iyer,+91-9884010024,,49,female,Bengaluru,Freelancer,Self-Employed,"2,012,797",1,yes,no,0,NO,897,-497090.91,9205.39,Home Loan,-6093266,4,72.3,0.4,Married,0,Owned,27.4,,0,false,120,7428036.0,11/18/2025,  Verified  
CUST00869,Deepak Rao,91038750,deepak.rao748@yahoo.com,,F,Chandigarh,Salaried - Education,Salaried,"1,498,617",0,false,0,No,no,847,N/A,3013.87,  Credit Card  ,152842,0,11.4,13.2,Married,1,OWNED,9.4,,0,NO,12,,02-01-2026,Verified
CUST00870,  Vinod Desai  ,,,50,FEMALE,Surat,Self Employed - Business,Self-Employed,,2,yes,0,No,Yes,470,171078.41,6579.94,Home Loan,N/A,0,38.9,1.4,  Single  ,2,Rented,12.0,800298.0,0,no,180,8104412.0,,Verified
CUST00871,Arjun Desai,9824041303,arjun.desai193@gmail.com,,Female,Kochi,Salaried - Healthcare,Salaried,1120386,1,true,N,NO,N,380,"234,785",4603.62,Car Loan,651875,2,51.5,9.1,Married,2,Rented,7.3,,1,false,24,803980.0,06/05/2026,Pending
CUST00872,Diya Shah,9967208728,,45,Female,Kanpur,Self Employed - Business,Self-Employed,"₹1,202,329",2,Yes,0,1,false,845,549852.42,11455.26,Credit Card,"307,169",4,77.7,11.0,Divorced,4,Owned,6.4,,0,false,18,,02/01/2026,Verified
CUST00873,Reyansh Tiwari,+91-9753120819,reyansh.tiwari898@outlook.com,57,F,Ahmedabad,Salaried - Private,Salaried,726161,2,YES,N,yes,N,602,39508.06,2324.0,Car Loan,N/A,0,28.7,5.1,SINGLE,1,Rented,28.6,179244.0,0,false,24,1302021.0,2026-05-25,Verified
CUST00874,Sanjay Kumar,9150951873,sanjay.kumar632 at hotmail.com,44,female,Lucknow,Salaried - Healthcare,Salaried,,1,1,N,0,No,612,N/A,13957.29,Credit Card,"430,562",1,97.5,9.0,Married,1,Rented,20.8,264526.0,0,NO,12,,2025-09-06,Verified
CUST00875,Reyansh Khanna,09846008575,reyansh.khanna767@hotmail.com,62,Female,Bengaluru,Salaried - Private,Salaried,,0,0,N,NO,0,435,"₹8,753",312.61,Personal Loan,"₹888,925",2,43.4,2.3,Single,3,Owned,2.8,,0,NO,24,,24-07-2026,Verified
CUST00876,Sunita Bansal,9710401558,sunita.bansal798@hotmail.com,30,F,Kochi,Self Employed - Professional,Self-Employed,-1436614,1,true,0,N,no,311,N/A,11446.37,Personal Loan,"744,208",3,65.2,14.1,Single,1,Rented,5.1,,1,no,12,,2025-09-18,Pending
CUST00877,Mahesh Kapoor,9387044869,mahesh.kapoor573 at outlook.com,60,  Female  ,Chennai,Salaried - IT/Tech,Salaried,1102683,1,No,No,Y,no,602,N/A,3884.66,Credit Card,"₹193,635",2,53.6,13.9,Single,2,Owned,19.1,,0,false,24,,04 Jun 2026,verified
CUST00878,Kiran Khanna,,kiran.khanna187@outlook.com,21,Female,Kanpur,Salaried - IT/Tech,Salaried,,1,true,NO,N,false,649,N/A,1173.8,Credit Card,,4,65.3,14.6,Married,1,Owned,0.3,,0,N,36,,10-02-2026,Verified
CUST00879,  Isha Malhotra  ,09964640420,isha.malhotra138 at yahoo.com,53,F,Kochi,Freelancer,Self-Employed,,1,yes,0,N,N,543,108480.59,3013.35,Credit Card,N/A,1,89.1,2.2,Married,3,Company Provided,24.0,,1,0,24,,04/29/2026,Verified
CUST00880,Vikram Pandey,09908781262,,57,Male,Pune,Freelancer,Self-Employed,369945,2,true,YES,false,NO,833,"130,264",2171.07,Car Loan,,1,95.3,8.6,Married,2,Rented,8.0,,1,Y,36,906640.0,,Verified
CUST00881,Radhika Shah,91998 31937,RADHIKA.SHAH981@HOTMAIL.COM,51,Male,DELHI,Salaried - Healthcare,Salaried,-1227204,1,true,NO,NO,no,561,"636,574",10609.56,Home Loan,-6757891,1,78.2,12.6,Married,2,Owned,26.8,,1,no,180,9245872.0,2025-11-15,Verified
CUST00882,Rohan Tiwari,96760 85398,,28,M,Chennai,Self Employed - Professional,Self-Employed,1866642,1,Y,NO,0,false,848,814781.48,14814.21,Home Loan,5568126,4,65.7,7.6,Single,1,Owned,4.0,,0,NO,240,7560055.0,26-04-2026,Verified
CUST00883,Sai Rao,94837 70585,sai.rao652@yahoo.com,26,F,Lucknow,Salaried - Healthcare,Salaried,,1,false,true,N,No,581,,13237.64,Car Loan,"482,422",6,11.1,9.6,Divorced,1,Rented,4.7,,0,no,84,569443.0,07 Jul 2026,Verified
CUST00884,Saanvi Nair,94593225,saanvi.nair230 at outlook.com,60,female,Kanpur,Salaried - Healthcare,Salaried,"₹601,744",0,NO,No,N,no,712,"26,513",530.26,Home Loan,"3,492,989",5,5.8,12.2,Married,0,Rented,24.6,232693.0,1,0,120,4679384.0,,Verified
CUST00885,Suresh Mishra,9266680994,suresh.mishra177@outlook.com,30,MALE,Kochi,Salaried - IT/Tech,Salaried,,2,yes,false,Y,NO,866,,676.89,Car Loan,,2,9.7,1.4,Single,2,Owned,0.4,832492.0,1,0,48,1486215.0,2026/04/07,Verified
CUST00886,Kavya Rathi,09665844292,"kavya.rathi409@hotmail,com",52,Male,Kanpur,Salaried - Healthcare,Salaried,"1,395,613",1,Y,N,false,No,702,"₹34,251",878.23,Home Loan,3742471,5,83.3,6.2,Single,1,Owned,10.2,843884.0,2,N,360,4362754.0,2026/06/28,Verified
CUST00887,Sanjay Desai,99815 54550,sanjay.desai358@hotmail.com,49,male,KOCHI,Salaried - Healthcare,Salaried,478567,2,yes,Y,NO,0,628,"₹207,503",3915.16,Personal Loan,"₹634,143",0,6.9,7.6,married,1,owned,25.6,,0,no,60,,,Verified
CUST00888,Suresh Desai,9386683631-XX,suresh.desai296@hotmail.com,21,female,coimbatore,Salaried - Private,Salaried,"₹2,315,353",1,N,yes,NO,0,883,1303300.73,26066.01,Credit Card,-259119,1,40.2,2.5,Single,1,Owned,0.3,735564.0,0,N,36,,01/14/2026,Verified
CUST00889,Kabir Desai,99153302,kabir.desai690@yahoo.com,54,F,CHANDIGARH,Salaried - IT/Tech,Salaried,2145388,1,YES,no,false,false,337,619685.19,17705.29,  Car Loan  ,"935,421",2,30.0,11.9,Married,3,Owned,23.0,,1,NO,60,1131991.0,2025-11-23,PENDING
CUST00890,Ashok Sharma,9991279188,ashok.sharma597@outlook.com,60,F,Chandigarh,Salaried - Education,Salaried,1310789,3,Yes,yes,YES,0,777,,6553.39,Credit Card,,0,36.6,3.9,Married,0,Owned,28.8,203817.0,2,No,36,,02-11-2025,Verified
CUST00891,Kavya Kapoor,09637387937,kavya.kapoor345@hotmail.com,37,MALE,ahmedabad,salaried - healthcare,Salaried,1433986,1,No,no,No,Y,846,282895.9,5337.66,Car Loan,1280613,0,68.2,2.4,Single,2,Company Provided,5.8,731435.0,1,false,48,1469115.0,06/28/2026,Verified
CUST00892,Anjali Shah,,anjali.shah101@hotmail.com,46,male,Chennai,Freelancer,Self-Employed,"₹1,400,968",3,No,true,Y,Yes,518,623428.12,11762.79,Car Loan,"1,231,218",0,6.7,1.7,Married,2,Company Provided,15.9,697150.0,0,No,84,1492078.0,,Verified
CUST00893,Nikhil Kumar,+91-9696969321,NIKHIL.KUMAR358@OUTLOOK.COM,,FEMALE,Delhi,Freelancer,Self-Employed,"1,209,124",2,yes,Y,NO,0,425,334791.55,13949.65,Home Loan,,0,48.7,9.3,Married,3,Rented,13.3,437413.0,1,No,360,2716755.0,05/31/2026,Verified
CUST00894,Simran Patel,,simran.patel321@outlook.com,64,male,Nagpur,Self Employed - Business,Self-Employed,N/A,0,No,false,N,false,862,"₹58,624",1196.41,Home Loan,5234353,0,28.7,15.0,SINGLE,1,Owned,26.4,,1,no,120,6659471.0,2026/04/15,Verified
CUST00895,Shreya Bhatt,,shreya.bhatt277@gmail.com,34,MALE,Kanpur,Salaried - Government,Salaried,,2,0,Y,Y,N,617,"₹110,172",2118.7,Car Loan,"775,447",0,85.9,13.9,Married,2,Rented,5.6,,2,Yes,48,894891.0,09/06/2025,Verified
CUST00896,Sunil Bhatia,9816787711,sunil.bhatia12@gmail.com,50,male,Kanpur,Salaried - Education,Salaried,,1,N,true,no,no,650,199248.71,3689.79,Home Loan,"3,490,487",4,49.7,9.0,Married,2,Owned,25.7,,0,no,360,4104539.0,29-10-2025,Verified
CUST00897,Aryan Rathi,9961427999,aryan.rathi171@gmail.com,37,male,Lucknow,Self Employed - Business,Self-Employed,"₹1,883,814",2,YES,1,N,false,881,911044.95,43383.09,Car Loan,942009,0,77.0,4.9,Divorced,2,Owned,14.7,,0,false,48,1041893.0,2025/10/04,Verified
CUST00898,Reyansh Rathi,9929428400-XX,reyansh.rathi705 at rediffmail.com,63,F,Bengaluru,Self Employed - Professional,Self-Employed,1902419,1,no,YES,N,no,447,66134.2,1407.11,Credit Card,381767,1,47.2,14.3,Married,1,Owned,23.4,522491.0,0,N,18,,2025/11/18,Verified
CUST00899,Arjun Nair,9810683780,arjun.nair535@yahoo.com,33,Male,Lucknow,Salaried - IT/Tech,Salaried,"550,253",1,N,Y,no,no,698,"₹3,770",314.14,Home Loan,,5,49.5,7.3,Single,0,Owned,8.1,,3,NO,300,5988337.0,2026/07/01,Verified
CUST00900,Pooja Malhotra,+91-9802448013,pooja.malhotra495@gmail.com,61,  Female  ,KOLKATA,Salaried - Government,Salaried,"₹2,392,905",2,yes,1,N,no,874,-70819.08,2284.49,Credit Card,N/A,0,59.6,0.9,Single,2,Owned,9.1,450454.0,1,N,12,,2026-06-23,verified
CUST00901,Priya Verma,09446712607,priya.verma736 at yahoo.com,,F,Nagpur,Salaried - IT/Tech,Salaried,"₹439,210",0,no,0,0,NO,534,"13,105",397.11,Credit Card,-389710,6,47.8,1.0,Married,2,Owned,17.3,895103.0,0,false,12,,04/19/2026,Verified
CUST00902,Ayaan Mehta,93647878,"ayaan.mehta69@rediffmail,com",36,FEMALE,Chennai,Salaried - Healthcare,Salaried,1020884,3,Y,YES,Yes,N,325,337138.54,7662.24,Home Loan,,3,53.9,2.3,Single,2,Owned,14.9,,1,no,180,6044783.0,2026/07/10,Verified
CUST00903,Aarav Malhotra,9488788775,aarav.malhotra460@yahoo.com,41,male,Chandigarh,Salaried - IT/Tech,Salaried,-1717976,1,N,No,Yes,No,653,"₹125,877",5721.69,Credit Card,179518,0,81.7,1.5,Single,0,Owned,6.8,,1,no,12,,12/16/2025,Verified
CUST00904,Anil Bhatia,9747356865,anil.bhatia465@gmail.com,52,M,Bengaluru,Business Owner,Self-Employed,"₹412,515",1,Yes,no,false,0,886,,3755.51,Car Loan,"₹1,101,084",0,13.9,6.0,Married,0,Rented,16.8,329301.0,0,No,72,1256017.0,03/20/2026,Verified
CUST00905,Usha Pandey,,usha.pandey879@gmail.com,21,FEMALE,Jaipur,Self Employed - Professional,Self-Employed,,1,Y,false,N,no,765,"₹649,644",12030.44,Personal Loan,933696,0,77.4,11.5,MARRIED,0,Owned,0.3,,1,false,48,,2026-02-12,Verified
CUST00906,Anjali Sethi,09383497061,"anjali.sethi890@outlook,com",28,F,Surat,Freelancer,Self-Employed,1478205,0,0,no,No,NO,749,"₹107,223",4288.93,  Credit Card  ,,0,37.7,0.5,MARRIED,1,  Rented  ,3.3,,1,Y,24,,2026-04-27,Verified
CUST00907,Ayaan Kumar,9215430014,ayaan.kumar53@hotmail.com,57,  Female  ,Nagpur,Salaried - IT/Tech,Salaried,2185654,1,true,0,No,NO,453,671086.79,16367.97,Personal Loan,224503,0,59.8,4.6,Married,3,Rented,22.8,,1,false,48,,05/23/2026,Verified
CUST00908,Vinod Malhotra,9112249011,vinod.malhotra864@hotmail.com,45,male,Indore,Salaried - Government,Salaried,N/A,1,true,false,No,0,753,"644,553",15720.8,Home Loan,"₹6,500,813",0,8.9,9.9,Married,3,Owned,9.2,,1,no,300,7589308.0,2025/10/08,Verified
CUST00909,Tanya Chauhan,9355940198,,29,FEMALE,Kolkata,Self Employed - Business,Self-Employed,,2,true,no,0,1,506,,1788.18,Personal Loan,"₹104,406",3,25.5,8.9,Married,1,Owned,3.4,,0,no,48,,11-06-2026,Pending
CUST00910,Amit Tiwari,93432 73152,amit.tiwari697@gmail.com,46,female,Chennai,Self Employed - Professional,Self-Employed,,2,Yes,NO,0,1,612,93796.33,2131.73,Car Loan,,1,84.3,0.7,Married,3,Owned,22.2,,0,No,48,888534.0,24 Oct 2025,Pending
CUST00911,Rajesh Chauhan,9921056754,rajesh.chauhan819@rediffmail.com,21,FEMALE,Kolkata,Salaried - Healthcare,Salaried,"₹1,768,271",1,0,No,no,true,553,"₹1,033,830",27206.06,Car Loan,"₹576,849",0,81.1,7.3,Single,4,Rented,0.3,,0,No,84,626507.0,12/21/2025,Verified
CUST00912,Krishna Patel,09231365105, krishna.patel256@gmail.com ,,Male,Bengaluru,Salaried - Healthcare,Salaried,,0,no,N,no,false,434,107076.93,2549.45,Home Loan,2837811,5,54.3,3.2,Single,0,Rented,24.2,,1,NO,120,3599685.0,08/02/2026,Verified
CUST00913,Manish Iyer,9223324899,manish.iyer438@gmail.com,36,  Male  ,Kolkata,Freelancer,Self-Employed,"2,424,659",2,Yes,1,NO,N,483,766780.54,24734.86,Car Loan,466279,0,7.0,10.3,single,2,Owned,10.9,,0,true,24,526741.0,2026/05/24,Verified
CUST00914,Krishna Pandey,98475 13361,krishna.pandey70@gmail.com,38,M,Indore,Self Employed - Business,Self-Employed,2256506,1,1,No,NO,no,715,921935.17,19206.98,Home Loan,3621163,0,83.4,3.6,Single,0,Rented,13.1,557140.0,3,NO,120,4682947.0,2026-03-04,Verified
CUST00915,Anjali Singh,09355451415,anjali.singh706 at rediffmail.com,34,M,Coimbatore,Salaried - Private,Salaried,2087799,2,1,YES,no,false,457,"₹287,014",7757.13,Home Loan,,0,68.0,5.3,Single,2,Rented,1.5,230143.0,0,no,300,2810056.0,2025-09-09,Verified
CUST00916,Isha Gupta,+91-9713597585, isha.gupta134@gmail.com ,28,Male,Coimbatore,Salaried - Healthcare,Salaried,"829,857",1,yes,No,no,0,303,"₹413,936",8623.67,Personal Loan,-840574,1,37.3,2.6,Single,1,Company Provided,4.5,,0,false,48,,2025/12/12,Verified
CUST00917,Suresh Kapoor,9189423283, suresh.kapoor290@rediffmail.com ,31,MALE,Bhopal,Salaried - Healthcare,Salaried,"2,227,242",1,YES,false,N,0,487,"399,603",9746.41,Personal Loan,"₹661,135",0,41.6,5.3,Married,3,Owned,1.0,581329.0,3,false,48,,2026/04/13,Verified
CUST00918,Rita Mishra,+91-9566265153,rita.mishra726@hotmail.com,51,Male,JAIPUR,Salaried - IT/Tech,Salaried,"1,102,241",1,false,YES,NO,no,773,343166.44,15598.47,Home Loan,4535863,1,37.1,6.2,Single,1,Rented,26.0,,2,false,360,5269397.0,2025-12-19,Verified
CUST00919,Shreya Mishra,91201464,shreya.mishra657@outlook.com,29,Female,Chandigarh,Salaried - Education,Salaried,"512,083",1,no,N,0,Y,367,128722.37,3785.95,Home Loan,-3413059,1,17.1,13.2,Married,2,Company Provided,6.7,346274.0,0,no,300,4592177.0,2025/12/22,Verified
CUST00920,Anil Gupta,09870766683,anil.gupta981@outlook.com,61,F,  Hyderabad  ,Salaried - Healthcare,Salaried,"922,050",2,YES,Y,NO,false,488,,12254.68,Car Loan,438063,0,96.2,5.1,Married,2,Rented,19.1,,0,N,36,479016.0,02/10/2026,Verified
CUST00921,Vinod Nair,09581439114,,31,male,Coimbatore,Self Employed - Professional,Self-Employed,"1,654,936",0,no,0,NO,no,,,7761.17,CAR LOAN,"₹822,602",4,6.9,2.7,Married,3,Rented,4.8,,0,NO,84,897096.0,07/01/2026,Verified
CUST00922,Nisha Verma,+91-9855024113,nisha.verma995@gmail.com,48,FEMALE,Bhopal,salaried - education,Salaried,-583340,0,No,N,false,No,800,"₹14,550",246.6,Car Loan,N/A,0,94.1,10.8,Married,2,Owned,16.8,,1,no,84,1099181.0,02/28/2026,Verified
,Vikram Agarwal,+91-9341198759,vikram.agarwal637@yahoo.com,40,male,Nagpur,Salaried - Private,Salaried,1462562,2,YES,YES,No,no,487,"694,294",12398.1,Car Loan,,1,58.0,3.5,Married,0,Rented,9.9,,0,Y,36,736215.0,2025/12/31,Verified
CUST00924,Sunita Pandey,09323543839,sunita.pandey52@yahoo.com,35,Female,Surat,Salaried - Government,Salaried,,2,YES,false,false,Yes,883,,14136.07,Home Loan,,0,26.9,0.9,Single,1,Owned,11.6,764140.0,0,N,240,3470846.0,2026-05-08,Verified
CUST00925,Radhika Nair,9780805896,radhika.nair716@gmail.com,,MALE,Chennai,Salaried - IT/Tech,Salaried,,3,1,yes,No,1,681,888265.94,44413.3,Car Loan,787735,1,82.2,14.1,Single,0,Owned,4.5,,3,false,24,882152.0,18-12-2025,Verified
CUST00926,Manish Bansal,9372653510,manish.bansal954@gmail.com,60,F,Hyderabad,Salaried - Healthcare,Salaried,2385459,1,no,No,NO,true,701,"618,658",23794.55,Personal Loan,589944,1,17.5,4.3,Married,3,owned,22.4,789056.0,1,0,36,,04 Apr 2026,VERIFIED
CUST00927,Krishna Sharma,9936556320-XX,krishna.sharma1@hotmail.com,48,F,Lucknow,Salaried - Private,Salaried,"1,512,832",1,Y,NO,NO,No,667,"₹606,020",15947.91,Home Loan,,4,34.1,10.4,Single,1,COMPANY PROVIDED,13.8,,1,No,120,7397046.0,2026-03-27,verified
CUST00928,Rekha Verma,9886708679, rekha.verma222@rediffmail.com ,30,M,Kochi,Freelancer,Self-Employed,"₹2,400,660",1,No,NO,1,N,700,945538.77,26264.97,personal loan,"631,815",1,43.7,7.7,Single,2,Owned,7.4,,0,No,36,,07/13/2026,Verified
CUST00929,Radhika Chopra,,radhika.chopra410@rediffmail.com,55,F,Nagpur,Business Owner,Self-Employed,N/A,2,1,true,false,N,460,"₹513,562",8854.52,Credit Card,"₹372,966",2,87.2,6.8,Single,1,Owned,8.7,,0,0,12,,2026-05-26,Verified
CUST00930,Sunil Chopra,97481 75471,sunil.chopra455@rediffmail.com,59,FEMALE,Hyderabad,SALARIED - IT/TECH,Salaried,,1,N,false,YES,0,381,N/A,6520.47,Car Loan,"₹1,483,420",0,46.3,8.0,Single,1,Owned,17.0,,2,NO,48,1662713.0,2025/09/18,Verified
CUST00931,Simran Rathi,+91-9492391386,simran.rathi841@hotmail.com,34,M,Ahmedabad,Salaried - Government,Salaried,2413009,1,Yes,No,false,false,450,"₹23,538",1681.26,Personal Loan,-416466,1,96.3,6.5,Single,0,Rented,9.2,,0,no,12,,2026/03/07,Verified
CUST00932,Kritika Joshi,9216249057-XX,kritika.joshi607@yahoo.com,47,male,Kanpur,Salaried - IT/Tech,Salaried,2315306,2,false,true,Y,No,358,192395.97,5497.03,Car Loan,1006772,0,67.5,15.0,Married,4,Rented,19.4,572689.0,2,No,72,1227584.0,2026-03-19,Verified
CUST00933,Rahul Desai,,rahul.desai490@yahoo.com,40,Female,Hyderabad,Salaried - Education,Salaried,"1,199,909",1,Yes,false,no,N,525,,37074.64,Credit Card,"35,680",1,32.6,4.8,Single,2,Owned,0.6,,1,0,36,,02 Feb 2026,Pending
CUST00934,Riya Chauhan,9516059856, riya.chauhan157@rediffmail.com ,60,  Female  ,Pune,Salaried - Healthcare,Salaried,-718491,2,Yes,no,Yes,no,763,"₹335,387",6449.75,Home Loan,"1,967,134",0,17.1,0.8,  Married  ,4,Owned,11.7,,2,Yes,120,2352915.0,05 Oct 2025,Verified
CUST00935,Divya Agarwal,98908 95511,"divya.agarwal45@outlook,com",27,F,Kochi,Salaried - Private,Salaried,N/A,2,YES,N,yes,N,417,873272.73,34930.91,Personal Loan,"561,491",1,32.9,4.3,Single,0,Rented,4.9,,0,false,60,,02/07/2026,Verified
CUST00936,Preeti Rathi,+91-9402632200,preeti.rathi311@outlook.com,30,  Male  ,Chennai,self employed - business,Self-Employed,1388512,1,NO,1,N,N,495,603325.32,22345.38,HOME LOAN,,1,33.5,0.8,Single,3,RENTED,8.2,264375.0,1,false,120,4787091.0,10/27/2025,Verified
CUST00937,Rahul Pandey,97160627,rahul.pandey419@gmail.com,45,male,Bombay,Salaried - IT/Tech,Salaried,2205053,0,No,No,0,no,427,"183,200",3738.78,Personal Loan,"819,274",0,95.1,14.4,Single,0,Owned,11.8,,1,0,12,,09/18/2025,Verified
CUST00938,sai nair,+91-9200111799,sai.nair203@gmail.com,54,Male,Hyderabad,Freelancer,Self-Employed,734398,2,1,no,false,1,537,,1326.77,Credit Card,253273,4,68.5,4.8,Married,2,Owned,17.3,185825.0,3,No,12,,24-01-2026,Verified
CUST00939,sneha kapoor,9665397101-XX,sneha.kapoor218@gmail.com,22,MALE,Hyderabad,Salaried - IT/Tech,Salaried,1783472,1,no,0,No,YES,456,"489,803",9070.43,Home Loan,6530174,0,10.2,10.9,Married,0,Company Provided,0.6,620541.0,1,Yes,300,7515757.0,,Verified
CUST00940,Reyansh Tiwari,,reyansh.tiwari403@rediffmail.com,39,Male,Kolkata,Salaried - Education,Salaried,"₹1,560,218",3,true,no,1,1,761,"328,201",20512.55,Credit Card,"202,285",1,95.1,3.8,Single,0,Owned,9.7,,0,0,12,,,Verified
CUST00941,Priya Verma,,PRIYA.VERMA954@OUTLOOK.COM,22,M,Jaipur,Business Owner,Self-Employed,1518835,0,No,false,N,NO,687,N/A,2263.35,Car Loan,,0,11.6,0.4,Single,1,Owned,1.0,,0,NO,24,1556833.0,2025-12-17,Verified
CUST00942,Ananya Agarwal,9432798029,,33,male,Bhopal,Freelancer,Self-Employed,,1,Yes,0,N,0,733,366037.33,26145.52,Car Loan,"₹349,547",0,13.8,4.4,Married,4,Owned,10.2,,0,no,84,413303.0,,Verified
CUST00943,Ashok Malhotra,, ashok.malhotra948@outlook.com ,44,male,Ahmedabad,Salaried - Government,Salaried,2313454,2,N,Yes,true,No,549,N/A,20980.06,Credit Card,"183,114",1,80.7,8.8,Married,1,Owned,16.6,,3,NO,36,,2025-12-24,Verified
CUST00944,Neha Reddy,9709804832,neha.reddy890@outlook.com,48,male,Jaipur,Freelancer,Self-Employed,"₹2,377,480",1,no,true,false,No,873,"1,173,548",26078.84,Home Loan,4264629,6,28.1,9.4,Single,2,Owned,12.4,675972.0,3,Yes,240,5518970.0,28-10-2025,Verified
CUST00945,Pooja Khanna,,POOJA.KHANNA400@HOTMAIL.COM,23,F,Bombay,Salaried - Healthcare,Salaried,"₹1,826,045",1,N,Yes,N,N,773,"₹665,621",35032.67,Credit Card,"223,728",0,7.3,10.5,Married,2,Company Provided,0.9,376695.0,0,no,36,,02-09-2025,Verified
CUST00946,Nikhil Pandey,,nikhil.pandey662@outlook.com,44,M,Mumbai,Self Employed - Professional,Self-Employed,,2,Y,true,false,0,853,766057.49,20704.26,Personal Loan,,0,62.4,12.8,Married,0,Company Provided,9.1,185933.0,0,yes,12,,02-08-2026,Verified
CUST00947,Vihaan Gupta,99782953,,25,M,Bengaluru,Business Owner,Self-Employed,"1,107,514",0,false,N,NO,no,826,"₹9,071",533.57,Personal Loan,51265,0,75.3,7.8,Single,0,Rented,2.8,,1,NO,60,,03/21/2026,Verified
CUST00948,Aryan Pandey,9334130786-XX,aryan.pandey76@gmail.com,37,Female,Kochi,Salaried - Government,Salaried,,0,NO,NO,NO,false,722,-202985.24,5799.58,car loan,1178687,0,18.2,14.8,SINGLE,2,Owned,2.5,,1,NO,60,1431385.0,2025/10/27,Verified
CUST00949,Arjun Mishra,9776127827,arjun.mishra643 at yahoo.com,22,Male,Pune,Salaried - Education,Salaried,"₹1,398,062",0,false,No,false,N,818,"26,462",508.88,Credit Card,N/A,3,46.3,0.4,Married,0,Rented,0.3,,0,NO,24,,,Verified
CUST00950,Shreya Singh,+91-9781895408,SHREYA.SINGH825@HOTMAIL.COM,50,male,Kolkata,Salaried - Education,Salaried,"1,308,309",2,YES,Yes,no,N,469,"734,968",22967.75,Personal Loan,694770,0,29.4,4.7,married,2,Owned,26.8,,1,no,48,,,Verified
CUST00951,Manju Kumar,,manju.kumar317@yahoo.com,35,male,Indore,Salaried - IT/Tech,Salaried,,0,No,no,NO,NO,387,33800.84,1056.28,Car Loan,"416,992",3,91.4,10.5,Married,1,Rented,8.7,417248.0,0,false,84,498700.0,13 Mar 2026,Pending
CUST00952,Neha Patel,92248008,neha.patel423@yahoo.com,46,F,Mumbai,Self Employed - Professional,Self-Employed,"911,337",2,1,NO,Y,NO,479,N/A,10011.12,Home Loan,"₹5,429,283",2,73.5,14.6,  Single  ,0,Rented,24.4,,0,0,360,7548971.0,2025-11-08,Verified
CUST00953,Tanya Nair,98324955,tanya.nair88@gmail.com,25,Female,Pune,Salaried - Education,Salaried,"2,212,810",1,Yes,0,N,false,702,"₹1,271,713",31017.39,Home Loan,2373027,0,39.7,8.4,Single,0,Owned,3.2,,0,yes,120,3169839.0,2026-05-13,Verified
CUST00954,NISHA PATEL,97746090,nisha.patel259@rediffmail.com,29,F,Ahmedabad,Self Employed - Business,Self-Employed,"764,018",1,Y,NO,No,NO,385,,1968.47,Personal Loan,"₹801,062",0,38.5,13.8,Married,0,Owned,1.3,486892.0,0,No,60,,2026-04-23,Verified
CUST00955,Ramesh Gupta,95690679,"ramesh.gupta699@yahoo,com",52,female,Pune,Salaried - Education,Salaried,,1,yes,no,0,NO,393,N/A,52702.65,Credit Card,210543,4,8.1,1.9,  Married  ,2,  Owned  ,4.1,,0,No,12,,11-12-2025,Verified
CUST00956,Tanya Singh,09238514760,tanya.singh247@outlook.com,23,M,Kochi,Self Employed - Professional,Self-Employed,311830,2,No,true,false,true,581,,901.23,Car Loan,729310,1,98.2,11.6,Married,4,Owned,1.3,,1,N,60,888334.0,01-04-2026,Verified
CUST00957,SUNITA BHATT,9605995936,sunita.bhatt745@outlook.com,21,F,Pune,Salaried - Private,Salaried,1366356,3,Yes,no,1,Yes,401,"357,352",12762.57,Home Loan,,0,56.9,4.5,Single,2,OWNED,0.3,,0,N,180,1989081.0,25 Mar 2026,Verified
CUST00958,Rohan Desai,9103857880,rohan.desai601@yahoo.com,39,  Male  ,Hyderabad,Salaried - Healthcare,Salaried,325464,2,YES,1,NO,0,886,191026.19,5027.01,credit card,403153,2,23.5,5.1,Married,1,Owned,4.6,645494.0,3,Yes,24,,10 May 2026,Verified
CUST00959,Aryan Kapoor,+91-9795700566,aryan.kapoor456 at outlook.com,36,female,Jaipur,Salaried - Private,Salaried,"1,583,719",1,Y,NO,N,0,503,"₹566,162",40440.11,Credit Card,65581,0,36.3,2.6,Married,2,Owned,3.0,,0,N,36,,15-09-2025,Verified
CUST00960,Tanya Nair,9670719782,tanya.nair602@gmail.com,36,Male,Jaipur,Salaried - Healthcare,Salaried,,1,1,NO,no,N,742,,3168.48,Personal Loan,N/A,1,89.8,5.6,Single,4,Rented,10.0,,2,N,36,,2026/06/10,Verified
CUST00961,Ananya Kapoor,9632495830,ananya.kapoor614@rediffmail.com,26,male,Pune,Business Owner,Self-Employed,"1,237,425",1,true,false,no,N,446,"₹328,278",11724.21,Car Loan,518271,0,42.0,8.3,Divorced,3,Company Provided,3.0,,0,false,48,612524.0,2025/11/19,Verified
CUST00962,Sunil Reddy,09316270437,sunil.reddy389@rediffmail.com,59,female,delhi,Salaried - Private,Salaried,"₹2,455,947",2,Y,false,NO,true,819,,20813.98,Personal Loan,57374,2,92.5,4.4,Single,2,Rented,22.0,,1,No,60,,10/29/2025,Verified
CUST00963,Rajesh Khanna,94525736,,24,F,Pune,Freelancer,Self-Employed,,0,false,N,NO,no,449,"₹119,993",2068.84,Home Loan,"5,799,409",2,56.9,11.6,Single,4,Rented,2.2,832026.0,1,0,300,7013243.0,2026/06/22,Verified
CUST00964,  Radhika Bansal  ,99406924,radhika.bansal966@outlook.com,38,female,Bhopal,Salaried - IT/Tech,Salaried,1599004,2,1,0,Yes,0,474,713620.14,35681.01,Home Loan,"6,870,802",3,37.6,9.9,Married,1,Owned,9.8,,0,no,240,8329964.0,,Verified
CUST00965,Sneha Reddy,9756296671,sneha.reddy529@outlook.com,61,Male,Bhopal,Salaried - Education,Salaried,"1,826,199",1,yes,NO,no,NO,808,N/A,6693.34,Credit Card,"218,399",1,34.4,12.4,DIVORCED,2,Rented,28.7,897059.0,1,no,36,,2026-04-21,Pending
CUST00966,Reyansh Sethi,,"reyansh.sethi653@yahoo,com",41,MALE,mumbai ,Business Owner,Self-Employed,2430123,2,1,No,true,no,813,468839.02,39069.92,Personal Loan,998111,0,60.3,9.1,Married,2,Rented,1.2,215249.0,3,NO,48,,03-02-2026,Verified
CUST00967,Neha Rao,9436684605,neha.rao712@outlook.com,28,F,Bhopal,Self Employed - Business,Self-Employed,"₹1,400,928",3,NO,yes,1,Y,574,N/A,25325.53,Car Loan,1188942,3,36.3,0.7,Married,1,Owned,5.0,,0,true,24,1258128.0,23-10-2025,Verified
CUST00968,ARJUN REDDY,95489278,ARJUN.REDDY998@OUTLOOK.COM,37,FEMALE,Jaipur,Business Owner,Self-Employed,,2,Yes,true,N,0,395,,53091.53,Home Loan,7179094,2,79.6,12.7,Married,1,owned,14.5,262070.0,3,0,120,8910472.0,2026-01-24,Verified
CUST00969,Kritika Tiwari,09478709976,,37,female,Kanpur,Salaried - Healthcare,Salaried,"₹1,726,522",1,0,yes,N,no,640,,10327.91,Home Loan,"₹5,587,672",2,62.5,10.1,Single,0,Rented,8.0,,0,N,120,6793007.0,2026/03/24,Verified
CUST00970,Divya Patel,,divya.patel760@yahoo.com,46,M,Chennai,Salaried - Education,Salaried,,2,true,false,Yes,NO,683,212285.27,3859.73,Credit Card,"229,930",0,78.5,0.7,Single,3,Owned,18.1,,1,No,12,,12/10/2025,Verified
CUST00971,Dhruv Nair,+91-9432149914,dhruv.nair627@gmail.com,50,M,Chandigarh,Self Employed - Business,Self-Employed,780269,1,true,No,0,0,543,353419.34,13593.05,Credit Card,N/A,1,59.9,5.8,Single,0,Owned,10.0,213780.0,0,false,12,,08-06-2026,Verified
CUST00972,Ishaan Desai,93503682,ishaan.desai669@hotmail.com,49,Female,Kolkata,Business Owner,Self-Employed,527084,1,Y,N,false,No,848,281190.38,12781.38,  Personal Loan  ,115157,0,19.3,10.5,Married,2,Rented,26.9,,0,true,60,,2025-09-22,Verified
CUST00973,Amit Malhotra,98555 79708,,53,M,Chennai,Salaried - IT/Tech,Salaried,"2,359,695",1,true,N,NO,NO,319,N/A,32701.95,Home Loan,2805531,2,29.4,12.3,Married,1,Owned,16.6,,0,NO,360,3409331.0,2026-04-09,  Verified  
CUST00974,deepak tiwari,97506 83028,deepak.tiwari280 at hotmail.com,41,F,Bhopal,Business Owner,Self-Employed,"521,701",1,0,1,false,false,764,"₹298,464",14212.56,Car Loan,N/A,0,10.8,9.1,Married,4,  Rented  ,13.8,632926.0,0,no,24,656614.0,2025/12/04,Verified
CUST00975,Arjun Mishra,96539 92744,arjun.mishra965@hotmail.com,23,Female,Nagpur,Salaried - Education,Salaried,2461371,2,1,yes,No,no,711,,13291.36,Car Loan,"434,435",0,60.4,3.0,Married,0,Rented,0.7,,0,yes,84,515733.0,10/07/2025,Verified
CUST00976,Kiran Sharma,9190989760-XX, kiran.sharma591@rediffmail.com ,26,female,  Coimbatore  ,Salaried - Private,Salaried,,3,Y,false,1,Yes,826,"₹1,164,809",21178.35,Home Loan,"₹5,576,015",4,14.8,2.7,Married,2,Rented,0.6,,0,0,300,7771629.0,18 Jun 2026,Verified
CUST00977,tanya bansal,9507277898,,62,Female,Indore,Salaried - Government,Salaried,,3,YES,1,YES,0,300,16149.42,384.51,Credit Card,,0,57.8,5.6,Single,0,Owned,10.6,505167.0,1,Yes,18,,2026/08/21,Verified
CUST00978,Kabir Verma,+91-9187948464,kabir.verma13@yahoo.com,60,female,Kanpur,Business Owner,Self-Employed,N/A,0,NO,no,N,0,641,91417.81,1828.36,Home Loan,,1,76.1,6.9,Married,3,Owned,4.8,,1,No,240,5526054.0,11/18/2025,Verified
CUST00979,Sai Chopra,94051 71866,sai.chopra116@outlook.com,34,female,Surat,Salaried - Private,Salaried,1836742,2,true,no,Y,false,535,"₹957,014",24538.82,Home Loan,"₹7,720,644",1,79.4,9.2,Married,0,rented,5.1,,2,N,300,10358830.0,2026/04/17,Verified
CUST00980,Mahesh Verma,,mahesh.verma372 at rediffmail.com,40,M,Kochi,Freelancer,Self-Employed,630682,3,YES,false,yes,1,645,190459.31,8657.24,Car Loan,"394,650",2,47.2,4.1,Married,2,Rented,4.2,723639.0,0,yes,84,461043.0,10/14/2025,Verified
CUST00981,Sai Tiwari,+91-9160938864,,44,Male,coimbatore,Salaried - IT/Tech,Salaried,"₹2,021,168",0,N,N,false,No,629,120553.43,5479.7,Credit Card,"₹147,277",0,59.8,1.9,SINGLE,0,Rented,16.7,356249.0,3,No,12,,11/13/2025,Verified
CUST00982,Rekha Malhotra,9384216486-XX,rekha.malhotra159@outlook.com,60,Female,Chennai,Salaried - Private,Salaried,"₹1,704,867",1,no,yes,0,N,829,889673.74,21182.71,Credit Card,"₹396,575",1,97.0,12.8,Single,1,Rented,18.4,,0,no,24,,2025/11/23,Verified
CUST00983,  Rita Kapoor  ,92113 40208,rita.kapoor494@rediffmail.com,37,female,Kolkata,Salaried - Government,Salaried,,1,yes,no,No,no,577,"₹289,066",13765.07,PERSONAL LOAN,494410,0,94.6,6.5,Single,2,Rented,9.6,,0,N,36,,2026/01/15,Verified
CUST00984,Amit Sethi,+91-9585244416,amit.sethi777@outlook.com,,MALE,Jaipur,Salaried - Private,Salaried,784637,1,N,no,Yes,no,518,195821.32,16318.44,car loan,1212186,0,48.1,10.0,Married,2,Owned,1.7,602108.0,0,false,72,1342215.0,,Verified
CUST00985,Rahul Malhotra,9871770122,rahul.malhotra808 at outlook.com,47,F,Bengaluru,Salaried - Healthcare,Salaried,N/A,0,N,No,0,N,545,"175,119",11674.62,Home Loan,"1,736,750",2,36.9,3.9,Married,1,Owned,10.0,247902.0,1,No,180,2020213.0,08-04-2026,Pending
CUST00986,KABIR RATHI,9798541955,kabir.rathi733@hotmail.com,25,female,Kolkata,Salaried - IT/Tech,Salaried,,1,1,0,0,no,407,,7564.32,Personal Loan,620012,2,51.7,12.7,Married,1,Rented,0.5,,0,0,36,,02/19/2026,Verified
CUST00987,Sneha Mehta,96514 73196,sneha.mehta411@hotmail.com,35,Female,Indore,Salaried - Healthcare,Salaried,N/A,2,true,false,Y,false,834,,8150.15,Credit Card,"₹109,839",5,54.7,8.2,married,0,Company Provided,11.7,,0,yes,24,,2025-11-23,Verified
CUST00988,Manju Patel,+91-9843758464,manju.patel861@rediffmail.com,39,F,Delhi,Salaried - Healthcare,Salaried,,3,Y,YES,YES,false,853,"₹315,430",7693.42,Credit Card,"₹435,587",2,87.2,3.3,Married,0,Rented,17.0,,3,no,36,,04/29/2026,Verified
CUST00989,Krishna Malhotra,96815155,krishna.malhotra720@outlook.com,32,Female,Chennai,Freelancer,Self-Employed,"2,240,991",1,no,0,no,YES,817,1336448.19,31820.19,Home Loan,,0,30.5,14.6,Divorced,0,Owned,6.0,,0,0,240,7882562.0,02/17/2026,Verified
CUST00990,Kabir Reddy,9798333855,kabir.reddy133 at hotmail.com,52,male,Delhi,Salaried - IT/Tech,Salaried,,1,1,N,N,false,362,-952779.42,23238.52,Personal Loan,"831,675",1,83.4,2.7,Married,3,Owned,27.4,272413.0,0,no,24,,02/11/2026,Verified
CUST00991,Nikhil Khanna,9540818891,NIKHIL.KHANNA534@REDIFFMAIL.COM,65,Male,Bhopal,Business Owner,Self-Employed,462225,2,Y,Y,N,false,370,99753.27,2035.78,Home Loan,N/A,3,32.1,13.1,Married,2,Rented,29.6,606542.0,0,YES,360,9025411.0,08-01-2026,Verified
CUST00992,Saanvi Joshi,99011 30413,saanvi.joshi234@yahoo.com,32,F,Bengaluru,Self Employed - Business,Self-Employed,,1,1,no,No,false,748,"25,911",479.84,Home Loan,,0,63.4,14.1,Married,2,Rented,10.6,,0,0,360,3709333.0,2025-12-09,Verified
CUST00993,Krishna Tiwari,,krishna.tiwari231@yahoo.com,57,Male,Hyderabad,Self Employed - Professional,Self-Employed,2416255,1,1,NO,false,no,553,N/A,10976.6,Credit Card,"188,017",4,57.1,15.0,Married,2,Company Provided,11.2,492776.0,2,0,36,,2026-04-17,Verified
CUST00994,Rajesh Mishra,9583024678,rajesh.mishra503@yahoo.com,53,FEMALE,Bengaluru,Salaried - Healthcare,Salaried,1897910,1,Yes,no,No,NO,895,"₹760,438",25347.95,Car Loan,,0,37.6,8.6,Divorced,0,Owned,26.9,621895.0,0,false,24,1522712.0,26 Jan 2026,Verified
CUST00995,Manju Sethi,94073 31728,manju.sethi920@gmail.com,56,Male,Kanpur,Self Employed - Business,Self-Employed,,2,YES,N,No,true,363,911819.05,16885.54,Personal Loan,,2,42.5,4.8,Single,2,Rented,3.0,,0,false,36,,02/05/2026,Verified
CUST00996,Preeti Reddy,9143336417,PREETI.REDDY809@YAHOO.COM,51,Female,Jaipur,Business Owner,Self-Employed,"1,149,267",1,1,0,N,no,358,"130,019",2241.7,Car Loan,"807,452",0,94.0,11.8,SINGLE,1,Company Provided,0.6,,1,Y,60,885541.0,21-07-2026,Verified
CUST00997,Kiran Sharma,9718340557,kiran.sharma257@gmail.com,32,M,Coimbatore,Salaried - Private,Salaried,1817068,0,0,no,N,false,896,103242.73,1811.28,Credit Card,-168013,5,50.5,13.7,Married,3,Rented,10.0,454977.0,0,1,12,,23-10-2025,Verified
CUST00998,manish yadav,9883682170, manish.yadav239@outlook.com ,53,FEMALE,Chandigarh,Salaried - Government,Salaried,1147788,1,true,N,false,false,772,"₹294,421",7747.91,Credit Card,N/A,1,32.6,2.1,Single,0,rented,18.7,,1,0,18,,15-09-2025,Verified
CUST00999,  Radhika Bhatia  ,+91-9427829893,radhika.bhatia574 at gmail.com,31,male,Coimbatore,Freelancer,Self-Employed,594589,0,N,N,N,N,492,N/A,144.95,Credit Card,374471,1,61.1,7.8,Married,0,Owned,9.7,,1,0,18,,2025/12/23,VERIFIED
CUST01000,Manju Bhatia,9772200292-XX,manju.bhatia409 at hotmail.com,24,Female,BENGALURU,Business Owner,Self-Employed,,1,true,false,N,no,394,N/A,5538.74,Home Loan,3937412,0,82.2,0.6,Married,0,  Owned  ,2.4,,0,N,360,4890147.0,09-09-2025,Pending
CUST00342,Sunita Mishra,96194168,sunita.mishra386@hotmail.com,59,MALE,Kochi,Freelancer,Self-Employed,,1,Yes,N,false,false,713,,4326.37,Personal Loan,"₹292,959",0,15.1,14.0,Married,2,Company Provided,24.3,,0,1,24,,2026-03-10,  Verified  
CUST00728,Diya Joshi,+91-9264212912,DIYA.JOSHI776@OUTLOOK.COM,21,FEMALE,Ahmedabad,Salaried - IT/Tech,Salaried,"₹2,358,365",1,yes,No,false,No,498,,13377.81,Car Loan,"1,148,726",0,9.9,7.5,Married,0,Rented,0.3,,0,0,72,1381181.0,25-11-2025,Pending
CUST00207,Krishna Shah,9275351550,krishna.shah55 at outlook.com,44,female,Kanpur,Salaried - Private,Salaried,N/A,2,YES,0,1,no,487,,13908.89,Personal Loan,,0,35.0,12.7,Single,1,Rented,8.5,,0,0,24,,2026-05-18,Verified
CUST00389,Rajesh Joshi,98348 29245,rajesh.joshi94@outlook.com,22,female,Coimbatore,Freelancer,Self-Employed,"1,109,633",1,no,Y,no,0,479,314360.51,5515.1,Personal Loan,"388,400",0,11.2,0.7,Married,1,Rented,0.6,282658.0,0,false,60,,2026/02/11,Verified
,mahesh shah,+91-9104692647,mahesh.shah191@yahoo.com,33,female,chandigarh,Business Owner,Self-Employed,,1,Y,false,N,0,440,"₹73,123",1624.94,Car Loan,"408,925",1,24.3,9.8,Married,0,Rented,8.3,,3,No,36,445161.0,,Verified
CUST00028,Rahul Kapoor,+91-9691916368,,33,MALE,Banglore,Salaried - IT/Tech,Salaried,"2,040,394",2,true,N,false,true,605,1025268.51,20923.85,Home Loan,N/A,0,51.0,5.1,Single,1,Company Provided,10.5,,0,N,300,3188454.0,25 Apr 2026,Verified
CUST00023,Vihaan Bhatt,09413679331,vihaan.bhatt715@yahoo.com,61,F,Hyderabad,Salaried - Private,Salaried,"₹1,492,605",3,yes,no,Y,Yes,,"102,172",6385.76,Home Loan,"₹5,625,069",0,64.8,1.0,married,2,Owned,29.8,723333.0,1,NO,180,7559662.0,08-03-2026,Verified
CUST00636,Sai Joshi,9760348367-XX,sai.joshi458@yahoo.com,47,F,Kochi,Salaried - Government,Salaried,,3,1,Y,0,YES,524,511874.11,13124.98,Home Loan,,2,75.8,10.7,Married,1,Owned,4.4,557979.0,0,0,240,2191644.0,,Verified
CUST00360,  Anjali Nair  ,91932 69322,anjali.nair886@yahoo.com,38,F,Kanpur,Salaried - Government,Salaried,1232988,0,0,0,0,No,825,,5179.18,Car Loan,,0,93.6,12.0,Married,3,Rented,15.0,625873.0,0,false,60,465819.0,2025-12-16,Verified
CUST00115,Rohan Joshi,,,29,F,Indore,Salaried - Education,Salaried,"₹2,099,463",1,NO,0,true,No,682,N/A,37399.39,Personal Loan,,2,64.5,3.9,Single,1,Owned,3.3,,0,no,36,,2026/01/21,Verified
CUST00127,Usha Chauhan,9575736188,usha.chauhan850@yahoo.com,61,F,Coimbatore,Self Employed - Professional,Self-Employed,,2,true,Y,no,false,477,490263.32,25803.33,Home Loan,-1840864,0,57.9,2.1,Married,1,Owned,21.4,265278.0,0,no,360,2505020.0,,Verified
CUST00053,Ananya Mishra,+91-9399240862,ananya.mishra256@gmail.com,,M,chandigarh,Freelancer,Self-Employed,1923142,1,NO,1,No,NO,519,1149690.96,38323.03,Home Loan,,0,86.0,6.9,Single,1,Owned,0.8,,0,no,120,4093240.0,2026-01-21,Verified
CUST00473,Amit Gupta,+91-9663987043,amit.gupta955@outlook.com,49,MALE,SURAT,Self Employed - Business,Self-Employed,2128270,2,YES,No,1,N,833,N/A,5016.12,Credit Card,320212,2,79.5,14.3,Single,0,Rented,26.4,,0,false,18,,2026-06-30,Verified
CUST00154,Manish Reddy,9487005172, manish.reddy909@gmail.com ,63,Male,Hyderabad,Self Employed - Professional,Self-Employed,2121005,3,YES,Yes,false,Yes,548,"11,364",811.73,Home Loan,7274772,1,40.3,1.5,married,0,rented,27.9,,1,0,180,9641488.0,19-10-2025,Verified
CUST00215,Radhika Chopra,97624339, radhika.chopra693@outlook.com ,39,Female,Delhi,Salaried - Private,Salaried,"₹489,240",1,Yes,No,No,No,649,N/A,2864.49,Car Loan,,0,10.4,3.8,Married,1,Owned,12.5,,0,0,72,1170371.0,2026/04/18,Verified
CUST00927,Krishna Sharma,9936556320-XX,krishna.sharma1@hotmail.com,48,F,Lucknow,Salaried - Private,Salaried,"1,512,832",1,Y,NO,NO,No,667,"₹606,020",15947.91,Home Loan,,4,34.1,10.4,Single,1,COMPANY PROVIDED,13.8,,1,No,120,7397046.0,2026-03-27,verified
CUST00591,Aditya Chauhan,9846735731,aditya.chauhan917@yahoo.com,51,  Female  ,Chennai,Self Employed - Professional,Self-Employed,1113046,1,no,YES,0,NO,683,575592.61,44276.35,Credit Card,225851,1,40.8,12.8,Married,1,Owned,19.1,,0,no,36,,02-02-2026,Verified
CUST00315,Simran Joshi,+91-9328315290,SIMRAN.JOSHI720@HOTMAIL.COM,28,FEMALE,Bhopal,Salaried - Private,Salaried,,2,0,yes,Y,N,689,"35,689",1019.68,Home Loan,"₹5,471,247",0,25.1,0.5,Single,1,Owned,1.5,355429.0,0,N,300,7483694.0,05/21/2026,Verified
CUST00986,KABIR RATHI,9798541955,kabir.rathi733@hotmail.com,25,female,Kolkata,Salaried - IT/Tech,Salaried,,1,1,0,0,no,407,,7564.32,Personal Loan,620012,2,51.7,12.7,Married,1,Rented,0.5,,0,0,36,,02/19/2026,Verified
CUST00583,Aarav Bansal,9291126315,aarav.bansal865@hotmail.com,27,Male,Lucknow,Self Employed - Business,Self-Employed,"₹2,092,660",1,1,NO,N,no,751,66848.07,1392.67,Personal Loan,,0,48.9,12.2,Married,2,Owned,3.1,,2,0,60,,06/15/2026,Verified
CUST00068,Mahesh Bhatia,9679069250,mahesh.bhatia137@outlook.com,28,MALE,Coimbatore,Salaried - Education,Salaried,,3,false,yes,Yes,Yes,605,"231,724",3995.24,Home Loan,5962182,0,26.8,7.0,Married,0,Rented,5.4,645148.0,1,Y,120,7215233.0,29-09-2025,Verified
CUST00364,Sai Chauhan,9856698632,,56,M,New Delhi,Freelancer,Self-Employed,1182747,3,Y,YES,1,N,534,"205,931",9360.5,Car Loan,,0,57.5,3.9,Married,3,Rented,15.9,,1,NO,48,1104975.0,21-12-2025,  Verified  
CUST00200,Lata Iyer,95853 08092, lata.iyer636@outlook.com ,64,F,Pune,Business Owner,Self-Employed,"₹666,199",1,Yes,no,0,0,,65860.25,3466.33,Personal Loan,"₹570,438",0,24.4,14.3,Married,1,Rented,28.0,,0,no,12,,2026-01-22,Verified
CUST00363,Manju Bhatia,9940555052,MANJU.BHATIA419@GMAIL.COM,56,  Female  ,jaipur,salaried - healthcare,Salaried,2024819,1,YES,0,0,no,574,"₹589,836",22686.01,Car Loan,,0,43.9,8.7,Married,0,Rented,28.5,,0,NO,24,490676.0,2025-09-05,Verified
CUST00252,Divya Kapoor,9632119301,divya.kapoor371@rediffmail.com,23,M,Delhi,SALARIED - IT/TECH,Salaried,,1,Y,0,no,No,885,-999188.96,16935.41,Personal Loan,,0,12.1,3.9,Married,1,RENTED,0.5,,2,no,36,,01/01/2026,Verified
CUST00091,Vihaan Rathi,99523 12670,vihaan.rathi978@yahoo.com,52,female,Hyderabad,Self Employed - Professional,Self-Employed,,2,NO,YES,N,YES,669,,67113.7,Home Loan,6267920,0,56.9,2.8,Married,4,Owned,17.7,311807.0,2,yes,300,8001957.0,13 Jul 2026,Verified
CUST00180,Anjali Kumar,9735830320,anjali.kumar611@hotmail.com,41,male,Bhopal,Self Employed - Business,Self-Employed,"1,591,995",2,0,YES,true,N,688,,5900.74,Credit Card,"₹67,465",0,18.2,8.8,Single,3,Rented,13.3,,0,no,36,,2025/12/04,Verified
CUST00012,Rahul Pandey,, rahul.pandey363@rediffmail.com ,47,F,AHMEDABAD,Self Employed - Business,Self-Employed,N/A,1,No,true,NO,no,721,501851.51,8505.96,Personal Loan,"₹329,766",0,71.6,5.9,Married,1,Owned,23.9,765402.0,2,NO,24,,2026-03-18,Verified
CUST00664,Amit Saxena,,amit.saxena662@yahoo.com,32,female,Hyderabad,Salaried - Government,Salaried,,2,Yes,false,No,1,690,,1587.22,Credit Card,98281,1,47.6,9.9,Married,3,Rented,0.6,744317.0,0,No,18,,,Verified
CUST00809,arjun verma,9402629335,arjun.verma63@outlook.com,36,MALE,Kanpur,Salaried - Education,Salaried,1914647,0,0,NO,no,NO,495,"100,029",1887.34,CREDIT CARD,"163,885",1,25.6,4.8,Married,2,Owned,9.5,841631.0,0,0,24,,12-04-2026,Verified
CUST00408,Krishna Rathi,9253110789,krishna.rathi231@gmail.com,27,FEMALE,Surat,Salaried - Government,Salaried,"₹1,347,648",2,1,1,no,N,773,,12009.45,Car Loan,"576,209",0,40.6,2.3,Single,3,Rented,4.9,,1,yes,24,621494.0,12-09-2025,Verified
CUST00274,Manish Mishra,97316 91986,manish.mishra73@hotmail.com,23,male,Nagpur,Self Employed - Business,Self-Employed,1114652,0,no,0,false,N,656,,1321.01,Car Loan,,2,93.0,11.1,Married,0,Rented,1.4,,1,No,48,493045.0,2026/08/09,Verified
CUST00003,Vikram Khanna,,vikram.khanna705@rediffmail.com,35,Female,delhi,Self Employed - Professional,Self-Employed,434638,1,NO,false,YES,0,880,228541.6,7141.93,PERSONAL LOAN,"₹737,277",1,89.0,9.7,Married,0,Rented,7.7,,0,NO,36,,16 Dec 2025,Pending
CUST00961,Ananya Kapoor,9632495830,ananya.kapoor614@rediffmail.com,26,male,Pune,Business Owner,Self-Employed,"1,237,425",1,true,false,no,N,446,"₹328,278",11724.21,Car Loan,518271,0,42.0,8.3,Divorced,3,Company Provided,3.0,,0,false,48,612524.0,2025/11/19,Verified
CUST00485,Dhruv Sethi,9608124995,dhruv.sethi672 at gmail.com,44,M,  Nagpur  ,self employed - professional,Self-Employed,1747394,2,true,true,0,NO,491,"₹851,874",20777.42,Home Loan,"₹7,448,711",4,47.7,12.3,Single,2,RENTED,22.0,,2,NO,180,10343074.0,2026/03/26,Verified
CUST00074,Preeti Khanna,92924863,preeti.khanna110 at gmail.com,54,M,Ahmedabad,Self Employed - Professional,Self-Employed,"₹1,358,718",1,N,yes,0,0,715,"₹374,189",13858.86,PERSONAL LOAN,,2,85.5,9.9,SINGLE,2,Owned,11.6,,0,false,24,,2025/10/07,Verified
CUST00489,Sai Mehta,97945 42361,sai.mehta252@hotmail.com,22,F,Chennai,Salaried - IT/Tech,Salaried,"₹1,008,932",0,false,N,no,0,508,"₹73,567",2101.93,CREDIT CARD,"₹421,128",5,34.4,8.2,Married,0,Company Provided,0.9,,0,0,24,,2025/11/25,Verified
CUST00871,Arjun Desai,9824041303,arjun.desai193@gmail.com,,Female,Kochi,Salaried - Healthcare,Salaried,1120386,1,true,N,NO,N,380,"234,785",4603.62,Car Loan,651875,2,51.5,9.1,Married,2,Rented,7.3,,1,false,24,803980.0,06/05/2026,Pending
,Vihaan Desai,9296120509,vihaan.desai240@outlook.com,35,MALE,Chandigarh,Salaried - Education,Salaried,N/A,0,NO,false,N,0,710,26216.59,546.18,credit card,360281,8,40.2,8.1,Single,0,Rented,3.7,,0,N,12,,22-05-2026,Verified
CUST00853,DIVYA SETHI,,divya.sethi860@yahoo.com,24,Female,Ahmedabad,Self Employed - Business,Self-Employed,,2,Yes,no,YES,no,402,-499983.74,16128.51,Car Loan,862991,0,77.3,8.4,Single,0,Company Provided,0.4,,0,NO,48,907404.0,,Verified
,,,,,,,,,,,,,,,,,,,,,,,,,,,,,,,,,
,,,,,,,,,,,,,,,,,,,,,,,,,,,,,,,,,
,,,,,,,,,,,,,,,,,,,,,,,,,,,,,,,,,
,,,,,,,,,,,,,,,,,,,,,,,,,,,,,,,,,
,,,,,,,,,,,,,,,,,,,,,,,,,,,,,,,,,
,,,,,,,,,,,,,,,,,,,,,,,,,,,,,,,,,
,,,,,,,,,,,,,,,,,,,,,,,,,,,,,,,,,
,,,,,,,,,,,,,,,,,,,,,,,,,,,,,,,,,
